{"level":"info","message":"Socket.IO 服务器已启动","timestamp":"2025-08-11 22:08:04"}
{"level":"info","message":"Socket.IO 服务器已启动","timestamp":"2025-08-12 08:24:16"}
{"level":"info","message":"获取会话列表 - 请求参数: page=1, limit=10, userId=user_id_from_token","timestamp":"2025-08-12 09:28:51"}
{"level":"warn","message":"无效的用户ID格式: user_id_from_token","timestamp":"2025-08-12 09:28:51"}
{"level":"info","message":"获取系统消息 - 请求参数: page=1, limit=20, userId=user_id_from_token","timestamp":"2025-08-12 09:28:51"}
{"level":"warn","message":"无效的用户ID格式: user_id_from_token","timestamp":"2025-08-12 09:28:51"}
{"level":"info","message":"获取会话列表 - 请求参数: page=1, limit=10, userId=user_id_from_token","timestamp":"2025-08-12 09:28:51"}
{"level":"warn","message":"无效的用户ID格式: user_id_from_token","timestamp":"2025-08-12 09:28:51"}
{"level":"info","message":"获取系统消息 - 请求参数: page=1, limit=20, userId=user_id_from_token","timestamp":"2025-08-12 09:28:51"}
{"level":"warn","message":"无效的用户ID格式: user_id_from_token","timestamp":"2025-08-12 09:28:51"}
{"level":"error","message":"Socket.IO 认证失败: invalid signature","name":"JsonWebTokenError","stack":"JsonWebTokenError: invalid signature\n    at D:\\0振涛\\项目\\20250810\\first-yf\\api\\node_modules\\jsonwebtoken\\verify.js:171:19\n    at getSecret (D:\\0振涛\\项目\\20250810\\first-yf\\api\\node_modules\\jsonwebtoken\\verify.js:97:14)\n    at module.exports [as verify] (D:\\0振涛\\项目\\20250810\\first-yf\\api\\node_modules\\jsonwebtoken\\verify.js:101:10)\n    at SocketIOService.authenticateSocket (D:\\0振涛\\项目\\20250810\\first-yf\\api\\utils\\socketio.js:53:27)\n    at Array.<anonymous> (D:\\0振涛\\项目\\20250810\\first-yf\\api\\utils\\socketio.js:30:12)\n    at run (D:\\0振涛\\项目\\20250810\\first-yf\\api\\node_modules\\socket.io\\dist\\namespace.js:130:19)\n    at Namespace.run (D:\\0振涛\\项目\\20250810\\first-yf\\api\\node_modules\\socket.io\\dist\\namespace.js:141:9)\n    at Namespace._add (D:\\0振涛\\项目\\20250810\\first-yf\\api\\node_modules\\socket.io\\dist\\namespace.js:218:14)\n    at process.processTicksAndRejections (node:internal/process/task_queues:105:5)","timestamp":"2025-08-12 09:28:51"}
{"level":"error","message":"Socket.IO 认证失败: invalid signature","name":"JsonWebTokenError","stack":"JsonWebTokenError: invalid signature\n    at D:\\0振涛\\项目\\20250810\\first-yf\\api\\node_modules\\jsonwebtoken\\verify.js:171:19\n    at getSecret (D:\\0振涛\\项目\\20250810\\first-yf\\api\\node_modules\\jsonwebtoken\\verify.js:97:14)\n    at module.exports [as verify] (D:\\0振涛\\项目\\20250810\\first-yf\\api\\node_modules\\jsonwebtoken\\verify.js:101:10)\n    at SocketIOService.authenticateSocket (D:\\0振涛\\项目\\20250810\\first-yf\\api\\utils\\socketio.js:53:27)\n    at Array.<anonymous> (D:\\0振涛\\项目\\20250810\\first-yf\\api\\utils\\socketio.js:30:12)\n    at run (D:\\0振涛\\项目\\20250810\\first-yf\\api\\node_modules\\socket.io\\dist\\namespace.js:130:19)\n    at Namespace.run (D:\\0振涛\\项目\\20250810\\first-yf\\api\\node_modules\\socket.io\\dist\\namespace.js:141:9)\n    at Namespace._add (D:\\0振涛\\项目\\20250810\\first-yf\\api\\node_modules\\socket.io\\dist\\namespace.js:218:14)\n    at process.processTicksAndRejections (node:internal/process/task_queues:105:5)","timestamp":"2025-08-12 09:42:23"}
{"level":"info","message":"获取会话列表 - 请求参数: page=1, limit=10, userId=user_id_from_token","timestamp":"2025-08-12 09:42:23"}
{"level":"warn","message":"无效的用户ID格式: user_id_from_token","timestamp":"2025-08-12 09:42:23"}
{"level":"info","message":"获取系统消息 - 请求参数: page=1, limit=20, userId=user_id_from_token","timestamp":"2025-08-12 09:42:23"}
{"level":"warn","message":"无效的用户ID格式: user_id_from_token","timestamp":"2025-08-12 09:42:23"}
{"level":"info","message":"获取会话列表 - 请求参数: page=1, limit=10, userId=user_id_from_token","timestamp":"2025-08-12 09:42:23"}
{"level":"warn","message":"无效的用户ID格式: user_id_from_token","timestamp":"2025-08-12 09:42:23"}
{"level":"info","message":"获取系统消息 - 请求参数: page=1, limit=20, userId=user_id_from_token","timestamp":"2025-08-12 09:42:23"}
{"level":"warn","message":"无效的用户ID格式: user_id_from_token","timestamp":"2025-08-12 09:42:23"}
{"level":"error","message":"Socket.IO 认证失败: invalid signature","name":"JsonWebTokenError","stack":"JsonWebTokenError: invalid signature\n    at D:\\0振涛\\项目\\20250810\\first-yf\\api\\node_modules\\jsonwebtoken\\verify.js:171:19\n    at getSecret (D:\\0振涛\\项目\\20250810\\first-yf\\api\\node_modules\\jsonwebtoken\\verify.js:97:14)\n    at module.exports [as verify] (D:\\0振涛\\项目\\20250810\\first-yf\\api\\node_modules\\jsonwebtoken\\verify.js:101:10)\n    at SocketIOService.authenticateSocket (D:\\0振涛\\项目\\20250810\\first-yf\\api\\utils\\socketio.js:53:27)\n    at Array.<anonymous> (D:\\0振涛\\项目\\20250810\\first-yf\\api\\utils\\socketio.js:30:12)\n    at run (D:\\0振涛\\项目\\20250810\\first-yf\\api\\node_modules\\socket.io\\dist\\namespace.js:130:19)\n    at Namespace.run (D:\\0振涛\\项目\\20250810\\first-yf\\api\\node_modules\\socket.io\\dist\\namespace.js:141:9)\n    at Namespace._add (D:\\0振涛\\项目\\20250810\\first-yf\\api\\node_modules\\socket.io\\dist\\namespace.js:218:14)\n    at process.processTicksAndRejections (node:internal/process/task_queues:105:5)","timestamp":"2025-08-12 09:45:24"}
{"level":"error","message":"Socket.IO 认证失败: invalid signature","name":"JsonWebTokenError","stack":"JsonWebTokenError: invalid signature\n    at D:\\0振涛\\项目\\20250810\\first-yf\\api\\node_modules\\jsonwebtoken\\verify.js:171:19\n    at getSecret (D:\\0振涛\\项目\\20250810\\first-yf\\api\\node_modules\\jsonwebtoken\\verify.js:97:14)\n    at module.exports [as verify] (D:\\0振涛\\项目\\20250810\\first-yf\\api\\node_modules\\jsonwebtoken\\verify.js:101:10)\n    at SocketIOService.authenticateSocket (D:\\0振涛\\项目\\20250810\\first-yf\\api\\utils\\socketio.js:53:27)\n    at Array.<anonymous> (D:\\0振涛\\项目\\20250810\\first-yf\\api\\utils\\socketio.js:30:12)\n    at run (D:\\0振涛\\项目\\20250810\\first-yf\\api\\node_modules\\socket.io\\dist\\namespace.js:130:19)\n    at Namespace.run (D:\\0振涛\\项目\\20250810\\first-yf\\api\\node_modules\\socket.io\\dist\\namespace.js:141:9)\n    at Namespace._add (D:\\0振涛\\项目\\20250810\\first-yf\\api\\node_modules\\socket.io\\dist\\namespace.js:218:14)\n    at process.processTicksAndRejections (node:internal/process/task_queues:105:5)","timestamp":"2025-08-12 09:45:28"}
{"level":"error","message":"Socket.IO 认证失败: invalid signature","name":"JsonWebTokenError","stack":"JsonWebTokenError: invalid signature\n    at D:\\0振涛\\项目\\20250810\\first-yf\\api\\node_modules\\jsonwebtoken\\verify.js:171:19\n    at getSecret (D:\\0振涛\\项目\\20250810\\first-yf\\api\\node_modules\\jsonwebtoken\\verify.js:97:14)\n    at module.exports [as verify] (D:\\0振涛\\项目\\20250810\\first-yf\\api\\node_modules\\jsonwebtoken\\verify.js:101:10)\n    at SocketIOService.authenticateSocket (D:\\0振涛\\项目\\20250810\\first-yf\\api\\utils\\socketio.js:53:27)\n    at Array.<anonymous> (D:\\0振涛\\项目\\20250810\\first-yf\\api\\utils\\socketio.js:30:12)\n    at run (D:\\0振涛\\项目\\20250810\\first-yf\\api\\node_modules\\socket.io\\dist\\namespace.js:130:19)\n    at Namespace.run (D:\\0振涛\\项目\\20250810\\first-yf\\api\\node_modules\\socket.io\\dist\\namespace.js:141:9)\n    at Namespace._add (D:\\0振涛\\项目\\20250810\\first-yf\\api\\node_modules\\socket.io\\dist\\namespace.js:218:14)\n    at process.processTicksAndRejections (node:internal/process/task_queues:105:5)","timestamp":"2025-08-12 09:46:44"}
{"level":"info","message":"获取会话列表 - 请求参数: page=1, limit=10, userId=user_id_from_token","timestamp":"2025-08-12 09:46:44"}
{"level":"warn","message":"无效的用户ID格式: user_id_from_token","timestamp":"2025-08-12 09:46:44"}
{"level":"info","message":"获取系统消息 - 请求参数: page=1, limit=20, userId=user_id_from_token","timestamp":"2025-08-12 09:46:44"}
{"level":"warn","message":"无效的用户ID格式: user_id_from_token","timestamp":"2025-08-12 09:46:44"}
{"level":"error","message":"Socket.IO 认证失败: invalid signature","name":"JsonWebTokenError","stack":"JsonWebTokenError: invalid signature\n    at D:\\0振涛\\项目\\20250810\\first-yf\\api\\node_modules\\jsonwebtoken\\verify.js:171:19\n    at getSecret (D:\\0振涛\\项目\\20250810\\first-yf\\api\\node_modules\\jsonwebtoken\\verify.js:97:14)\n    at module.exports [as verify] (D:\\0振涛\\项目\\20250810\\first-yf\\api\\node_modules\\jsonwebtoken\\verify.js:101:10)\n    at SocketIOService.authenticateSocket (D:\\0振涛\\项目\\20250810\\first-yf\\api\\utils\\socketio.js:53:27)\n    at Array.<anonymous> (D:\\0振涛\\项目\\20250810\\first-yf\\api\\utils\\socketio.js:30:12)\n    at run (D:\\0振涛\\项目\\20250810\\first-yf\\api\\node_modules\\socket.io\\dist\\namespace.js:130:19)\n    at Namespace.run (D:\\0振涛\\项目\\20250810\\first-yf\\api\\node_modules\\socket.io\\dist\\namespace.js:141:9)\n    at Namespace._add (D:\\0振涛\\项目\\20250810\\first-yf\\api\\node_modules\\socket.io\\dist\\namespace.js:218:14)\n    at process.processTicksAndRejections (node:internal/process/task_queues:105:5)","timestamp":"2025-08-12 09:47:08"}
{"level":"info","message":"获取会话列表 - 请求参数: page=1, limit=10, userId=user_id_from_token","timestamp":"2025-08-12 09:47:08"}
{"level":"warn","message":"无效的用户ID格式: user_id_from_token","timestamp":"2025-08-12 09:47:08"}
{"level":"info","message":"获取系统消息 - 请求参数: page=1, limit=20, userId=user_id_from_token","timestamp":"2025-08-12 09:47:08"}
{"level":"warn","message":"无效的用户ID格式: user_id_from_token","timestamp":"2025-08-12 09:47:08"}
{"level":"error","message":"Socket.IO 认证失败: invalid signature","name":"JsonWebTokenError","stack":"JsonWebTokenError: invalid signature\n    at D:\\0振涛\\项目\\20250810\\first-yf\\api\\node_modules\\jsonwebtoken\\verify.js:171:19\n    at getSecret (D:\\0振涛\\项目\\20250810\\first-yf\\api\\node_modules\\jsonwebtoken\\verify.js:97:14)\n    at module.exports [as verify] (D:\\0振涛\\项目\\20250810\\first-yf\\api\\node_modules\\jsonwebtoken\\verify.js:101:10)\n    at SocketIOService.authenticateSocket (D:\\0振涛\\项目\\20250810\\first-yf\\api\\utils\\socketio.js:53:27)\n    at Array.<anonymous> (D:\\0振涛\\项目\\20250810\\first-yf\\api\\utils\\socketio.js:30:12)\n    at run (D:\\0振涛\\项目\\20250810\\first-yf\\api\\node_modules\\socket.io\\dist\\namespace.js:130:19)\n    at Namespace.run (D:\\0振涛\\项目\\20250810\\first-yf\\api\\node_modules\\socket.io\\dist\\namespace.js:141:9)\n    at Namespace._add (D:\\0振涛\\项目\\20250810\\first-yf\\api\\node_modules\\socket.io\\dist\\namespace.js:218:14)\n    at process.processTicksAndRejections (node:internal/process/task_queues:105:5)","timestamp":"2025-08-12 09:47:11"}
{"level":"info","message":"获取会话列表 - 请求参数: page=1, limit=10, userId=user_id_from_token","timestamp":"2025-08-12 09:47:11"}
{"level":"warn","message":"无效的用户ID格式: user_id_from_token","timestamp":"2025-08-12 09:47:11"}
{"level":"info","message":"获取系统消息 - 请求参数: page=1, limit=20, userId=user_id_from_token","timestamp":"2025-08-12 09:47:11"}
{"level":"warn","message":"无效的用户ID格式: user_id_from_token","timestamp":"2025-08-12 09:47:11"}
{"level":"error","message":"Socket.IO 认证失败: invalid signature","name":"JsonWebTokenError","stack":"JsonWebTokenError: invalid signature\n    at D:\\0振涛\\项目\\20250810\\first-yf\\api\\node_modules\\jsonwebtoken\\verify.js:171:19\n    at getSecret (D:\\0振涛\\项目\\20250810\\first-yf\\api\\node_modules\\jsonwebtoken\\verify.js:97:14)\n    at module.exports [as verify] (D:\\0振涛\\项目\\20250810\\first-yf\\api\\node_modules\\jsonwebtoken\\verify.js:101:10)\n    at SocketIOService.authenticateSocket (D:\\0振涛\\项目\\20250810\\first-yf\\api\\utils\\socketio.js:53:27)\n    at Array.<anonymous> (D:\\0振涛\\项目\\20250810\\first-yf\\api\\utils\\socketio.js:30:12)\n    at run (D:\\0振涛\\项目\\20250810\\first-yf\\api\\node_modules\\socket.io\\dist\\namespace.js:130:19)\n    at Namespace.run (D:\\0振涛\\项目\\20250810\\first-yf\\api\\node_modules\\socket.io\\dist\\namespace.js:141:9)\n    at Namespace._add (D:\\0振涛\\项目\\20250810\\first-yf\\api\\node_modules\\socket.io\\dist\\namespace.js:218:14)\n    at process.processTicksAndRejections (node:internal/process/task_queues:105:5)","timestamp":"2025-08-12 09:47:40"}
{"level":"info","message":"获取会话列表 - 请求参数: page=1, limit=10, userId=user_id_from_token","timestamp":"2025-08-12 09:47:40"}
{"level":"warn","message":"无效的用户ID格式: user_id_from_token","timestamp":"2025-08-12 09:47:40"}
{"level":"info","message":"获取系统消息 - 请求参数: page=1, limit=20, userId=user_id_from_token","timestamp":"2025-08-12 09:47:40"}
{"level":"warn","message":"无效的用户ID格式: user_id_from_token","timestamp":"2025-08-12 09:47:40"}
{"level":"error","message":"Socket.IO 认证失败: invalid signature","name":"JsonWebTokenError","stack":"JsonWebTokenError: invalid signature\n    at D:\\0振涛\\项目\\20250810\\first-yf\\api\\node_modules\\jsonwebtoken\\verify.js:171:19\n    at getSecret (D:\\0振涛\\项目\\20250810\\first-yf\\api\\node_modules\\jsonwebtoken\\verify.js:97:14)\n    at module.exports [as verify] (D:\\0振涛\\项目\\20250810\\first-yf\\api\\node_modules\\jsonwebtoken\\verify.js:101:10)\n    at SocketIOService.authenticateSocket (D:\\0振涛\\项目\\20250810\\first-yf\\api\\utils\\socketio.js:53:27)\n    at Array.<anonymous> (D:\\0振涛\\项目\\20250810\\first-yf\\api\\utils\\socketio.js:30:12)\n    at run (D:\\0振涛\\项目\\20250810\\first-yf\\api\\node_modules\\socket.io\\dist\\namespace.js:130:19)\n    at Namespace.run (D:\\0振涛\\项目\\20250810\\first-yf\\api\\node_modules\\socket.io\\dist\\namespace.js:141:9)\n    at Namespace._add (D:\\0振涛\\项目\\20250810\\first-yf\\api\\node_modules\\socket.io\\dist\\namespace.js:218:14)\n    at process.processTicksAndRejections (node:internal/process/task_queues:105:5)","timestamp":"2025-08-12 09:47:41"}
{"level":"info","message":"获取会话列表 - 请求参数: page=1, limit=10, userId=user_id_from_token","timestamp":"2025-08-12 09:47:41"}
{"level":"warn","message":"无效的用户ID格式: user_id_from_token","timestamp":"2025-08-12 09:47:41"}
{"level":"info","message":"获取系统消息 - 请求参数: page=1, limit=20, userId=user_id_from_token","timestamp":"2025-08-12 09:47:41"}
{"level":"warn","message":"无效的用户ID格式: user_id_from_token","timestamp":"2025-08-12 09:47:41"}
{"level":"error","message":"Socket.IO 认证失败: invalid signature","name":"JsonWebTokenError","stack":"JsonWebTokenError: invalid signature\n    at D:\\0振涛\\项目\\20250810\\first-yf\\api\\node_modules\\jsonwebtoken\\verify.js:171:19\n    at getSecret (D:\\0振涛\\项目\\20250810\\first-yf\\api\\node_modules\\jsonwebtoken\\verify.js:97:14)\n    at module.exports [as verify] (D:\\0振涛\\项目\\20250810\\first-yf\\api\\node_modules\\jsonwebtoken\\verify.js:101:10)\n    at SocketIOService.authenticateSocket (D:\\0振涛\\项目\\20250810\\first-yf\\api\\utils\\socketio.js:53:27)\n    at Array.<anonymous> (D:\\0振涛\\项目\\20250810\\first-yf\\api\\utils\\socketio.js:30:12)\n    at run (D:\\0振涛\\项目\\20250810\\first-yf\\api\\node_modules\\socket.io\\dist\\namespace.js:130:19)\n    at Namespace.run (D:\\0振涛\\项目\\20250810\\first-yf\\api\\node_modules\\socket.io\\dist\\namespace.js:141:9)\n    at Namespace._add (D:\\0振涛\\项目\\20250810\\first-yf\\api\\node_modules\\socket.io\\dist\\namespace.js:218:14)\n    at process.processTicksAndRejections (node:internal/process/task_queues:105:5)","timestamp":"2025-08-12 09:48:25"}
{"level":"info","message":"获取系统消息 - 请求参数: page=1, limit=20, userId=user_id_from_token","timestamp":"2025-08-12 09:48:25"}
{"level":"warn","message":"无效的用户ID格式: user_id_from_token","timestamp":"2025-08-12 09:48:25"}
{"level":"info","message":"获取会话列表 - 请求参数: page=1, limit=10, userId=user_id_from_token","timestamp":"2025-08-12 09:48:25"}
{"level":"warn","message":"无效的用户ID格式: user_id_from_token","timestamp":"2025-08-12 09:48:25"}
{"level":"error","message":"Socket.IO 认证失败: invalid signature","name":"JsonWebTokenError","stack":"JsonWebTokenError: invalid signature\n    at D:\\0振涛\\项目\\20250810\\first-yf\\api\\node_modules\\jsonwebtoken\\verify.js:171:19\n    at getSecret (D:\\0振涛\\项目\\20250810\\first-yf\\api\\node_modules\\jsonwebtoken\\verify.js:97:14)\n    at module.exports [as verify] (D:\\0振涛\\项目\\20250810\\first-yf\\api\\node_modules\\jsonwebtoken\\verify.js:101:10)\n    at SocketIOService.authenticateSocket (D:\\0振涛\\项目\\20250810\\first-yf\\api\\utils\\socketio.js:53:27)\n    at Array.<anonymous> (D:\\0振涛\\项目\\20250810\\first-yf\\api\\utils\\socketio.js:30:12)\n    at run (D:\\0振涛\\项目\\20250810\\first-yf\\api\\node_modules\\socket.io\\dist\\namespace.js:130:19)\n    at Namespace.run (D:\\0振涛\\项目\\20250810\\first-yf\\api\\node_modules\\socket.io\\dist\\namespace.js:141:9)\n    at Namespace._add (D:\\0振涛\\项目\\20250810\\first-yf\\api\\node_modules\\socket.io\\dist\\namespace.js:218:14)\n    at process.processTicksAndRejections (node:internal/process/task_queues:105:5)","timestamp":"2025-08-12 09:48:26"}
{"level":"info","message":"获取会话列表 - 请求参数: page=1, limit=10, userId=user_id_from_token","timestamp":"2025-08-12 09:48:26"}
{"level":"warn","message":"无效的用户ID格式: user_id_from_token","timestamp":"2025-08-12 09:48:26"}
{"level":"info","message":"获取系统消息 - 请求参数: page=1, limit=20, userId=user_id_from_token","timestamp":"2025-08-12 09:48:26"}
{"level":"warn","message":"无效的用户ID格式: user_id_from_token","timestamp":"2025-08-12 09:48:26"}
{"level":"error","message":"Socket.IO 认证失败: invalid signature","name":"JsonWebTokenError","stack":"JsonWebTokenError: invalid signature\n    at D:\\0振涛\\项目\\20250810\\first-yf\\api\\node_modules\\jsonwebtoken\\verify.js:171:19\n    at getSecret (D:\\0振涛\\项目\\20250810\\first-yf\\api\\node_modules\\jsonwebtoken\\verify.js:97:14)\n    at module.exports [as verify] (D:\\0振涛\\项目\\20250810\\first-yf\\api\\node_modules\\jsonwebtoken\\verify.js:101:10)\n    at SocketIOService.authenticateSocket (D:\\0振涛\\项目\\20250810\\first-yf\\api\\utils\\socketio.js:53:27)\n    at Array.<anonymous> (D:\\0振涛\\项目\\20250810\\first-yf\\api\\utils\\socketio.js:30:12)\n    at run (D:\\0振涛\\项目\\20250810\\first-yf\\api\\node_modules\\socket.io\\dist\\namespace.js:130:19)\n    at Namespace.run (D:\\0振涛\\项目\\20250810\\first-yf\\api\\node_modules\\socket.io\\dist\\namespace.js:141:9)\n    at Namespace._add (D:\\0振涛\\项目\\20250810\\first-yf\\api\\node_modules\\socket.io\\dist\\namespace.js:218:14)\n    at process.processTicksAndRejections (node:internal/process/task_queues:105:5)","timestamp":"2025-08-12 09:48:29"}
{"level":"info","message":"获取会话列表 - 请求参数: page=1, limit=10, userId=user_id_from_token","timestamp":"2025-08-12 09:48:29"}
{"level":"warn","message":"无效的用户ID格式: user_id_from_token","timestamp":"2025-08-12 09:48:29"}
{"level":"info","message":"获取系统消息 - 请求参数: page=1, limit=20, userId=user_id_from_token","timestamp":"2025-08-12 09:48:29"}
{"level":"warn","message":"无效的用户ID格式: user_id_from_token","timestamp":"2025-08-12 09:48:29"}
{"level":"error","message":"Socket.IO 认证失败: invalid signature","name":"JsonWebTokenError","stack":"JsonWebTokenError: invalid signature\n    at D:\\0振涛\\项目\\20250810\\first-yf\\api\\node_modules\\jsonwebtoken\\verify.js:171:19\n    at getSecret (D:\\0振涛\\项目\\20250810\\first-yf\\api\\node_modules\\jsonwebtoken\\verify.js:97:14)\n    at module.exports [as verify] (D:\\0振涛\\项目\\20250810\\first-yf\\api\\node_modules\\jsonwebtoken\\verify.js:101:10)\n    at SocketIOService.authenticateSocket (D:\\0振涛\\项目\\20250810\\first-yf\\api\\utils\\socketio.js:53:27)\n    at Array.<anonymous> (D:\\0振涛\\项目\\20250810\\first-yf\\api\\utils\\socketio.js:30:12)\n    at run (D:\\0振涛\\项目\\20250810\\first-yf\\api\\node_modules\\socket.io\\dist\\namespace.js:130:19)\n    at Namespace.run (D:\\0振涛\\项目\\20250810\\first-yf\\api\\node_modules\\socket.io\\dist\\namespace.js:141:9)\n    at Namespace._add (D:\\0振涛\\项目\\20250810\\first-yf\\api\\node_modules\\socket.io\\dist\\namespace.js:218:14)\n    at process.processTicksAndRejections (node:internal/process/task_queues:105:5)","timestamp":"2025-08-12 09:48:55"}
{"level":"info","message":"获取会话列表 - 请求参数: page=1, limit=10, userId=user_id_from_token","timestamp":"2025-08-12 09:48:55"}
{"level":"warn","message":"无效的用户ID格式: user_id_from_token","timestamp":"2025-08-12 09:48:55"}
{"level":"info","message":"获取系统消息 - 请求参数: page=1, limit=20, userId=user_id_from_token","timestamp":"2025-08-12 09:48:55"}
{"level":"warn","message":"无效的用户ID格式: user_id_from_token","timestamp":"2025-08-12 09:48:55"}
{"level":"error","message":"Socket.IO 认证失败: invalid signature","name":"JsonWebTokenError","stack":"JsonWebTokenError: invalid signature\n    at D:\\0振涛\\项目\\20250810\\first-yf\\api\\node_modules\\jsonwebtoken\\verify.js:171:19\n    at getSecret (D:\\0振涛\\项目\\20250810\\first-yf\\api\\node_modules\\jsonwebtoken\\verify.js:97:14)\n    at module.exports [as verify] (D:\\0振涛\\项目\\20250810\\first-yf\\api\\node_modules\\jsonwebtoken\\verify.js:101:10)\n    at SocketIOService.authenticateSocket (D:\\0振涛\\项目\\20250810\\first-yf\\api\\utils\\socketio.js:53:27)\n    at Array.<anonymous> (D:\\0振涛\\项目\\20250810\\first-yf\\api\\utils\\socketio.js:30:12)\n    at run (D:\\0振涛\\项目\\20250810\\first-yf\\api\\node_modules\\socket.io\\dist\\namespace.js:130:19)\n    at Namespace.run (D:\\0振涛\\项目\\20250810\\first-yf\\api\\node_modules\\socket.io\\dist\\namespace.js:141:9)\n    at Namespace._add (D:\\0振涛\\项目\\20250810\\first-yf\\api\\node_modules\\socket.io\\dist\\namespace.js:218:14)\n    at process.processTicksAndRejections (node:internal/process/task_queues:105:5)","timestamp":"2025-08-12 09:48:56"}
{"level":"info","message":"获取系统消息 - 请求参数: page=1, limit=20, userId=user_id_from_token","timestamp":"2025-08-12 09:48:56"}
{"level":"warn","message":"无效的用户ID格式: user_id_from_token","timestamp":"2025-08-12 09:48:56"}
{"level":"info","message":"获取会话列表 - 请求参数: page=1, limit=10, userId=user_id_from_token","timestamp":"2025-08-12 09:48:56"}
{"level":"warn","message":"无效的用户ID格式: user_id_from_token","timestamp":"2025-08-12 09:48:56"}
{"level":"error","message":"Socket.IO 认证失败: invalid signature","name":"JsonWebTokenError","stack":"JsonWebTokenError: invalid signature\n    at D:\\0振涛\\项目\\20250810\\first-yf\\api\\node_modules\\jsonwebtoken\\verify.js:171:19\n    at getSecret (D:\\0振涛\\项目\\20250810\\first-yf\\api\\node_modules\\jsonwebtoken\\verify.js:97:14)\n    at module.exports [as verify] (D:\\0振涛\\项目\\20250810\\first-yf\\api\\node_modules\\jsonwebtoken\\verify.js:101:10)\n    at SocketIOService.authenticateSocket (D:\\0振涛\\项目\\20250810\\first-yf\\api\\utils\\socketio.js:53:27)\n    at Array.<anonymous> (D:\\0振涛\\项目\\20250810\\first-yf\\api\\utils\\socketio.js:30:12)\n    at run (D:\\0振涛\\项目\\20250810\\first-yf\\api\\node_modules\\socket.io\\dist\\namespace.js:130:19)\n    at Namespace.run (D:\\0振涛\\项目\\20250810\\first-yf\\api\\node_modules\\socket.io\\dist\\namespace.js:141:9)\n    at Namespace._add (D:\\0振涛\\项目\\20250810\\first-yf\\api\\node_modules\\socket.io\\dist\\namespace.js:218:14)\n    at process.processTicksAndRejections (node:internal/process/task_queues:105:5)","timestamp":"2025-08-12 09:50:16"}
{"level":"info","message":"获取系统消息 - 请求参数: page=1, limit=20, userId=user_id_from_token","timestamp":"2025-08-12 09:50:16"}
{"level":"warn","message":"无效的用户ID格式: user_id_from_token","timestamp":"2025-08-12 09:50:16"}
{"level":"info","message":"获取会话列表 - 请求参数: page=1, limit=10, userId=user_id_from_token","timestamp":"2025-08-12 09:50:16"}
{"level":"warn","message":"无效的用户ID格式: user_id_from_token","timestamp":"2025-08-12 09:50:16"}
{"level":"error","message":"Socket.IO 认证失败: invalid signature","name":"JsonWebTokenError","stack":"JsonWebTokenError: invalid signature\n    at D:\\0振涛\\项目\\20250810\\first-yf\\api\\node_modules\\jsonwebtoken\\verify.js:171:19\n    at getSecret (D:\\0振涛\\项目\\20250810\\first-yf\\api\\node_modules\\jsonwebtoken\\verify.js:97:14)\n    at module.exports [as verify] (D:\\0振涛\\项目\\20250810\\first-yf\\api\\node_modules\\jsonwebtoken\\verify.js:101:10)\n    at SocketIOService.authenticateSocket (D:\\0振涛\\项目\\20250810\\first-yf\\api\\utils\\socketio.js:53:27)\n    at Array.<anonymous> (D:\\0振涛\\项目\\20250810\\first-yf\\api\\utils\\socketio.js:30:12)\n    at run (D:\\0振涛\\项目\\20250810\\first-yf\\api\\node_modules\\socket.io\\dist\\namespace.js:130:19)\n    at Namespace.run (D:\\0振涛\\项目\\20250810\\first-yf\\api\\node_modules\\socket.io\\dist\\namespace.js:141:9)\n    at Namespace._add (D:\\0振涛\\项目\\20250810\\first-yf\\api\\node_modules\\socket.io\\dist\\namespace.js:218:14)\n    at process.processTicksAndRejections (node:internal/process/task_queues:105:5)","timestamp":"2025-08-12 09:50:41"}
{"level":"info","message":"获取会话列表 - 请求参数: page=1, limit=10, userId=user_id_from_token","timestamp":"2025-08-12 09:50:41"}
{"level":"warn","message":"无效的用户ID格式: user_id_from_token","timestamp":"2025-08-12 09:50:41"}
{"level":"info","message":"获取系统消息 - 请求参数: page=1, limit=20, userId=user_id_from_token","timestamp":"2025-08-12 09:50:41"}
{"level":"warn","message":"无效的用户ID格式: user_id_from_token","timestamp":"2025-08-12 09:50:41"}
{"level":"error","message":"Socket.IO 认证失败: invalid signature","name":"JsonWebTokenError","stack":"JsonWebTokenError: invalid signature\n    at D:\\0振涛\\项目\\20250810\\first-yf\\api\\node_modules\\jsonwebtoken\\verify.js:171:19\n    at getSecret (D:\\0振涛\\项目\\20250810\\first-yf\\api\\node_modules\\jsonwebtoken\\verify.js:97:14)\n    at module.exports [as verify] (D:\\0振涛\\项目\\20250810\\first-yf\\api\\node_modules\\jsonwebtoken\\verify.js:101:10)\n    at SocketIOService.authenticateSocket (D:\\0振涛\\项目\\20250810\\first-yf\\api\\utils\\socketio.js:53:27)\n    at Array.<anonymous> (D:\\0振涛\\项目\\20250810\\first-yf\\api\\utils\\socketio.js:30:12)\n    at run (D:\\0振涛\\项目\\20250810\\first-yf\\api\\node_modules\\socket.io\\dist\\namespace.js:130:19)\n    at Namespace.run (D:\\0振涛\\项目\\20250810\\first-yf\\api\\node_modules\\socket.io\\dist\\namespace.js:141:9)\n    at Namespace._add (D:\\0振涛\\项目\\20250810\\first-yf\\api\\node_modules\\socket.io\\dist\\namespace.js:218:14)\n    at process.processTicksAndRejections (node:internal/process/task_queues:105:5)","timestamp":"2025-08-12 09:50:43"}
{"level":"info","message":"获取会话列表 - 请求参数: page=1, limit=10, userId=user_id_from_token","timestamp":"2025-08-12 09:50:43"}
{"level":"warn","message":"无效的用户ID格式: user_id_from_token","timestamp":"2025-08-12 09:50:43"}
{"level":"info","message":"获取系统消息 - 请求参数: page=1, limit=20, userId=user_id_from_token","timestamp":"2025-08-12 09:50:43"}
{"level":"warn","message":"无效的用户ID格式: user_id_from_token","timestamp":"2025-08-12 09:50:43"}
{"level":"error","message":"Socket.IO 认证失败: invalid signature","name":"JsonWebTokenError","stack":"JsonWebTokenError: invalid signature\n    at D:\\0振涛\\项目\\20250810\\first-yf\\api\\node_modules\\jsonwebtoken\\verify.js:171:19\n    at getSecret (D:\\0振涛\\项目\\20250810\\first-yf\\api\\node_modules\\jsonwebtoken\\verify.js:97:14)\n    at module.exports [as verify] (D:\\0振涛\\项目\\20250810\\first-yf\\api\\node_modules\\jsonwebtoken\\verify.js:101:10)\n    at SocketIOService.authenticateSocket (D:\\0振涛\\项目\\20250810\\first-yf\\api\\utils\\socketio.js:53:27)\n    at Array.<anonymous> (D:\\0振涛\\项目\\20250810\\first-yf\\api\\utils\\socketio.js:30:12)\n    at run (D:\\0振涛\\项目\\20250810\\first-yf\\api\\node_modules\\socket.io\\dist\\namespace.js:130:19)\n    at Namespace.run (D:\\0振涛\\项目\\20250810\\first-yf\\api\\node_modules\\socket.io\\dist\\namespace.js:141:9)\n    at Namespace._add (D:\\0振涛\\项目\\20250810\\first-yf\\api\\node_modules\\socket.io\\dist\\namespace.js:218:14)\n    at process.processTicksAndRejections (node:internal/process/task_queues:105:5)","timestamp":"2025-08-12 09:50:46"}
{"level":"info","message":"获取系统消息 - 请求参数: page=1, limit=20, userId=user_id_from_token","timestamp":"2025-08-12 09:50:46"}
{"level":"warn","message":"无效的用户ID格式: user_id_from_token","timestamp":"2025-08-12 09:50:46"}
{"level":"info","message":"获取会话列表 - 请求参数: page=1, limit=10, userId=user_id_from_token","timestamp":"2025-08-12 09:50:46"}
{"level":"warn","message":"无效的用户ID格式: user_id_from_token","timestamp":"2025-08-12 09:50:46"}
{"level":"error","message":"Socket.IO 认证失败: invalid signature","name":"JsonWebTokenError","stack":"JsonWebTokenError: invalid signature\n    at D:\\0振涛\\项目\\20250810\\first-yf\\api\\node_modules\\jsonwebtoken\\verify.js:171:19\n    at getSecret (D:\\0振涛\\项目\\20250810\\first-yf\\api\\node_modules\\jsonwebtoken\\verify.js:97:14)\n    at module.exports [as verify] (D:\\0振涛\\项目\\20250810\\first-yf\\api\\node_modules\\jsonwebtoken\\verify.js:101:10)\n    at SocketIOService.authenticateSocket (D:\\0振涛\\项目\\20250810\\first-yf\\api\\utils\\socketio.js:53:27)\n    at Array.<anonymous> (D:\\0振涛\\项目\\20250810\\first-yf\\api\\utils\\socketio.js:30:12)\n    at run (D:\\0振涛\\项目\\20250810\\first-yf\\api\\node_modules\\socket.io\\dist\\namespace.js:130:19)\n    at Namespace.run (D:\\0振涛\\项目\\20250810\\first-yf\\api\\node_modules\\socket.io\\dist\\namespace.js:141:9)\n    at Namespace._add (D:\\0振涛\\项目\\20250810\\first-yf\\api\\node_modules\\socket.io\\dist\\namespace.js:218:14)\n    at process.processTicksAndRejections (node:internal/process/task_queues:105:5)","timestamp":"2025-08-12 09:52:30"}
{"level":"info","message":"获取会话列表 - 请求参数: page=1, limit=10, userId=user_id_from_token","timestamp":"2025-08-12 09:52:30"}
{"level":"warn","message":"无效的用户ID格式: user_id_from_token","timestamp":"2025-08-12 09:52:30"}
{"level":"info","message":"获取系统消息 - 请求参数: page=1, limit=20, userId=user_id_from_token","timestamp":"2025-08-12 09:52:30"}
{"level":"warn","message":"无效的用户ID格式: user_id_from_token","timestamp":"2025-08-12 09:52:30"}
{"level":"info","message":"获取会话列表 - 请求参数: page=1, limit=10, userId=undefined","timestamp":"2025-08-12 09:55:35"}
{"level":"warn","message":"无效的用户ID格式: undefined","timestamp":"2025-08-12 09:55:35"}
{"level":"info","message":"获取系统消息 - 请求参数: page=1, limit=20, userId=undefined","timestamp":"2025-08-12 09:55:35"}
{"level":"warn","message":"无效的用户ID格式: undefined","timestamp":"2025-08-12 09:55:35"}
{"level":"info","message":"获取会话列表 - 请求参数: page=1, limit=10, userId=undefined","timestamp":"2025-08-12 09:55:35"}
{"level":"warn","message":"无效的用户ID格式: undefined","timestamp":"2025-08-12 09:55:35"}
{"level":"info","message":"获取系统消息 - 请求参数: page=1, limit=20, userId=undefined","timestamp":"2025-08-12 09:55:35"}
{"level":"warn","message":"无效的用户ID格式: undefined","timestamp":"2025-08-12 09:55:35"}
{"level":"error","message":"Socket.IO 认证失败: invalid signature","name":"JsonWebTokenError","stack":"JsonWebTokenError: invalid signature\n    at D:\\0振涛\\项目\\20250810\\first-yf\\api\\node_modules\\jsonwebtoken\\verify.js:171:19\n    at getSecret (D:\\0振涛\\项目\\20250810\\first-yf\\api\\node_modules\\jsonwebtoken\\verify.js:97:14)\n    at module.exports [as verify] (D:\\0振涛\\项目\\20250810\\first-yf\\api\\node_modules\\jsonwebtoken\\verify.js:101:10)\n    at SocketIOService.authenticateSocket (D:\\0振涛\\项目\\20250810\\first-yf\\api\\utils\\socketio.js:53:27)\n    at Array.<anonymous> (D:\\0振涛\\项目\\20250810\\first-yf\\api\\utils\\socketio.js:30:12)\n    at run (D:\\0振涛\\项目\\20250810\\first-yf\\api\\node_modules\\socket.io\\dist\\namespace.js:130:19)\n    at Namespace.run (D:\\0振涛\\项目\\20250810\\first-yf\\api\\node_modules\\socket.io\\dist\\namespace.js:141:9)\n    at Namespace._add (D:\\0振涛\\项目\\20250810\\first-yf\\api\\node_modules\\socket.io\\dist\\namespace.js:218:14)\n    at process.processTicksAndRejections (node:internal/process/task_queues:105:5)","timestamp":"2025-08-12 09:55:35"}
{"level":"error","message":"Socket.IO 认证失败: invalid signature","name":"JsonWebTokenError","stack":"JsonWebTokenError: invalid signature\n    at D:\\0振涛\\项目\\20250810\\first-yf\\api\\node_modules\\jsonwebtoken\\verify.js:171:19\n    at getSecret (D:\\0振涛\\项目\\20250810\\first-yf\\api\\node_modules\\jsonwebtoken\\verify.js:97:14)\n    at module.exports [as verify] (D:\\0振涛\\项目\\20250810\\first-yf\\api\\node_modules\\jsonwebtoken\\verify.js:101:10)\n    at SocketIOService.authenticateSocket (D:\\0振涛\\项目\\20250810\\first-yf\\api\\utils\\socketio.js:53:27)\n    at Array.<anonymous> (D:\\0振涛\\项目\\20250810\\first-yf\\api\\utils\\socketio.js:30:12)\n    at run (D:\\0振涛\\项目\\20250810\\first-yf\\api\\node_modules\\socket.io\\dist\\namespace.js:130:19)\n    at Namespace.run (D:\\0振涛\\项目\\20250810\\first-yf\\api\\node_modules\\socket.io\\dist\\namespace.js:141:9)\n    at Namespace._add (D:\\0振涛\\项目\\20250810\\first-yf\\api\\node_modules\\socket.io\\dist\\namespace.js:218:14)\n    at process.processTicksAndRejections (node:internal/process/task_queues:105:5)","timestamp":"2025-08-12 09:55:36"}
{"level":"info","message":"获取会话列表 - 请求参数: page=1, limit=10, userId=undefined","timestamp":"2025-08-12 09:55:36"}
{"level":"warn","message":"无效的用户ID格式: undefined","timestamp":"2025-08-12 09:55:36"}
{"level":"info","message":"获取系统消息 - 请求参数: page=1, limit=20, userId=undefined","timestamp":"2025-08-12 09:55:36"}
{"level":"warn","message":"无效的用户ID格式: undefined","timestamp":"2025-08-12 09:55:36"}
{"level":"info","message":"获取会话列表 - 请求参数: page=1, limit=10, userId=undefined","timestamp":"2025-08-12 09:56:07"}
{"level":"warn","message":"无效的用户ID格式: undefined","timestamp":"2025-08-12 09:56:07"}
{"level":"info","message":"获取系统消息 - 请求参数: page=1, limit=20, userId=undefined","timestamp":"2025-08-12 09:56:07"}
{"level":"warn","message":"无效的用户ID格式: undefined","timestamp":"2025-08-12 09:56:07"}
{"level":"info","message":"获取会话列表 - 请求参数: page=1, limit=10, userId=undefined","timestamp":"2025-08-12 09:56:07"}
{"level":"warn","message":"无效的用户ID格式: undefined","timestamp":"2025-08-12 09:56:07"}
{"level":"info","message":"获取系统消息 - 请求参数: page=1, limit=20, userId=undefined","timestamp":"2025-08-12 09:56:07"}
{"level":"warn","message":"无效的用户ID格式: undefined","timestamp":"2025-08-12 09:56:07"}
{"level":"error","message":"Socket.IO 认证失败: invalid signature","name":"JsonWebTokenError","stack":"JsonWebTokenError: invalid signature\n    at D:\\0振涛\\项目\\20250810\\first-yf\\api\\node_modules\\jsonwebtoken\\verify.js:171:19\n    at getSecret (D:\\0振涛\\项目\\20250810\\first-yf\\api\\node_modules\\jsonwebtoken\\verify.js:97:14)\n    at module.exports [as verify] (D:\\0振涛\\项目\\20250810\\first-yf\\api\\node_modules\\jsonwebtoken\\verify.js:101:10)\n    at SocketIOService.authenticateSocket (D:\\0振涛\\项目\\20250810\\first-yf\\api\\utils\\socketio.js:53:27)\n    at Array.<anonymous> (D:\\0振涛\\项目\\20250810\\first-yf\\api\\utils\\socketio.js:30:12)\n    at run (D:\\0振涛\\项目\\20250810\\first-yf\\api\\node_modules\\socket.io\\dist\\namespace.js:130:19)\n    at Namespace.run (D:\\0振涛\\项目\\20250810\\first-yf\\api\\node_modules\\socket.io\\dist\\namespace.js:141:9)\n    at Namespace._add (D:\\0振涛\\项目\\20250810\\first-yf\\api\\node_modules\\socket.io\\dist\\namespace.js:218:14)\n    at process.processTicksAndRejections (node:internal/process/task_queues:105:5)","timestamp":"2025-08-12 09:56:07"}
{"level":"error","message":"Socket.IO 认证失败: invalid signature","name":"JsonWebTokenError","stack":"JsonWebTokenError: invalid signature\n    at D:\\0振涛\\项目\\20250810\\first-yf\\api\\node_modules\\jsonwebtoken\\verify.js:171:19\n    at getSecret (D:\\0振涛\\项目\\20250810\\first-yf\\api\\node_modules\\jsonwebtoken\\verify.js:97:14)\n    at module.exports [as verify] (D:\\0振涛\\项目\\20250810\\first-yf\\api\\node_modules\\jsonwebtoken\\verify.js:101:10)\n    at SocketIOService.authenticateSocket (D:\\0振涛\\项目\\20250810\\first-yf\\api\\utils\\socketio.js:53:27)\n    at Array.<anonymous> (D:\\0振涛\\项目\\20250810\\first-yf\\api\\utils\\socketio.js:30:12)\n    at run (D:\\0振涛\\项目\\20250810\\first-yf\\api\\node_modules\\socket.io\\dist\\namespace.js:130:19)\n    at Namespace.run (D:\\0振涛\\项目\\20250810\\first-yf\\api\\node_modules\\socket.io\\dist\\namespace.js:141:9)\n    at Namespace._add (D:\\0振涛\\项目\\20250810\\first-yf\\api\\node_modules\\socket.io\\dist\\namespace.js:218:14)\n    at process.processTicksAndRejections (node:internal/process/task_queues:105:5)","timestamp":"2025-08-12 09:58:41"}
{"level":"info","message":"获取会话列表 - 请求参数: page=1, limit=10, userId=undefined","timestamp":"2025-08-12 09:58:41"}
{"level":"warn","message":"无效的用户ID格式: undefined","timestamp":"2025-08-12 09:58:41"}
{"level":"info","message":"获取系统消息 - 请求参数: page=1, limit=20, userId=undefined","timestamp":"2025-08-12 09:58:41"}
{"level":"warn","message":"无效的用户ID格式: undefined","timestamp":"2025-08-12 09:58:41"}
{"level":"info","message":"获取会话列表 - 请求参数: page=1, limit=10, userId=undefined","timestamp":"2025-08-12 09:58:58"}
{"level":"warn","message":"无效的用户ID格式: undefined","timestamp":"2025-08-12 09:58:58"}
{"level":"info","message":"获取系统消息 - 请求参数: page=1, limit=20, userId=undefined","timestamp":"2025-08-12 09:58:58"}
{"level":"warn","message":"无效的用户ID格式: undefined","timestamp":"2025-08-12 09:58:58"}
{"level":"info","message":"获取会话列表 - 请求参数: page=1, limit=10, userId=undefined","timestamp":"2025-08-12 09:58:58"}
{"level":"warn","message":"无效的用户ID格式: undefined","timestamp":"2025-08-12 09:58:58"}
{"level":"error","message":"Socket.IO 认证失败: invalid signature","name":"JsonWebTokenError","stack":"JsonWebTokenError: invalid signature\n    at D:\\0振涛\\项目\\20250810\\first-yf\\api\\node_modules\\jsonwebtoken\\verify.js:171:19\n    at getSecret (D:\\0振涛\\项目\\20250810\\first-yf\\api\\node_modules\\jsonwebtoken\\verify.js:97:14)\n    at module.exports [as verify] (D:\\0振涛\\项目\\20250810\\first-yf\\api\\node_modules\\jsonwebtoken\\verify.js:101:10)\n    at SocketIOService.authenticateSocket (D:\\0振涛\\项目\\20250810\\first-yf\\api\\utils\\socketio.js:53:27)\n    at Array.<anonymous> (D:\\0振涛\\项目\\20250810\\first-yf\\api\\utils\\socketio.js:30:12)\n    at run (D:\\0振涛\\项目\\20250810\\first-yf\\api\\node_modules\\socket.io\\dist\\namespace.js:130:19)\n    at Namespace.run (D:\\0振涛\\项目\\20250810\\first-yf\\api\\node_modules\\socket.io\\dist\\namespace.js:141:9)\n    at Namespace._add (D:\\0振涛\\项目\\20250810\\first-yf\\api\\node_modules\\socket.io\\dist\\namespace.js:218:14)\n    at process.processTicksAndRejections (node:internal/process/task_queues:105:5)","timestamp":"2025-08-12 09:58:58"}
{"level":"info","message":"获取系统消息 - 请求参数: page=1, limit=20, userId=undefined","timestamp":"2025-08-12 09:58:58"}
{"level":"warn","message":"无效的用户ID格式: undefined","timestamp":"2025-08-12 09:58:58"}
{"level":"error","message":"Socket.IO 认证失败: invalid signature","name":"JsonWebTokenError","stack":"JsonWebTokenError: invalid signature\n    at D:\\0振涛\\项目\\20250810\\first-yf\\api\\node_modules\\jsonwebtoken\\verify.js:171:19\n    at getSecret (D:\\0振涛\\项目\\20250810\\first-yf\\api\\node_modules\\jsonwebtoken\\verify.js:97:14)\n    at module.exports [as verify] (D:\\0振涛\\项目\\20250810\\first-yf\\api\\node_modules\\jsonwebtoken\\verify.js:101:10)\n    at SocketIOService.authenticateSocket (D:\\0振涛\\项目\\20250810\\first-yf\\api\\utils\\socketio.js:53:27)\n    at Array.<anonymous> (D:\\0振涛\\项目\\20250810\\first-yf\\api\\utils\\socketio.js:30:12)\n    at run (D:\\0振涛\\项目\\20250810\\first-yf\\api\\node_modules\\socket.io\\dist\\namespace.js:130:19)\n    at Namespace.run (D:\\0振涛\\项目\\20250810\\first-yf\\api\\node_modules\\socket.io\\dist\\namespace.js:141:9)\n    at Namespace._add (D:\\0振涛\\项目\\20250810\\first-yf\\api\\node_modules\\socket.io\\dist\\namespace.js:218:14)\n    at process.processTicksAndRejections (node:internal/process/task_queues:105:5)","timestamp":"2025-08-12 10:01:03"}
{"level":"error","message":"Socket.IO 认证失败: invalid signature","name":"JsonWebTokenError","stack":"JsonWebTokenError: invalid signature\n    at D:\\0振涛\\项目\\20250810\\first-yf\\api\\node_modules\\jsonwebtoken\\verify.js:171:19\n    at getSecret (D:\\0振涛\\项目\\20250810\\first-yf\\api\\node_modules\\jsonwebtoken\\verify.js:97:14)\n    at module.exports [as verify] (D:\\0振涛\\项目\\20250810\\first-yf\\api\\node_modules\\jsonwebtoken\\verify.js:101:10)\n    at SocketIOService.authenticateSocket (D:\\0振涛\\项目\\20250810\\first-yf\\api\\utils\\socketio.js:53:27)\n    at Array.<anonymous> (D:\\0振涛\\项目\\20250810\\first-yf\\api\\utils\\socketio.js:30:12)\n    at run (D:\\0振涛\\项目\\20250810\\first-yf\\api\\node_modules\\socket.io\\dist\\namespace.js:130:19)\n    at Namespace.run (D:\\0振涛\\项目\\20250810\\first-yf\\api\\node_modules\\socket.io\\dist\\namespace.js:141:9)\n    at Namespace._add (D:\\0振涛\\项目\\20250810\\first-yf\\api\\node_modules\\socket.io\\dist\\namespace.js:218:14)\n    at process.processTicksAndRejections (node:internal/process/task_queues:105:5)","timestamp":"2025-08-12 10:01:15"}
{"level":"info","message":"获取会话列表 - 请求参数: page=1, limit=10, userId=user_id_from_token","timestamp":"2025-08-12 10:01:15"}
{"level":"warn","message":"无效的用户ID格式: user_id_from_token","timestamp":"2025-08-12 10:01:15"}
{"level":"info","message":"获取系统消息 - 请求参数: page=1, limit=20, userId=user_id_from_token","timestamp":"2025-08-12 10:01:15"}
{"level":"warn","message":"无效的用户ID格式: user_id_from_token","timestamp":"2025-08-12 10:01:15"}
{"level":"error","message":"Socket.IO 认证失败: invalid signature","name":"JsonWebTokenError","stack":"JsonWebTokenError: invalid signature\n    at D:\\0振涛\\项目\\20250810\\first-yf\\api\\node_modules\\jsonwebtoken\\verify.js:171:19\n    at getSecret (D:\\0振涛\\项目\\20250810\\first-yf\\api\\node_modules\\jsonwebtoken\\verify.js:97:14)\n    at module.exports [as verify] (D:\\0振涛\\项目\\20250810\\first-yf\\api\\node_modules\\jsonwebtoken\\verify.js:101:10)\n    at SocketIOService.authenticateSocket (D:\\0振涛\\项目\\20250810\\first-yf\\api\\utils\\socketio.js:53:27)\n    at Array.<anonymous> (D:\\0振涛\\项目\\20250810\\first-yf\\api\\utils\\socketio.js:30:12)\n    at run (D:\\0振涛\\项目\\20250810\\first-yf\\api\\node_modules\\socket.io\\dist\\namespace.js:130:19)\n    at Namespace.run (D:\\0振涛\\项目\\20250810\\first-yf\\api\\node_modules\\socket.io\\dist\\namespace.js:141:9)\n    at Namespace._add (D:\\0振涛\\项目\\20250810\\first-yf\\api\\node_modules\\socket.io\\dist\\namespace.js:218:14)\n    at process.processTicksAndRejections (node:internal/process/task_queues:105:5)","timestamp":"2025-08-12 10:01:55"}
{"level":"info","message":"获取系统消息 - 请求参数: page=1, limit=20, userId=user_id_from_token","timestamp":"2025-08-12 10:01:55"}
{"level":"warn","message":"无效的用户ID格式: user_id_from_token","timestamp":"2025-08-12 10:01:55"}
{"level":"info","message":"获取会话列表 - 请求参数: page=1, limit=10, userId=user_id_from_token","timestamp":"2025-08-12 10:01:55"}
{"level":"warn","message":"无效的用户ID格式: user_id_from_token","timestamp":"2025-08-12 10:01:55"}
{"level":"info","message":"获取系统消息 - 请求参数: page=1, limit=20, userId=user_id_from_token","timestamp":"2025-08-12 10:02:04"}
{"level":"warn","message":"无效的用户ID格式: user_id_from_token","timestamp":"2025-08-12 10:02:04"}
{"level":"info","message":"获取会话列表 - 请求参数: page=1, limit=10, userId=user_id_from_token","timestamp":"2025-08-12 10:02:04"}
{"level":"warn","message":"无效的用户ID格式: user_id_from_token","timestamp":"2025-08-12 10:02:04"}
{"level":"info","message":"获取会话列表 - 请求参数: page=1, limit=10, userId=user_id_from_token","timestamp":"2025-08-12 10:02:04"}
{"level":"warn","message":"无效的用户ID格式: user_id_from_token","timestamp":"2025-08-12 10:02:04"}
{"level":"info","message":"获取系统消息 - 请求参数: page=1, limit=20, userId=user_id_from_token","timestamp":"2025-08-12 10:02:04"}
{"level":"warn","message":"无效的用户ID格式: user_id_from_token","timestamp":"2025-08-12 10:02:04"}
{"level":"error","message":"Socket.IO 认证失败: invalid signature","name":"JsonWebTokenError","stack":"JsonWebTokenError: invalid signature\n    at D:\\0振涛\\项目\\20250810\\first-yf\\api\\node_modules\\jsonwebtoken\\verify.js:171:19\n    at getSecret (D:\\0振涛\\项目\\20250810\\first-yf\\api\\node_modules\\jsonwebtoken\\verify.js:97:14)\n    at module.exports [as verify] (D:\\0振涛\\项目\\20250810\\first-yf\\api\\node_modules\\jsonwebtoken\\verify.js:101:10)\n    at SocketIOService.authenticateSocket (D:\\0振涛\\项目\\20250810\\first-yf\\api\\utils\\socketio.js:53:27)\n    at Array.<anonymous> (D:\\0振涛\\项目\\20250810\\first-yf\\api\\utils\\socketio.js:30:12)\n    at run (D:\\0振涛\\项目\\20250810\\first-yf\\api\\node_modules\\socket.io\\dist\\namespace.js:130:19)\n    at Namespace.run (D:\\0振涛\\项目\\20250810\\first-yf\\api\\node_modules\\socket.io\\dist\\namespace.js:141:9)\n    at Namespace._add (D:\\0振涛\\项目\\20250810\\first-yf\\api\\node_modules\\socket.io\\dist\\namespace.js:218:14)\n    at process.processTicksAndRejections (node:internal/process/task_queues:105:5)","timestamp":"2025-08-12 10:02:04"}
{"level":"error","message":"Socket.IO 认证失败: invalid signature","name":"JsonWebTokenError","stack":"JsonWebTokenError: invalid signature\n    at D:\\0振涛\\项目\\20250810\\first-yf\\api\\node_modules\\jsonwebtoken\\verify.js:171:19\n    at getSecret (D:\\0振涛\\项目\\20250810\\first-yf\\api\\node_modules\\jsonwebtoken\\verify.js:97:14)\n    at module.exports [as verify] (D:\\0振涛\\项目\\20250810\\first-yf\\api\\node_modules\\jsonwebtoken\\verify.js:101:10)\n    at SocketIOService.authenticateSocket (D:\\0振涛\\项目\\20250810\\first-yf\\api\\utils\\socketio.js:53:27)\n    at Array.<anonymous> (D:\\0振涛\\项目\\20250810\\first-yf\\api\\utils\\socketio.js:30:12)\n    at run (D:\\0振涛\\项目\\20250810\\first-yf\\api\\node_modules\\socket.io\\dist\\namespace.js:130:19)\n    at Namespace.run (D:\\0振涛\\项目\\20250810\\first-yf\\api\\node_modules\\socket.io\\dist\\namespace.js:141:9)\n    at Namespace._add (D:\\0振涛\\项目\\20250810\\first-yf\\api\\node_modules\\socket.io\\dist\\namespace.js:218:14)\n    at process.processTicksAndRejections (node:internal/process/task_queues:105:5)","timestamp":"2025-08-12 10:02:14"}
{"level":"info","message":"获取会话列表 - 请求参数: page=1, limit=10, userId=user_id_from_token","timestamp":"2025-08-12 10:02:14"}
{"level":"warn","message":"无效的用户ID格式: user_id_from_token","timestamp":"2025-08-12 10:02:14"}
{"level":"info","message":"获取系统消息 - 请求参数: page=1, limit=20, userId=user_id_from_token","timestamp":"2025-08-12 10:02:14"}
{"level":"warn","message":"无效的用户ID格式: user_id_from_token","timestamp":"2025-08-12 10:02:14"}
{"level":"error","message":"Socket.IO 认证失败: invalid signature","name":"JsonWebTokenError","stack":"JsonWebTokenError: invalid signature\n    at D:\\0振涛\\项目\\20250810\\first-yf\\api\\node_modules\\jsonwebtoken\\verify.js:171:19\n    at getSecret (D:\\0振涛\\项目\\20250810\\first-yf\\api\\node_modules\\jsonwebtoken\\verify.js:97:14)\n    at module.exports [as verify] (D:\\0振涛\\项目\\20250810\\first-yf\\api\\node_modules\\jsonwebtoken\\verify.js:101:10)\n    at SocketIOService.authenticateSocket (D:\\0振涛\\项目\\20250810\\first-yf\\api\\utils\\socketio.js:53:27)\n    at Array.<anonymous> (D:\\0振涛\\项目\\20250810\\first-yf\\api\\utils\\socketio.js:30:12)\n    at run (D:\\0振涛\\项目\\20250810\\first-yf\\api\\node_modules\\socket.io\\dist\\namespace.js:130:19)\n    at Namespace.run (D:\\0振涛\\项目\\20250810\\first-yf\\api\\node_modules\\socket.io\\dist\\namespace.js:141:9)\n    at Namespace._add (D:\\0振涛\\项目\\20250810\\first-yf\\api\\node_modules\\socket.io\\dist\\namespace.js:218:14)\n    at process.processTicksAndRejections (node:internal/process/task_queues:105:5)","timestamp":"2025-08-12 10:02:15"}
{"level":"info","message":"获取会话列表 - 请求参数: page=1, limit=10, userId=user_id_from_token","timestamp":"2025-08-12 10:02:15"}
{"level":"warn","message":"无效的用户ID格式: user_id_from_token","timestamp":"2025-08-12 10:02:15"}
{"level":"info","message":"获取系统消息 - 请求参数: page=1, limit=20, userId=user_id_from_token","timestamp":"2025-08-12 10:02:15"}
{"level":"warn","message":"无效的用户ID格式: user_id_from_token","timestamp":"2025-08-12 10:02:15"}
{"level":"error","message":"Socket.IO 认证失败: invalid signature","name":"JsonWebTokenError","stack":"JsonWebTokenError: invalid signature\n    at D:\\0振涛\\项目\\20250810\\first-yf\\api\\node_modules\\jsonwebtoken\\verify.js:171:19\n    at getSecret (D:\\0振涛\\项目\\20250810\\first-yf\\api\\node_modules\\jsonwebtoken\\verify.js:97:14)\n    at module.exports [as verify] (D:\\0振涛\\项目\\20250810\\first-yf\\api\\node_modules\\jsonwebtoken\\verify.js:101:10)\n    at SocketIOService.authenticateSocket (D:\\0振涛\\项目\\20250810\\first-yf\\api\\utils\\socketio.js:53:27)\n    at Array.<anonymous> (D:\\0振涛\\项目\\20250810\\first-yf\\api\\utils\\socketio.js:30:12)\n    at run (D:\\0振涛\\项目\\20250810\\first-yf\\api\\node_modules\\socket.io\\dist\\namespace.js:130:19)\n    at Namespace.run (D:\\0振涛\\项目\\20250810\\first-yf\\api\\node_modules\\socket.io\\dist\\namespace.js:141:9)\n    at Namespace._add (D:\\0振涛\\项目\\20250810\\first-yf\\api\\node_modules\\socket.io\\dist\\namespace.js:218:14)\n    at process.processTicksAndRejections (node:internal/process/task_queues:105:5)","timestamp":"2025-08-12 10:02:17"}
{"level":"info","message":"获取会话列表 - 请求参数: page=1, limit=10, userId=user_id_from_token","timestamp":"2025-08-12 10:02:17"}
{"level":"warn","message":"无效的用户ID格式: user_id_from_token","timestamp":"2025-08-12 10:02:17"}
{"level":"info","message":"获取系统消息 - 请求参数: page=1, limit=20, userId=user_id_from_token","timestamp":"2025-08-12 10:02:17"}
{"level":"warn","message":"无效的用户ID格式: user_id_from_token","timestamp":"2025-08-12 10:02:17"}
{"level":"error","message":"Socket.IO 认证失败: invalid signature","name":"JsonWebTokenError","stack":"JsonWebTokenError: invalid signature\n    at D:\\0振涛\\项目\\20250810\\first-yf\\api\\node_modules\\jsonwebtoken\\verify.js:171:19\n    at getSecret (D:\\0振涛\\项目\\20250810\\first-yf\\api\\node_modules\\jsonwebtoken\\verify.js:97:14)\n    at module.exports [as verify] (D:\\0振涛\\项目\\20250810\\first-yf\\api\\node_modules\\jsonwebtoken\\verify.js:101:10)\n    at SocketIOService.authenticateSocket (D:\\0振涛\\项目\\20250810\\first-yf\\api\\utils\\socketio.js:53:27)\n    at Array.<anonymous> (D:\\0振涛\\项目\\20250810\\first-yf\\api\\utils\\socketio.js:30:12)\n    at run (D:\\0振涛\\项目\\20250810\\first-yf\\api\\node_modules\\socket.io\\dist\\namespace.js:130:19)\n    at Namespace.run (D:\\0振涛\\项目\\20250810\\first-yf\\api\\node_modules\\socket.io\\dist\\namespace.js:141:9)\n    at Namespace._add (D:\\0振涛\\项目\\20250810\\first-yf\\api\\node_modules\\socket.io\\dist\\namespace.js:218:14)\n    at process.processTicksAndRejections (node:internal/process/task_queues:105:5)","timestamp":"2025-08-12 10:02:19"}
{"level":"info","message":"获取会话列表 - 请求参数: page=1, limit=10, userId=user_id_from_token","timestamp":"2025-08-12 10:02:19"}
{"level":"warn","message":"无效的用户ID格式: user_id_from_token","timestamp":"2025-08-12 10:02:19"}
{"level":"info","message":"获取系统消息 - 请求参数: page=1, limit=20, userId=user_id_from_token","timestamp":"2025-08-12 10:02:19"}
{"level":"warn","message":"无效的用户ID格式: user_id_from_token","timestamp":"2025-08-12 10:02:19"}
{"level":"error","message":"Socket.IO 认证失败: invalid signature","name":"JsonWebTokenError","stack":"JsonWebTokenError: invalid signature\n    at D:\\0振涛\\项目\\20250810\\first-yf\\api\\node_modules\\jsonwebtoken\\verify.js:171:19\n    at getSecret (D:\\0振涛\\项目\\20250810\\first-yf\\api\\node_modules\\jsonwebtoken\\verify.js:97:14)\n    at module.exports [as verify] (D:\\0振涛\\项目\\20250810\\first-yf\\api\\node_modules\\jsonwebtoken\\verify.js:101:10)\n    at SocketIOService.authenticateSocket (D:\\0振涛\\项目\\20250810\\first-yf\\api\\utils\\socketio.js:53:27)\n    at Array.<anonymous> (D:\\0振涛\\项目\\20250810\\first-yf\\api\\utils\\socketio.js:30:12)\n    at run (D:\\0振涛\\项目\\20250810\\first-yf\\api\\node_modules\\socket.io\\dist\\namespace.js:130:19)\n    at Namespace.run (D:\\0振涛\\项目\\20250810\\first-yf\\api\\node_modules\\socket.io\\dist\\namespace.js:141:9)\n    at Namespace._add (D:\\0振涛\\项目\\20250810\\first-yf\\api\\node_modules\\socket.io\\dist\\namespace.js:218:14)\n    at process.processTicksAndRejections (node:internal/process/task_queues:105:5)","timestamp":"2025-08-12 10:02:24"}
{"level":"info","message":"获取会话列表 - 请求参数: page=1, limit=10, userId=user_id_from_token","timestamp":"2025-08-12 10:02:24"}
{"level":"warn","message":"无效的用户ID格式: user_id_from_token","timestamp":"2025-08-12 10:02:24"}
{"level":"info","message":"获取系统消息 - 请求参数: page=1, limit=20, userId=user_id_from_token","timestamp":"2025-08-12 10:02:24"}
{"level":"warn","message":"无效的用户ID格式: user_id_from_token","timestamp":"2025-08-12 10:02:24"}
{"level":"error","message":"Socket.IO 认证失败: invalid signature","name":"JsonWebTokenError","stack":"JsonWebTokenError: invalid signature\n    at D:\\0振涛\\项目\\20250810\\first-yf\\api\\node_modules\\jsonwebtoken\\verify.js:171:19\n    at getSecret (D:\\0振涛\\项目\\20250810\\first-yf\\api\\node_modules\\jsonwebtoken\\verify.js:97:14)\n    at module.exports [as verify] (D:\\0振涛\\项目\\20250810\\first-yf\\api\\node_modules\\jsonwebtoken\\verify.js:101:10)\n    at SocketIOService.authenticateSocket (D:\\0振涛\\项目\\20250810\\first-yf\\api\\utils\\socketio.js:53:27)\n    at Array.<anonymous> (D:\\0振涛\\项目\\20250810\\first-yf\\api\\utils\\socketio.js:30:12)\n    at run (D:\\0振涛\\项目\\20250810\\first-yf\\api\\node_modules\\socket.io\\dist\\namespace.js:130:19)\n    at Namespace.run (D:\\0振涛\\项目\\20250810\\first-yf\\api\\node_modules\\socket.io\\dist\\namespace.js:141:9)\n    at Namespace._add (D:\\0振涛\\项目\\20250810\\first-yf\\api\\node_modules\\socket.io\\dist\\namespace.js:218:14)\n    at process.processTicksAndRejections (node:internal/process/task_queues:105:5)","timestamp":"2025-08-12 10:02:28"}
{"level":"info","message":"获取会话列表 - 请求参数: page=1, limit=10, userId=user_id_from_token","timestamp":"2025-08-12 10:02:28"}
{"level":"warn","message":"无效的用户ID格式: user_id_from_token","timestamp":"2025-08-12 10:02:28"}
{"level":"info","message":"获取系统消息 - 请求参数: page=1, limit=20, userId=user_id_from_token","timestamp":"2025-08-12 10:02:28"}
{"level":"warn","message":"无效的用户ID格式: user_id_from_token","timestamp":"2025-08-12 10:02:28"}
{"level":"error","message":"Socket.IO 认证失败: invalid signature","name":"JsonWebTokenError","stack":"JsonWebTokenError: invalid signature\n    at D:\\0振涛\\项目\\20250810\\first-yf\\api\\node_modules\\jsonwebtoken\\verify.js:171:19\n    at getSecret (D:\\0振涛\\项目\\20250810\\first-yf\\api\\node_modules\\jsonwebtoken\\verify.js:97:14)\n    at module.exports [as verify] (D:\\0振涛\\项目\\20250810\\first-yf\\api\\node_modules\\jsonwebtoken\\verify.js:101:10)\n    at SocketIOService.authenticateSocket (D:\\0振涛\\项目\\20250810\\first-yf\\api\\utils\\socketio.js:53:27)\n    at Array.<anonymous> (D:\\0振涛\\项目\\20250810\\first-yf\\api\\utils\\socketio.js:30:12)\n    at run (D:\\0振涛\\项目\\20250810\\first-yf\\api\\node_modules\\socket.io\\dist\\namespace.js:130:19)\n    at Namespace.run (D:\\0振涛\\项目\\20250810\\first-yf\\api\\node_modules\\socket.io\\dist\\namespace.js:141:9)\n    at Namespace._add (D:\\0振涛\\项目\\20250810\\first-yf\\api\\node_modules\\socket.io\\dist\\namespace.js:218:14)\n    at process.processTicksAndRejections (node:internal/process/task_queues:105:5)","timestamp":"2025-08-12 10:02:39"}
{"level":"info","message":"获取系统消息 - 请求参数: page=1, limit=20, userId=user_id_from_token","timestamp":"2025-08-12 10:02:39"}
{"level":"warn","message":"无效的用户ID格式: user_id_from_token","timestamp":"2025-08-12 10:02:39"}
{"level":"info","message":"获取会话列表 - 请求参数: page=1, limit=10, userId=user_id_from_token","timestamp":"2025-08-12 10:02:39"}
{"level":"warn","message":"无效的用户ID格式: user_id_from_token","timestamp":"2025-08-12 10:02:39"}
{"level":"error","message":"Socket.IO 认证失败: invalid signature","name":"JsonWebTokenError","stack":"JsonWebTokenError: invalid signature\n    at D:\\0振涛\\项目\\20250810\\first-yf\\api\\node_modules\\jsonwebtoken\\verify.js:171:19\n    at getSecret (D:\\0振涛\\项目\\20250810\\first-yf\\api\\node_modules\\jsonwebtoken\\verify.js:97:14)\n    at module.exports [as verify] (D:\\0振涛\\项目\\20250810\\first-yf\\api\\node_modules\\jsonwebtoken\\verify.js:101:10)\n    at SocketIOService.authenticateSocket (D:\\0振涛\\项目\\20250810\\first-yf\\api\\utils\\socketio.js:53:27)\n    at Array.<anonymous> (D:\\0振涛\\项目\\20250810\\first-yf\\api\\utils\\socketio.js:30:12)\n    at run (D:\\0振涛\\项目\\20250810\\first-yf\\api\\node_modules\\socket.io\\dist\\namespace.js:130:19)\n    at Namespace.run (D:\\0振涛\\项目\\20250810\\first-yf\\api\\node_modules\\socket.io\\dist\\namespace.js:141:9)\n    at Namespace._add (D:\\0振涛\\项目\\20250810\\first-yf\\api\\node_modules\\socket.io\\dist\\namespace.js:218:14)\n    at process.processTicksAndRejections (node:internal/process/task_queues:105:5)","timestamp":"2025-08-12 10:02:41"}
{"level":"info","message":"获取会话列表 - 请求参数: page=1, limit=10, userId=user_id_from_token","timestamp":"2025-08-12 10:02:41"}
{"level":"warn","message":"无效的用户ID格式: user_id_from_token","timestamp":"2025-08-12 10:02:41"}
{"level":"info","message":"获取系统消息 - 请求参数: page=1, limit=20, userId=user_id_from_token","timestamp":"2025-08-12 10:02:41"}
{"level":"warn","message":"无效的用户ID格式: user_id_from_token","timestamp":"2025-08-12 10:02:41"}
{"level":"error","message":"Socket.IO 认证失败: invalid signature","name":"JsonWebTokenError","stack":"JsonWebTokenError: invalid signature\n    at D:\\0振涛\\项目\\20250810\\first-yf\\api\\node_modules\\jsonwebtoken\\verify.js:171:19\n    at getSecret (D:\\0振涛\\项目\\20250810\\first-yf\\api\\node_modules\\jsonwebtoken\\verify.js:97:14)\n    at module.exports [as verify] (D:\\0振涛\\项目\\20250810\\first-yf\\api\\node_modules\\jsonwebtoken\\verify.js:101:10)\n    at SocketIOService.authenticateSocket (D:\\0振涛\\项目\\20250810\\first-yf\\api\\utils\\socketio.js:53:27)\n    at Array.<anonymous> (D:\\0振涛\\项目\\20250810\\first-yf\\api\\utils\\socketio.js:30:12)\n    at run (D:\\0振涛\\项目\\20250810\\first-yf\\api\\node_modules\\socket.io\\dist\\namespace.js:130:19)\n    at Namespace.run (D:\\0振涛\\项目\\20250810\\first-yf\\api\\node_modules\\socket.io\\dist\\namespace.js:141:9)\n    at Namespace._add (D:\\0振涛\\项目\\20250810\\first-yf\\api\\node_modules\\socket.io\\dist\\namespace.js:218:14)\n    at process.processTicksAndRejections (node:internal/process/task_queues:105:5)","timestamp":"2025-08-12 10:02:47"}
{"level":"info","message":"获取系统消息 - 请求参数: page=1, limit=20, userId=user_id_from_token","timestamp":"2025-08-12 10:02:47"}
{"level":"warn","message":"无效的用户ID格式: user_id_from_token","timestamp":"2025-08-12 10:02:47"}
{"level":"info","message":"获取会话列表 - 请求参数: page=1, limit=10, userId=user_id_from_token","timestamp":"2025-08-12 10:02:47"}
{"level":"warn","message":"无效的用户ID格式: user_id_from_token","timestamp":"2025-08-12 10:02:47"}
{"level":"error","message":"Socket.IO 认证失败: invalid signature","name":"JsonWebTokenError","stack":"JsonWebTokenError: invalid signature\n    at D:\\0振涛\\项目\\20250810\\first-yf\\api\\node_modules\\jsonwebtoken\\verify.js:171:19\n    at getSecret (D:\\0振涛\\项目\\20250810\\first-yf\\api\\node_modules\\jsonwebtoken\\verify.js:97:14)\n    at module.exports [as verify] (D:\\0振涛\\项目\\20250810\\first-yf\\api\\node_modules\\jsonwebtoken\\verify.js:101:10)\n    at SocketIOService.authenticateSocket (D:\\0振涛\\项目\\20250810\\first-yf\\api\\utils\\socketio.js:53:27)\n    at Array.<anonymous> (D:\\0振涛\\项目\\20250810\\first-yf\\api\\utils\\socketio.js:30:12)\n    at run (D:\\0振涛\\项目\\20250810\\first-yf\\api\\node_modules\\socket.io\\dist\\namespace.js:130:19)\n    at Namespace.run (D:\\0振涛\\项目\\20250810\\first-yf\\api\\node_modules\\socket.io\\dist\\namespace.js:141:9)\n    at Namespace._add (D:\\0振涛\\项目\\20250810\\first-yf\\api\\node_modules\\socket.io\\dist\\namespace.js:218:14)\n    at process.processTicksAndRejections (node:internal/process/task_queues:105:5)","timestamp":"2025-08-12 10:02:51"}
{"level":"info","message":"获取会话列表 - 请求参数: page=1, limit=10, userId=user_id_from_token","timestamp":"2025-08-12 10:02:51"}
{"level":"warn","message":"无效的用户ID格式: user_id_from_token","timestamp":"2025-08-12 10:02:51"}
{"level":"info","message":"获取系统消息 - 请求参数: page=1, limit=20, userId=user_id_from_token","timestamp":"2025-08-12 10:02:51"}
{"level":"warn","message":"无效的用户ID格式: user_id_from_token","timestamp":"2025-08-12 10:02:51"}
{"level":"info","message":"获取会话列表 - 请求参数: page=1, limit=10, userId=688839f718563bb24b7497f9","timestamp":"2025-08-12 10:19:18"}
{"level":"info","message":"转换后的ObjectId: 688839f718563bb24b7497f9","timestamp":"2025-08-12 10:19:18"}
{"level":"info","message":"获取系统消息 - 请求参数: page=1, limit=20, userId=688839f718563bb24b7497f9","timestamp":"2025-08-12 10:19:18"}
{"level":"info","message":"获取会话列表 - 请求参数: page=1, limit=10, userId=688839f718563bb24b7497f9","timestamp":"2025-08-12 10:19:18"}
{"level":"info","message":"转换后的ObjectId: 688839f718563bb24b7497f9","timestamp":"2025-08-12 10:19:18"}
{"level":"info","message":"获取系统消息 - 请求参数: page=1, limit=20, userId=688839f718563bb24b7497f9","timestamp":"2025-08-12 10:19:18"}
{"level":"error","message":"Socket.IO 认证失败: invalid signature","name":"JsonWebTokenError","stack":"JsonWebTokenError: invalid signature\n    at D:\\0振涛\\项目\\20250810\\first-yf\\api\\node_modules\\jsonwebtoken\\verify.js:171:19\n    at getSecret (D:\\0振涛\\项目\\20250810\\first-yf\\api\\node_modules\\jsonwebtoken\\verify.js:97:14)\n    at module.exports [as verify] (D:\\0振涛\\项目\\20250810\\first-yf\\api\\node_modules\\jsonwebtoken\\verify.js:101:10)\n    at SocketIOService.authenticateSocket (D:\\0振涛\\项目\\20250810\\first-yf\\api\\utils\\socketio.js:53:27)\n    at Array.<anonymous> (D:\\0振涛\\项目\\20250810\\first-yf\\api\\utils\\socketio.js:30:12)\n    at run (D:\\0振涛\\项目\\20250810\\first-yf\\api\\node_modules\\socket.io\\dist\\namespace.js:130:19)\n    at Namespace.run (D:\\0振涛\\项目\\20250810\\first-yf\\api\\node_modules\\socket.io\\dist\\namespace.js:141:9)\n    at Namespace._add (D:\\0振涛\\项目\\20250810\\first-yf\\api\\node_modules\\socket.io\\dist\\namespace.js:218:14)\n    at process.processTicksAndRejections (node:internal/process/task_queues:105:5)","timestamp":"2025-08-12 10:19:18"}
{"level":"error","message":"Socket.IO 认证失败: invalid signature","name":"JsonWebTokenError","stack":"JsonWebTokenError: invalid signature\n    at D:\\0振涛\\项目\\20250810\\first-yf\\api\\node_modules\\jsonwebtoken\\verify.js:171:19\n    at getSecret (D:\\0振涛\\项目\\20250810\\first-yf\\api\\node_modules\\jsonwebtoken\\verify.js:97:14)\n    at module.exports [as verify] (D:\\0振涛\\项目\\20250810\\first-yf\\api\\node_modules\\jsonwebtoken\\verify.js:101:10)\n    at SocketIOService.authenticateSocket (D:\\0振涛\\项目\\20250810\\first-yf\\api\\utils\\socketio.js:53:27)\n    at Array.<anonymous> (D:\\0振涛\\项目\\20250810\\first-yf\\api\\utils\\socketio.js:30:12)\n    at run (D:\\0振涛\\项目\\20250810\\first-yf\\api\\node_modules\\socket.io\\dist\\namespace.js:130:19)\n    at Namespace.run (D:\\0振涛\\项目\\20250810\\first-yf\\api\\node_modules\\socket.io\\dist\\namespace.js:141:9)\n    at Namespace._add (D:\\0振涛\\项目\\20250810\\first-yf\\api\\node_modules\\socket.io\\dist\\namespace.js:218:14)\n    at process.processTicksAndRejections (node:internal/process/task_queues:105:5)","timestamp":"2025-08-12 10:19:18"}
{"level":"error","message":"获取系统消息失败: Schema hasn't been registered for model \"User\".\nUse mongoose.model(name, schema)","stack":"MissingSchemaError: Schema hasn't been registered for model \"User\".\nUse mongoose.model(name, schema)\n    at NativeConnection.model (D:\\0振涛\\项目\\20250810\\first-yf\\api\\node_modules\\mongoose\\lib\\connection.js:1493:13)\n    at _getModelFromConn (D:\\0振涛\\项目\\20250810\\first-yf\\api\\node_modules\\mongoose\\lib\\helpers\\populate\\getModelsMapForPopulate.js:579:15)\n    at addModelNamesToMap (D:\\0振涛\\项目\\20250810\\first-yf\\api\\node_modules\\mongoose\\lib\\helpers\\populate\\getModelsMapForPopulate.js:507:17)\n    at getModelsMapForPopulate (D:\\0振涛\\项目\\20250810\\first-yf\\api\\node_modules\\mongoose\\lib\\helpers\\populate\\getModelsMapForPopulate.js:208:7)\n    at _populatePath (D:\\0振涛\\项目\\20250810\\first-yf\\api\\node_modules\\mongoose\\lib\\model.js:4458:21)\n    at Function.populate (D:\\0振涛\\项目\\20250810\\first-yf\\api\\node_modules\\mongoose\\lib\\model.js:4425:21)\n    at model.Query._find (D:\\0振涛\\项目\\20250810\\first-yf\\api\\node_modules\\mongoose\\lib\\query.js:2456:20)\n    at process.processTicksAndRejections (node:internal/process/task_queues:105:5)\n    at async model.Query.exec (D:\\0振涛\\项目\\20250810\\first-yf\\api\\node_modules\\mongoose\\lib\\query.js:4627:63)\n    at async D:\\0振涛\\项目\\20250810\\first-yf\\api\\routes\\messages.js:315:32","timestamp":"2025-08-12 10:19:18"}
{"level":"info","message":"聚合查询结果: 1 个会话","timestamp":"2025-08-12 10:19:18"}
{"level":"error","message":"获取私信会话列表失败: Schema hasn't been registered for model \"User\".\nUse mongoose.model(name, schema)","stack":"MissingSchemaError: Schema hasn't been registered for model \"User\".\nUse mongoose.model(name, schema)\n    at NativeConnection.model (D:\\0振涛\\项目\\20250810\\first-yf\\api\\node_modules\\mongoose\\lib\\connection.js:1493:13)\n    at _getModelFromConn (D:\\0振涛\\项目\\20250810\\first-yf\\api\\node_modules\\mongoose\\lib\\helpers\\populate\\getModelsMapForPopulate.js:579:15)\n    at addModelNamesToMap (D:\\0振涛\\项目\\20250810\\first-yf\\api\\node_modules\\mongoose\\lib\\helpers\\populate\\getModelsMapForPopulate.js:507:17)\n    at getModelsMapForPopulate (D:\\0振涛\\项目\\20250810\\first-yf\\api\\node_modules\\mongoose\\lib\\helpers\\populate\\getModelsMapForPopulate.js:208:7)\n    at _populatePath (D:\\0振涛\\项目\\20250810\\first-yf\\api\\node_modules\\mongoose\\lib\\model.js:4458:21)\n    at Function.populate (D:\\0振涛\\项目\\20250810\\first-yf\\api\\node_modules\\mongoose\\lib\\model.js:4425:21)\n    at D:\\0振涛\\项目\\20250810\\first-yf\\api\\routes\\messages.js:161:54\n    at process.processTicksAndRejections (node:internal/process/task_queues:105:5)","timestamp":"2025-08-12 10:19:18"}
{"level":"error","message":"获取系统消息失败: Schema hasn't been registered for model \"User\".\nUse mongoose.model(name, schema)","stack":"MissingSchemaError: Schema hasn't been registered for model \"User\".\nUse mongoose.model(name, schema)\n    at NativeConnection.model (D:\\0振涛\\项目\\20250810\\first-yf\\api\\node_modules\\mongoose\\lib\\connection.js:1493:13)\n    at _getModelFromConn (D:\\0振涛\\项目\\20250810\\first-yf\\api\\node_modules\\mongoose\\lib\\helpers\\populate\\getModelsMapForPopulate.js:579:15)\n    at addModelNamesToMap (D:\\0振涛\\项目\\20250810\\first-yf\\api\\node_modules\\mongoose\\lib\\helpers\\populate\\getModelsMapForPopulate.js:507:17)\n    at getModelsMapForPopulate (D:\\0振涛\\项目\\20250810\\first-yf\\api\\node_modules\\mongoose\\lib\\helpers\\populate\\getModelsMapForPopulate.js:208:7)\n    at _populatePath (D:\\0振涛\\项目\\20250810\\first-yf\\api\\node_modules\\mongoose\\lib\\model.js:4458:21)\n    at Function.populate (D:\\0振涛\\项目\\20250810\\first-yf\\api\\node_modules\\mongoose\\lib\\model.js:4425:21)\n    at model.Query._find (D:\\0振涛\\项目\\20250810\\first-yf\\api\\node_modules\\mongoose\\lib\\query.js:2456:20)\n    at process.processTicksAndRejections (node:internal/process/task_queues:105:5)\n    at async model.Query.exec (D:\\0振涛\\项目\\20250810\\first-yf\\api\\node_modules\\mongoose\\lib\\query.js:4627:63)\n    at async D:\\0振涛\\项目\\20250810\\first-yf\\api\\routes\\messages.js:315:32","timestamp":"2025-08-12 10:19:18"}
{"level":"info","message":"聚合查询结果: 1 个会话","timestamp":"2025-08-12 10:19:18"}
{"level":"error","message":"获取私信会话列表失败: Schema hasn't been registered for model \"User\".\nUse mongoose.model(name, schema)","stack":"MissingSchemaError: Schema hasn't been registered for model \"User\".\nUse mongoose.model(name, schema)\n    at NativeConnection.model (D:\\0振涛\\项目\\20250810\\first-yf\\api\\node_modules\\mongoose\\lib\\connection.js:1493:13)\n    at _getModelFromConn (D:\\0振涛\\项目\\20250810\\first-yf\\api\\node_modules\\mongoose\\lib\\helpers\\populate\\getModelsMapForPopulate.js:579:15)\n    at addModelNamesToMap (D:\\0振涛\\项目\\20250810\\first-yf\\api\\node_modules\\mongoose\\lib\\helpers\\populate\\getModelsMapForPopulate.js:507:17)\n    at getModelsMapForPopulate (D:\\0振涛\\项目\\20250810\\first-yf\\api\\node_modules\\mongoose\\lib\\helpers\\populate\\getModelsMapForPopulate.js:208:7)\n    at _populatePath (D:\\0振涛\\项目\\20250810\\first-yf\\api\\node_modules\\mongoose\\lib\\model.js:4458:21)\n    at Function.populate (D:\\0振涛\\项目\\20250810\\first-yf\\api\\node_modules\\mongoose\\lib\\model.js:4425:21)\n    at D:\\0振涛\\项目\\20250810\\first-yf\\api\\routes\\messages.js:161:54\n    at process.processTicksAndRejections (node:internal/process/task_queues:105:5)","timestamp":"2025-08-12 10:19:18"}
{"level":"info","message":"获取会话列表 - 请求参数: page=1, limit=10, userId=688839f718563bb24b7497f9","timestamp":"2025-08-12 10:21:04"}
{"level":"info","message":"转换后的ObjectId: 688839f718563bb24b7497f9","timestamp":"2025-08-12 10:21:04"}
{"level":"info","message":"获取系统消息 - 请求参数: page=1, limit=20, userId=688839f718563bb24b7497f9","timestamp":"2025-08-12 10:21:04"}
{"level":"error","message":"Socket.IO 认证失败: invalid signature","name":"JsonWebTokenError","stack":"JsonWebTokenError: invalid signature\n    at D:\\0振涛\\项目\\20250810\\first-yf\\api\\node_modules\\jsonwebtoken\\verify.js:171:19\n    at getSecret (D:\\0振涛\\项目\\20250810\\first-yf\\api\\node_modules\\jsonwebtoken\\verify.js:97:14)\n    at module.exports [as verify] (D:\\0振涛\\项目\\20250810\\first-yf\\api\\node_modules\\jsonwebtoken\\verify.js:101:10)\n    at SocketIOService.authenticateSocket (D:\\0振涛\\项目\\20250810\\first-yf\\api\\utils\\socketio.js:53:27)\n    at Array.<anonymous> (D:\\0振涛\\项目\\20250810\\first-yf\\api\\utils\\socketio.js:30:12)\n    at run (D:\\0振涛\\项目\\20250810\\first-yf\\api\\node_modules\\socket.io\\dist\\namespace.js:130:19)\n    at Namespace.run (D:\\0振涛\\项目\\20250810\\first-yf\\api\\node_modules\\socket.io\\dist\\namespace.js:141:9)\n    at Namespace._add (D:\\0振涛\\项目\\20250810\\first-yf\\api\\node_modules\\socket.io\\dist\\namespace.js:218:14)\n    at process.processTicksAndRejections (node:internal/process/task_queues:105:5)","timestamp":"2025-08-12 10:21:04"}
{"level":"error","message":"获取系统消息失败: Schema hasn't been registered for model \"User\".\nUse mongoose.model(name, schema)","stack":"MissingSchemaError: Schema hasn't been registered for model \"User\".\nUse mongoose.model(name, schema)\n    at NativeConnection.model (D:\\0振涛\\项目\\20250810\\first-yf\\api\\node_modules\\mongoose\\lib\\connection.js:1493:13)\n    at _getModelFromConn (D:\\0振涛\\项目\\20250810\\first-yf\\api\\node_modules\\mongoose\\lib\\helpers\\populate\\getModelsMapForPopulate.js:579:15)\n    at addModelNamesToMap (D:\\0振涛\\项目\\20250810\\first-yf\\api\\node_modules\\mongoose\\lib\\helpers\\populate\\getModelsMapForPopulate.js:507:17)\n    at getModelsMapForPopulate (D:\\0振涛\\项目\\20250810\\first-yf\\api\\node_modules\\mongoose\\lib\\helpers\\populate\\getModelsMapForPopulate.js:208:7)\n    at _populatePath (D:\\0振涛\\项目\\20250810\\first-yf\\api\\node_modules\\mongoose\\lib\\model.js:4458:21)\n    at Function.populate (D:\\0振涛\\项目\\20250810\\first-yf\\api\\node_modules\\mongoose\\lib\\model.js:4425:21)\n    at model.Query._find (D:\\0振涛\\项目\\20250810\\first-yf\\api\\node_modules\\mongoose\\lib\\query.js:2456:20)\n    at process.processTicksAndRejections (node:internal/process/task_queues:105:5)\n    at async model.Query.exec (D:\\0振涛\\项目\\20250810\\first-yf\\api\\node_modules\\mongoose\\lib\\query.js:4627:63)\n    at async D:\\0振涛\\项目\\20250810\\first-yf\\api\\routes\\messages.js:315:32","timestamp":"2025-08-12 10:21:04"}
{"level":"info","message":"聚合查询结果: 1 个会话","timestamp":"2025-08-12 10:21:04"}
{"level":"error","message":"获取私信会话列表失败: Schema hasn't been registered for model \"User\".\nUse mongoose.model(name, schema)","stack":"MissingSchemaError: Schema hasn't been registered for model \"User\".\nUse mongoose.model(name, schema)\n    at NativeConnection.model (D:\\0振涛\\项目\\20250810\\first-yf\\api\\node_modules\\mongoose\\lib\\connection.js:1493:13)\n    at _getModelFromConn (D:\\0振涛\\项目\\20250810\\first-yf\\api\\node_modules\\mongoose\\lib\\helpers\\populate\\getModelsMapForPopulate.js:579:15)\n    at addModelNamesToMap (D:\\0振涛\\项目\\20250810\\first-yf\\api\\node_modules\\mongoose\\lib\\helpers\\populate\\getModelsMapForPopulate.js:507:17)\n    at getModelsMapForPopulate (D:\\0振涛\\项目\\20250810\\first-yf\\api\\node_modules\\mongoose\\lib\\helpers\\populate\\getModelsMapForPopulate.js:208:7)\n    at _populatePath (D:\\0振涛\\项目\\20250810\\first-yf\\api\\node_modules\\mongoose\\lib\\model.js:4458:21)\n    at Function.populate (D:\\0振涛\\项目\\20250810\\first-yf\\api\\node_modules\\mongoose\\lib\\model.js:4425:21)\n    at D:\\0振涛\\项目\\20250810\\first-yf\\api\\routes\\messages.js:161:54\n    at process.processTicksAndRejections (node:internal/process/task_queues:105:5)","timestamp":"2025-08-12 10:21:04"}
{"level":"info","message":"获取会话列表 - 请求参数: page=1, limit=10, userId=688839f718563bb24b7497f9","timestamp":"2025-08-12 10:21:52"}
{"level":"info","message":"转换后的ObjectId: 688839f718563bb24b7497f9","timestamp":"2025-08-12 10:21:52"}
{"level":"info","message":"获取系统消息 - 请求参数: page=1, limit=20, userId=688839f718563bb24b7497f9","timestamp":"2025-08-12 10:21:52"}
{"level":"error","message":"Socket.IO 认证失败: invalid signature","name":"JsonWebTokenError","stack":"JsonWebTokenError: invalid signature\n    at D:\\0振涛\\项目\\20250810\\first-yf\\api\\node_modules\\jsonwebtoken\\verify.js:171:19\n    at getSecret (D:\\0振涛\\项目\\20250810\\first-yf\\api\\node_modules\\jsonwebtoken\\verify.js:97:14)\n    at module.exports [as verify] (D:\\0振涛\\项目\\20250810\\first-yf\\api\\node_modules\\jsonwebtoken\\verify.js:101:10)\n    at SocketIOService.authenticateSocket (D:\\0振涛\\项目\\20250810\\first-yf\\api\\utils\\socketio.js:53:27)\n    at Array.<anonymous> (D:\\0振涛\\项目\\20250810\\first-yf\\api\\utils\\socketio.js:30:12)\n    at run (D:\\0振涛\\项目\\20250810\\first-yf\\api\\node_modules\\socket.io\\dist\\namespace.js:130:19)\n    at Namespace.run (D:\\0振涛\\项目\\20250810\\first-yf\\api\\node_modules\\socket.io\\dist\\namespace.js:141:9)\n    at Namespace._add (D:\\0振涛\\项目\\20250810\\first-yf\\api\\node_modules\\socket.io\\dist\\namespace.js:218:14)\n    at process.processTicksAndRejections (node:internal/process/task_queues:105:5)","timestamp":"2025-08-12 10:21:52"}
{"level":"error","message":"获取系统消息失败: Schema hasn't been registered for model \"User\".\nUse mongoose.model(name, schema)","stack":"MissingSchemaError: Schema hasn't been registered for model \"User\".\nUse mongoose.model(name, schema)\n    at NativeConnection.model (D:\\0振涛\\项目\\20250810\\first-yf\\api\\node_modules\\mongoose\\lib\\connection.js:1493:13)\n    at _getModelFromConn (D:\\0振涛\\项目\\20250810\\first-yf\\api\\node_modules\\mongoose\\lib\\helpers\\populate\\getModelsMapForPopulate.js:579:15)\n    at addModelNamesToMap (D:\\0振涛\\项目\\20250810\\first-yf\\api\\node_modules\\mongoose\\lib\\helpers\\populate\\getModelsMapForPopulate.js:507:17)\n    at getModelsMapForPopulate (D:\\0振涛\\项目\\20250810\\first-yf\\api\\node_modules\\mongoose\\lib\\helpers\\populate\\getModelsMapForPopulate.js:208:7)\n    at _populatePath (D:\\0振涛\\项目\\20250810\\first-yf\\api\\node_modules\\mongoose\\lib\\model.js:4458:21)\n    at Function.populate (D:\\0振涛\\项目\\20250810\\first-yf\\api\\node_modules\\mongoose\\lib\\model.js:4425:21)\n    at model.Query._find (D:\\0振涛\\项目\\20250810\\first-yf\\api\\node_modules\\mongoose\\lib\\query.js:2456:20)\n    at process.processTicksAndRejections (node:internal/process/task_queues:105:5)\n    at async model.Query.exec (D:\\0振涛\\项目\\20250810\\first-yf\\api\\node_modules\\mongoose\\lib\\query.js:4627:63)\n    at async D:\\0振涛\\项目\\20250810\\first-yf\\api\\routes\\messages.js:315:32","timestamp":"2025-08-12 10:21:52"}
{"level":"info","message":"聚合查询结果: 1 个会话","timestamp":"2025-08-12 10:21:52"}
{"level":"error","message":"获取私信会话列表失败: Schema hasn't been registered for model \"User\".\nUse mongoose.model(name, schema)","stack":"MissingSchemaError: Schema hasn't been registered for model \"User\".\nUse mongoose.model(name, schema)\n    at NativeConnection.model (D:\\0振涛\\项目\\20250810\\first-yf\\api\\node_modules\\mongoose\\lib\\connection.js:1493:13)\n    at _getModelFromConn (D:\\0振涛\\项目\\20250810\\first-yf\\api\\node_modules\\mongoose\\lib\\helpers\\populate\\getModelsMapForPopulate.js:579:15)\n    at addModelNamesToMap (D:\\0振涛\\项目\\20250810\\first-yf\\api\\node_modules\\mongoose\\lib\\helpers\\populate\\getModelsMapForPopulate.js:507:17)\n    at getModelsMapForPopulate (D:\\0振涛\\项目\\20250810\\first-yf\\api\\node_modules\\mongoose\\lib\\helpers\\populate\\getModelsMapForPopulate.js:208:7)\n    at _populatePath (D:\\0振涛\\项目\\20250810\\first-yf\\api\\node_modules\\mongoose\\lib\\model.js:4458:21)\n    at Function.populate (D:\\0振涛\\项目\\20250810\\first-yf\\api\\node_modules\\mongoose\\lib\\model.js:4425:21)\n    at D:\\0振涛\\项目\\20250810\\first-yf\\api\\routes\\messages.js:161:54\n    at process.processTicksAndRejections (node:internal/process/task_queues:105:5)","timestamp":"2025-08-12 10:21:52"}
{"level":"info","message":"获取会话列表 - 请求参数: page=1, limit=10, userId=688839f718563bb24b7497f9","timestamp":"2025-08-12 10:32:58"}
{"level":"info","message":"转换后的ObjectId: 688839f718563bb24b7497f9","timestamp":"2025-08-12 10:32:58"}
{"level":"info","message":"获取系统消息 - 请求参数: page=1, limit=20, userId=688839f718563bb24b7497f9","timestamp":"2025-08-12 10:32:58"}
{"level":"info","message":"获取会话列表 - 请求参数: page=1, limit=10, userId=688839f718563bb24b7497f9","timestamp":"2025-08-12 10:32:58"}
{"level":"info","message":"转换后的ObjectId: 688839f718563bb24b7497f9","timestamp":"2025-08-12 10:32:58"}
{"level":"info","message":"获取系统消息 - 请求参数: page=1, limit=20, userId=688839f718563bb24b7497f9","timestamp":"2025-08-12 10:32:58"}
{"level":"error","message":"Socket.IO 认证失败: invalid signature","name":"JsonWebTokenError","stack":"JsonWebTokenError: invalid signature\n    at D:\\0振涛\\项目\\20250810\\first-yf\\api\\node_modules\\jsonwebtoken\\verify.js:171:19\n    at getSecret (D:\\0振涛\\项目\\20250810\\first-yf\\api\\node_modules\\jsonwebtoken\\verify.js:97:14)\n    at module.exports [as verify] (D:\\0振涛\\项目\\20250810\\first-yf\\api\\node_modules\\jsonwebtoken\\verify.js:101:10)\n    at SocketIOService.authenticateSocket (D:\\0振涛\\项目\\20250810\\first-yf\\api\\utils\\socketio.js:53:27)\n    at Array.<anonymous> (D:\\0振涛\\项目\\20250810\\first-yf\\api\\utils\\socketio.js:30:12)\n    at run (D:\\0振涛\\项目\\20250810\\first-yf\\api\\node_modules\\socket.io\\dist\\namespace.js:130:19)\n    at Namespace.run (D:\\0振涛\\项目\\20250810\\first-yf\\api\\node_modules\\socket.io\\dist\\namespace.js:141:9)\n    at Namespace._add (D:\\0振涛\\项目\\20250810\\first-yf\\api\\node_modules\\socket.io\\dist\\namespace.js:218:14)\n    at process.processTicksAndRejections (node:internal/process/task_queues:105:5)","timestamp":"2025-08-12 10:32:58"}
{"level":"error","message":"Socket.IO 认证失败: invalid signature","name":"JsonWebTokenError","stack":"JsonWebTokenError: invalid signature\n    at D:\\0振涛\\项目\\20250810\\first-yf\\api\\node_modules\\jsonwebtoken\\verify.js:171:19\n    at getSecret (D:\\0振涛\\项目\\20250810\\first-yf\\api\\node_modules\\jsonwebtoken\\verify.js:97:14)\n    at module.exports [as verify] (D:\\0振涛\\项目\\20250810\\first-yf\\api\\node_modules\\jsonwebtoken\\verify.js:101:10)\n    at SocketIOService.authenticateSocket (D:\\0振涛\\项目\\20250810\\first-yf\\api\\utils\\socketio.js:53:27)\n    at Array.<anonymous> (D:\\0振涛\\项目\\20250810\\first-yf\\api\\utils\\socketio.js:30:12)\n    at run (D:\\0振涛\\项目\\20250810\\first-yf\\api\\node_modules\\socket.io\\dist\\namespace.js:130:19)\n    at Namespace.run (D:\\0振涛\\项目\\20250810\\first-yf\\api\\node_modules\\socket.io\\dist\\namespace.js:141:9)\n    at Namespace._add (D:\\0振涛\\项目\\20250810\\first-yf\\api\\node_modules\\socket.io\\dist\\namespace.js:218:14)\n    at process.processTicksAndRejections (node:internal/process/task_queues:105:5)","timestamp":"2025-08-12 10:32:58"}
{"level":"error","message":"获取系统消息失败: Schema hasn't been registered for model \"User\".\nUse mongoose.model(name, schema)","stack":"MissingSchemaError: Schema hasn't been registered for model \"User\".\nUse mongoose.model(name, schema)\n    at NativeConnection.model (D:\\0振涛\\项目\\20250810\\first-yf\\api\\node_modules\\mongoose\\lib\\connection.js:1493:13)\n    at _getModelFromConn (D:\\0振涛\\项目\\20250810\\first-yf\\api\\node_modules\\mongoose\\lib\\helpers\\populate\\getModelsMapForPopulate.js:579:15)\n    at addModelNamesToMap (D:\\0振涛\\项目\\20250810\\first-yf\\api\\node_modules\\mongoose\\lib\\helpers\\populate\\getModelsMapForPopulate.js:507:17)\n    at getModelsMapForPopulate (D:\\0振涛\\项目\\20250810\\first-yf\\api\\node_modules\\mongoose\\lib\\helpers\\populate\\getModelsMapForPopulate.js:208:7)\n    at _populatePath (D:\\0振涛\\项目\\20250810\\first-yf\\api\\node_modules\\mongoose\\lib\\model.js:4458:21)\n    at Function.populate (D:\\0振涛\\项目\\20250810\\first-yf\\api\\node_modules\\mongoose\\lib\\model.js:4425:21)\n    at model.Query._find (D:\\0振涛\\项目\\20250810\\first-yf\\api\\node_modules\\mongoose\\lib\\query.js:2456:20)\n    at process.processTicksAndRejections (node:internal/process/task_queues:105:5)\n    at async model.Query.exec (D:\\0振涛\\项目\\20250810\\first-yf\\api\\node_modules\\mongoose\\lib\\query.js:4627:63)\n    at async D:\\0振涛\\项目\\20250810\\first-yf\\api\\routes\\messages.js:315:32","timestamp":"2025-08-12 10:32:58"}
{"level":"info","message":"聚合查询结果: 1 个会话","timestamp":"2025-08-12 10:32:58"}
{"level":"error","message":"获取私信会话列表失败: Schema hasn't been registered for model \"User\".\nUse mongoose.model(name, schema)","stack":"MissingSchemaError: Schema hasn't been registered for model \"User\".\nUse mongoose.model(name, schema)\n    at NativeConnection.model (D:\\0振涛\\项目\\20250810\\first-yf\\api\\node_modules\\mongoose\\lib\\connection.js:1493:13)\n    at _getModelFromConn (D:\\0振涛\\项目\\20250810\\first-yf\\api\\node_modules\\mongoose\\lib\\helpers\\populate\\getModelsMapForPopulate.js:579:15)\n    at addModelNamesToMap (D:\\0振涛\\项目\\20250810\\first-yf\\api\\node_modules\\mongoose\\lib\\helpers\\populate\\getModelsMapForPopulate.js:507:17)\n    at getModelsMapForPopulate (D:\\0振涛\\项目\\20250810\\first-yf\\api\\node_modules\\mongoose\\lib\\helpers\\populate\\getModelsMapForPopulate.js:208:7)\n    at _populatePath (D:\\0振涛\\项目\\20250810\\first-yf\\api\\node_modules\\mongoose\\lib\\model.js:4458:21)\n    at Function.populate (D:\\0振涛\\项目\\20250810\\first-yf\\api\\node_modules\\mongoose\\lib\\model.js:4425:21)\n    at D:\\0振涛\\项目\\20250810\\first-yf\\api\\routes\\messages.js:161:54\n    at process.processTicksAndRejections (node:internal/process/task_queues:105:5)","timestamp":"2025-08-12 10:32:58"}
{"level":"error","message":"获取系统消息失败: Schema hasn't been registered for model \"User\".\nUse mongoose.model(name, schema)","stack":"MissingSchemaError: Schema hasn't been registered for model \"User\".\nUse mongoose.model(name, schema)\n    at NativeConnection.model (D:\\0振涛\\项目\\20250810\\first-yf\\api\\node_modules\\mongoose\\lib\\connection.js:1493:13)\n    at _getModelFromConn (D:\\0振涛\\项目\\20250810\\first-yf\\api\\node_modules\\mongoose\\lib\\helpers\\populate\\getModelsMapForPopulate.js:579:15)\n    at addModelNamesToMap (D:\\0振涛\\项目\\20250810\\first-yf\\api\\node_modules\\mongoose\\lib\\helpers\\populate\\getModelsMapForPopulate.js:507:17)\n    at getModelsMapForPopulate (D:\\0振涛\\项目\\20250810\\first-yf\\api\\node_modules\\mongoose\\lib\\helpers\\populate\\getModelsMapForPopulate.js:208:7)\n    at _populatePath (D:\\0振涛\\项目\\20250810\\first-yf\\api\\node_modules\\mongoose\\lib\\model.js:4458:21)\n    at Function.populate (D:\\0振涛\\项目\\20250810\\first-yf\\api\\node_modules\\mongoose\\lib\\model.js:4425:21)\n    at model.Query._find (D:\\0振涛\\项目\\20250810\\first-yf\\api\\node_modules\\mongoose\\lib\\query.js:2456:20)\n    at process.processTicksAndRejections (node:internal/process/task_queues:105:5)\n    at async model.Query.exec (D:\\0振涛\\项目\\20250810\\first-yf\\api\\node_modules\\mongoose\\lib\\query.js:4627:63)\n    at async D:\\0振涛\\项目\\20250810\\first-yf\\api\\routes\\messages.js:315:32","timestamp":"2025-08-12 10:32:58"}
{"level":"info","message":"聚合查询结果: 1 个会话","timestamp":"2025-08-12 10:32:58"}
{"level":"error","message":"获取私信会话列表失败: Schema hasn't been registered for model \"User\".\nUse mongoose.model(name, schema)","stack":"MissingSchemaError: Schema hasn't been registered for model \"User\".\nUse mongoose.model(name, schema)\n    at NativeConnection.model (D:\\0振涛\\项目\\20250810\\first-yf\\api\\node_modules\\mongoose\\lib\\connection.js:1493:13)\n    at _getModelFromConn (D:\\0振涛\\项目\\20250810\\first-yf\\api\\node_modules\\mongoose\\lib\\helpers\\populate\\getModelsMapForPopulate.js:579:15)\n    at addModelNamesToMap (D:\\0振涛\\项目\\20250810\\first-yf\\api\\node_modules\\mongoose\\lib\\helpers\\populate\\getModelsMapForPopulate.js:507:17)\n    at getModelsMapForPopulate (D:\\0振涛\\项目\\20250810\\first-yf\\api\\node_modules\\mongoose\\lib\\helpers\\populate\\getModelsMapForPopulate.js:208:7)\n    at _populatePath (D:\\0振涛\\项目\\20250810\\first-yf\\api\\node_modules\\mongoose\\lib\\model.js:4458:21)\n    at Function.populate (D:\\0振涛\\项目\\20250810\\first-yf\\api\\node_modules\\mongoose\\lib\\model.js:4425:21)\n    at D:\\0振涛\\项目\\20250810\\first-yf\\api\\routes\\messages.js:161:54\n    at process.processTicksAndRejections (node:internal/process/task_queues:105:5)","timestamp":"2025-08-12 10:32:58"}
{"level":"info","message":"获取会话列表 - 请求参数: page=1, limit=10, userId=688839f718563bb24b7497f9","timestamp":"2025-08-12 10:33:05"}
{"level":"info","message":"转换后的ObjectId: 688839f718563bb24b7497f9","timestamp":"2025-08-12 10:33:05"}
{"level":"info","message":"获取系统消息 - 请求参数: page=1, limit=20, userId=688839f718563bb24b7497f9","timestamp":"2025-08-12 10:33:05"}
{"level":"info","message":"获取会话列表 - 请求参数: page=1, limit=10, userId=688839f718563bb24b7497f9","timestamp":"2025-08-12 10:33:05"}
{"level":"info","message":"转换后的ObjectId: 688839f718563bb24b7497f9","timestamp":"2025-08-12 10:33:05"}
{"level":"info","message":"获取系统消息 - 请求参数: page=1, limit=20, userId=688839f718563bb24b7497f9","timestamp":"2025-08-12 10:33:05"}
{"level":"error","message":"Socket.IO 认证失败: invalid signature","name":"JsonWebTokenError","stack":"JsonWebTokenError: invalid signature\n    at D:\\0振涛\\项目\\20250810\\first-yf\\api\\node_modules\\jsonwebtoken\\verify.js:171:19\n    at getSecret (D:\\0振涛\\项目\\20250810\\first-yf\\api\\node_modules\\jsonwebtoken\\verify.js:97:14)\n    at module.exports [as verify] (D:\\0振涛\\项目\\20250810\\first-yf\\api\\node_modules\\jsonwebtoken\\verify.js:101:10)\n    at SocketIOService.authenticateSocket (D:\\0振涛\\项目\\20250810\\first-yf\\api\\utils\\socketio.js:53:27)\n    at Array.<anonymous> (D:\\0振涛\\项目\\20250810\\first-yf\\api\\utils\\socketio.js:30:12)\n    at run (D:\\0振涛\\项目\\20250810\\first-yf\\api\\node_modules\\socket.io\\dist\\namespace.js:130:19)\n    at Namespace.run (D:\\0振涛\\项目\\20250810\\first-yf\\api\\node_modules\\socket.io\\dist\\namespace.js:141:9)\n    at Namespace._add (D:\\0振涛\\项目\\20250810\\first-yf\\api\\node_modules\\socket.io\\dist\\namespace.js:218:14)\n    at process.processTicksAndRejections (node:internal/process/task_queues:105:5)","timestamp":"2025-08-12 10:33:05"}
{"level":"error","message":"Socket.IO 认证失败: invalid signature","name":"JsonWebTokenError","stack":"JsonWebTokenError: invalid signature\n    at D:\\0振涛\\项目\\20250810\\first-yf\\api\\node_modules\\jsonwebtoken\\verify.js:171:19\n    at getSecret (D:\\0振涛\\项目\\20250810\\first-yf\\api\\node_modules\\jsonwebtoken\\verify.js:97:14)\n    at module.exports [as verify] (D:\\0振涛\\项目\\20250810\\first-yf\\api\\node_modules\\jsonwebtoken\\verify.js:101:10)\n    at SocketIOService.authenticateSocket (D:\\0振涛\\项目\\20250810\\first-yf\\api\\utils\\socketio.js:53:27)\n    at Array.<anonymous> (D:\\0振涛\\项目\\20250810\\first-yf\\api\\utils\\socketio.js:30:12)\n    at run (D:\\0振涛\\项目\\20250810\\first-yf\\api\\node_modules\\socket.io\\dist\\namespace.js:130:19)\n    at Namespace.run (D:\\0振涛\\项目\\20250810\\first-yf\\api\\node_modules\\socket.io\\dist\\namespace.js:141:9)\n    at Namespace._add (D:\\0振涛\\项目\\20250810\\first-yf\\api\\node_modules\\socket.io\\dist\\namespace.js:218:14)\n    at process.processTicksAndRejections (node:internal/process/task_queues:105:5)","timestamp":"2025-08-12 10:33:05"}
{"level":"error","message":"获取系统消息失败: Schema hasn't been registered for model \"User\".\nUse mongoose.model(name, schema)","stack":"MissingSchemaError: Schema hasn't been registered for model \"User\".\nUse mongoose.model(name, schema)\n    at NativeConnection.model (D:\\0振涛\\项目\\20250810\\first-yf\\api\\node_modules\\mongoose\\lib\\connection.js:1493:13)\n    at _getModelFromConn (D:\\0振涛\\项目\\20250810\\first-yf\\api\\node_modules\\mongoose\\lib\\helpers\\populate\\getModelsMapForPopulate.js:579:15)\n    at addModelNamesToMap (D:\\0振涛\\项目\\20250810\\first-yf\\api\\node_modules\\mongoose\\lib\\helpers\\populate\\getModelsMapForPopulate.js:507:17)\n    at getModelsMapForPopulate (D:\\0振涛\\项目\\20250810\\first-yf\\api\\node_modules\\mongoose\\lib\\helpers\\populate\\getModelsMapForPopulate.js:208:7)\n    at _populatePath (D:\\0振涛\\项目\\20250810\\first-yf\\api\\node_modules\\mongoose\\lib\\model.js:4458:21)\n    at Function.populate (D:\\0振涛\\项目\\20250810\\first-yf\\api\\node_modules\\mongoose\\lib\\model.js:4425:21)\n    at model.Query._find (D:\\0振涛\\项目\\20250810\\first-yf\\api\\node_modules\\mongoose\\lib\\query.js:2456:20)\n    at process.processTicksAndRejections (node:internal/process/task_queues:105:5)\n    at async model.Query.exec (D:\\0振涛\\项目\\20250810\\first-yf\\api\\node_modules\\mongoose\\lib\\query.js:4627:63)\n    at async D:\\0振涛\\项目\\20250810\\first-yf\\api\\routes\\messages.js:315:32","timestamp":"2025-08-12 10:33:05"}
{"level":"info","message":"聚合查询结果: 1 个会话","timestamp":"2025-08-12 10:33:05"}
{"level":"error","message":"获取私信会话列表失败: Schema hasn't been registered for model \"User\".\nUse mongoose.model(name, schema)","stack":"MissingSchemaError: Schema hasn't been registered for model \"User\".\nUse mongoose.model(name, schema)\n    at NativeConnection.model (D:\\0振涛\\项目\\20250810\\first-yf\\api\\node_modules\\mongoose\\lib\\connection.js:1493:13)\n    at _getModelFromConn (D:\\0振涛\\项目\\20250810\\first-yf\\api\\node_modules\\mongoose\\lib\\helpers\\populate\\getModelsMapForPopulate.js:579:15)\n    at addModelNamesToMap (D:\\0振涛\\项目\\20250810\\first-yf\\api\\node_modules\\mongoose\\lib\\helpers\\populate\\getModelsMapForPopulate.js:507:17)\n    at getModelsMapForPopulate (D:\\0振涛\\项目\\20250810\\first-yf\\api\\node_modules\\mongoose\\lib\\helpers\\populate\\getModelsMapForPopulate.js:208:7)\n    at _populatePath (D:\\0振涛\\项目\\20250810\\first-yf\\api\\node_modules\\mongoose\\lib\\model.js:4458:21)\n    at Function.populate (D:\\0振涛\\项目\\20250810\\first-yf\\api\\node_modules\\mongoose\\lib\\model.js:4425:21)\n    at D:\\0振涛\\项目\\20250810\\first-yf\\api\\routes\\messages.js:161:54\n    at process.processTicksAndRejections (node:internal/process/task_queues:105:5)","timestamp":"2025-08-12 10:33:05"}
{"level":"error","message":"获取系统消息失败: Schema hasn't been registered for model \"User\".\nUse mongoose.model(name, schema)","stack":"MissingSchemaError: Schema hasn't been registered for model \"User\".\nUse mongoose.model(name, schema)\n    at NativeConnection.model (D:\\0振涛\\项目\\20250810\\first-yf\\api\\node_modules\\mongoose\\lib\\connection.js:1493:13)\n    at _getModelFromConn (D:\\0振涛\\项目\\20250810\\first-yf\\api\\node_modules\\mongoose\\lib\\helpers\\populate\\getModelsMapForPopulate.js:579:15)\n    at addModelNamesToMap (D:\\0振涛\\项目\\20250810\\first-yf\\api\\node_modules\\mongoose\\lib\\helpers\\populate\\getModelsMapForPopulate.js:507:17)\n    at getModelsMapForPopulate (D:\\0振涛\\项目\\20250810\\first-yf\\api\\node_modules\\mongoose\\lib\\helpers\\populate\\getModelsMapForPopulate.js:208:7)\n    at _populatePath (D:\\0振涛\\项目\\20250810\\first-yf\\api\\node_modules\\mongoose\\lib\\model.js:4458:21)\n    at Function.populate (D:\\0振涛\\项目\\20250810\\first-yf\\api\\node_modules\\mongoose\\lib\\model.js:4425:21)\n    at model.Query._find (D:\\0振涛\\项目\\20250810\\first-yf\\api\\node_modules\\mongoose\\lib\\query.js:2456:20)\n    at process.processTicksAndRejections (node:internal/process/task_queues:105:5)\n    at async model.Query.exec (D:\\0振涛\\项目\\20250810\\first-yf\\api\\node_modules\\mongoose\\lib\\query.js:4627:63)\n    at async D:\\0振涛\\项目\\20250810\\first-yf\\api\\routes\\messages.js:315:32","timestamp":"2025-08-12 10:33:05"}
{"level":"info","message":"聚合查询结果: 1 个会话","timestamp":"2025-08-12 10:33:05"}
{"level":"error","message":"获取私信会话列表失败: Schema hasn't been registered for model \"User\".\nUse mongoose.model(name, schema)","stack":"MissingSchemaError: Schema hasn't been registered for model \"User\".\nUse mongoose.model(name, schema)\n    at NativeConnection.model (D:\\0振涛\\项目\\20250810\\first-yf\\api\\node_modules\\mongoose\\lib\\connection.js:1493:13)\n    at _getModelFromConn (D:\\0振涛\\项目\\20250810\\first-yf\\api\\node_modules\\mongoose\\lib\\helpers\\populate\\getModelsMapForPopulate.js:579:15)\n    at addModelNamesToMap (D:\\0振涛\\项目\\20250810\\first-yf\\api\\node_modules\\mongoose\\lib\\helpers\\populate\\getModelsMapForPopulate.js:507:17)\n    at getModelsMapForPopulate (D:\\0振涛\\项目\\20250810\\first-yf\\api\\node_modules\\mongoose\\lib\\helpers\\populate\\getModelsMapForPopulate.js:208:7)\n    at _populatePath (D:\\0振涛\\项目\\20250810\\first-yf\\api\\node_modules\\mongoose\\lib\\model.js:4458:21)\n    at Function.populate (D:\\0振涛\\项目\\20250810\\first-yf\\api\\node_modules\\mongoose\\lib\\model.js:4425:21)\n    at D:\\0振涛\\项目\\20250810\\first-yf\\api\\routes\\messages.js:161:54\n    at process.processTicksAndRejections (node:internal/process/task_queues:105:5)","timestamp":"2025-08-12 10:33:05"}
{"level":"info","message":"获取系统消息 - 请求参数: page=1, limit=20, userId=688839f718563bb24b7497f9","timestamp":"2025-08-12 10:33:08"}
{"level":"info","message":"获取会话列表 - 请求参数: page=1, limit=10, userId=688839f718563bb24b7497f9","timestamp":"2025-08-12 10:33:08"}
{"level":"info","message":"转换后的ObjectId: 688839f718563bb24b7497f9","timestamp":"2025-08-12 10:33:08"}
{"level":"info","message":"获取会话列表 - 请求参数: page=1, limit=10, userId=688839f718563bb24b7497f9","timestamp":"2025-08-12 10:33:08"}
{"level":"info","message":"转换后的ObjectId: 688839f718563bb24b7497f9","timestamp":"2025-08-12 10:33:08"}
{"level":"info","message":"获取系统消息 - 请求参数: page=1, limit=20, userId=688839f718563bb24b7497f9","timestamp":"2025-08-12 10:33:08"}
{"level":"error","message":"Socket.IO 认证失败: invalid signature","name":"JsonWebTokenError","stack":"JsonWebTokenError: invalid signature\n    at D:\\0振涛\\项目\\20250810\\first-yf\\api\\node_modules\\jsonwebtoken\\verify.js:171:19\n    at getSecret (D:\\0振涛\\项目\\20250810\\first-yf\\api\\node_modules\\jsonwebtoken\\verify.js:97:14)\n    at module.exports [as verify] (D:\\0振涛\\项目\\20250810\\first-yf\\api\\node_modules\\jsonwebtoken\\verify.js:101:10)\n    at SocketIOService.authenticateSocket (D:\\0振涛\\项目\\20250810\\first-yf\\api\\utils\\socketio.js:53:27)\n    at Array.<anonymous> (D:\\0振涛\\项目\\20250810\\first-yf\\api\\utils\\socketio.js:30:12)\n    at run (D:\\0振涛\\项目\\20250810\\first-yf\\api\\node_modules\\socket.io\\dist\\namespace.js:130:19)\n    at Namespace.run (D:\\0振涛\\项目\\20250810\\first-yf\\api\\node_modules\\socket.io\\dist\\namespace.js:141:9)\n    at Namespace._add (D:\\0振涛\\项目\\20250810\\first-yf\\api\\node_modules\\socket.io\\dist\\namespace.js:218:14)\n    at process.processTicksAndRejections (node:internal/process/task_queues:105:5)","timestamp":"2025-08-12 10:33:08"}
{"level":"error","message":"获取系统消息失败: Schema hasn't been registered for model \"User\".\nUse mongoose.model(name, schema)","stack":"MissingSchemaError: Schema hasn't been registered for model \"User\".\nUse mongoose.model(name, schema)\n    at NativeConnection.model (D:\\0振涛\\项目\\20250810\\first-yf\\api\\node_modules\\mongoose\\lib\\connection.js:1493:13)\n    at _getModelFromConn (D:\\0振涛\\项目\\20250810\\first-yf\\api\\node_modules\\mongoose\\lib\\helpers\\populate\\getModelsMapForPopulate.js:579:15)\n    at addModelNamesToMap (D:\\0振涛\\项目\\20250810\\first-yf\\api\\node_modules\\mongoose\\lib\\helpers\\populate\\getModelsMapForPopulate.js:507:17)\n    at getModelsMapForPopulate (D:\\0振涛\\项目\\20250810\\first-yf\\api\\node_modules\\mongoose\\lib\\helpers\\populate\\getModelsMapForPopulate.js:208:7)\n    at _populatePath (D:\\0振涛\\项目\\20250810\\first-yf\\api\\node_modules\\mongoose\\lib\\model.js:4458:21)\n    at Function.populate (D:\\0振涛\\项目\\20250810\\first-yf\\api\\node_modules\\mongoose\\lib\\model.js:4425:21)\n    at model.Query._find (D:\\0振涛\\项目\\20250810\\first-yf\\api\\node_modules\\mongoose\\lib\\query.js:2456:20)\n    at process.processTicksAndRejections (node:internal/process/task_queues:105:5)\n    at async model.Query.exec (D:\\0振涛\\项目\\20250810\\first-yf\\api\\node_modules\\mongoose\\lib\\query.js:4627:63)\n    at async D:\\0振涛\\项目\\20250810\\first-yf\\api\\routes\\messages.js:315:32","timestamp":"2025-08-12 10:33:09"}
{"level":"info","message":"聚合查询结果: 1 个会话","timestamp":"2025-08-12 10:33:09"}
{"level":"error","message":"获取私信会话列表失败: Schema hasn't been registered for model \"User\".\nUse mongoose.model(name, schema)","stack":"MissingSchemaError: Schema hasn't been registered for model \"User\".\nUse mongoose.model(name, schema)\n    at NativeConnection.model (D:\\0振涛\\项目\\20250810\\first-yf\\api\\node_modules\\mongoose\\lib\\connection.js:1493:13)\n    at _getModelFromConn (D:\\0振涛\\项目\\20250810\\first-yf\\api\\node_modules\\mongoose\\lib\\helpers\\populate\\getModelsMapForPopulate.js:579:15)\n    at addModelNamesToMap (D:\\0振涛\\项目\\20250810\\first-yf\\api\\node_modules\\mongoose\\lib\\helpers\\populate\\getModelsMapForPopulate.js:507:17)\n    at getModelsMapForPopulate (D:\\0振涛\\项目\\20250810\\first-yf\\api\\node_modules\\mongoose\\lib\\helpers\\populate\\getModelsMapForPopulate.js:208:7)\n    at _populatePath (D:\\0振涛\\项目\\20250810\\first-yf\\api\\node_modules\\mongoose\\lib\\model.js:4458:21)\n    at Function.populate (D:\\0振涛\\项目\\20250810\\first-yf\\api\\node_modules\\mongoose\\lib\\model.js:4425:21)\n    at D:\\0振涛\\项目\\20250810\\first-yf\\api\\routes\\messages.js:161:54\n    at process.processTicksAndRejections (node:internal/process/task_queues:105:5)","timestamp":"2025-08-12 10:33:09"}
{"level":"info","message":"聚合查询结果: 1 个会话","timestamp":"2025-08-12 10:33:09"}
{"level":"error","message":"获取私信会话列表失败: Schema hasn't been registered for model \"User\".\nUse mongoose.model(name, schema)","stack":"MissingSchemaError: Schema hasn't been registered for model \"User\".\nUse mongoose.model(name, schema)\n    at NativeConnection.model (D:\\0振涛\\项目\\20250810\\first-yf\\api\\node_modules\\mongoose\\lib\\connection.js:1493:13)\n    at _getModelFromConn (D:\\0振涛\\项目\\20250810\\first-yf\\api\\node_modules\\mongoose\\lib\\helpers\\populate\\getModelsMapForPopulate.js:579:15)\n    at addModelNamesToMap (D:\\0振涛\\项目\\20250810\\first-yf\\api\\node_modules\\mongoose\\lib\\helpers\\populate\\getModelsMapForPopulate.js:507:17)\n    at getModelsMapForPopulate (D:\\0振涛\\项目\\20250810\\first-yf\\api\\node_modules\\mongoose\\lib\\helpers\\populate\\getModelsMapForPopulate.js:208:7)\n    at _populatePath (D:\\0振涛\\项目\\20250810\\first-yf\\api\\node_modules\\mongoose\\lib\\model.js:4458:21)\n    at Function.populate (D:\\0振涛\\项目\\20250810\\first-yf\\api\\node_modules\\mongoose\\lib\\model.js:4425:21)\n    at D:\\0振涛\\项目\\20250810\\first-yf\\api\\routes\\messages.js:161:54\n    at process.processTicksAndRejections (node:internal/process/task_queues:105:5)","timestamp":"2025-08-12 10:33:09"}
{"level":"error","message":"获取系统消息失败: Schema hasn't been registered for model \"User\".\nUse mongoose.model(name, schema)","stack":"MissingSchemaError: Schema hasn't been registered for model \"User\".\nUse mongoose.model(name, schema)\n    at NativeConnection.model (D:\\0振涛\\项目\\20250810\\first-yf\\api\\node_modules\\mongoose\\lib\\connection.js:1493:13)\n    at _getModelFromConn (D:\\0振涛\\项目\\20250810\\first-yf\\api\\node_modules\\mongoose\\lib\\helpers\\populate\\getModelsMapForPopulate.js:579:15)\n    at addModelNamesToMap (D:\\0振涛\\项目\\20250810\\first-yf\\api\\node_modules\\mongoose\\lib\\helpers\\populate\\getModelsMapForPopulate.js:507:17)\n    at getModelsMapForPopulate (D:\\0振涛\\项目\\20250810\\first-yf\\api\\node_modules\\mongoose\\lib\\helpers\\populate\\getModelsMapForPopulate.js:208:7)\n    at _populatePath (D:\\0振涛\\项目\\20250810\\first-yf\\api\\node_modules\\mongoose\\lib\\model.js:4458:21)\n    at Function.populate (D:\\0振涛\\项目\\20250810\\first-yf\\api\\node_modules\\mongoose\\lib\\model.js:4425:21)\n    at model.Query._find (D:\\0振涛\\项目\\20250810\\first-yf\\api\\node_modules\\mongoose\\lib\\query.js:2456:20)\n    at process.processTicksAndRejections (node:internal/process/task_queues:105:5)\n    at async model.Query.exec (D:\\0振涛\\项目\\20250810\\first-yf\\api\\node_modules\\mongoose\\lib\\query.js:4627:63)\n    at async D:\\0振涛\\项目\\20250810\\first-yf\\api\\routes\\messages.js:315:32","timestamp":"2025-08-12 10:33:09"}
{"level":"info","message":"获取会话列表 - 请求参数: page=1, limit=10, userId=688839f718563bb24b7497f9","timestamp":"2025-08-12 10:33:43"}
{"level":"info","message":"转换后的ObjectId: 688839f718563bb24b7497f9","timestamp":"2025-08-12 10:33:43"}
{"level":"info","message":"获取系统消息 - 请求参数: page=1, limit=20, userId=688839f718563bb24b7497f9","timestamp":"2025-08-12 10:33:43"}
{"level":"error","message":"Socket.IO 认证失败: invalid signature","name":"JsonWebTokenError","stack":"JsonWebTokenError: invalid signature\n    at D:\\0振涛\\项目\\20250810\\first-yf\\api\\node_modules\\jsonwebtoken\\verify.js:171:19\n    at getSecret (D:\\0振涛\\项目\\20250810\\first-yf\\api\\node_modules\\jsonwebtoken\\verify.js:97:14)\n    at module.exports [as verify] (D:\\0振涛\\项目\\20250810\\first-yf\\api\\node_modules\\jsonwebtoken\\verify.js:101:10)\n    at SocketIOService.authenticateSocket (D:\\0振涛\\项目\\20250810\\first-yf\\api\\utils\\socketio.js:53:27)\n    at Array.<anonymous> (D:\\0振涛\\项目\\20250810\\first-yf\\api\\utils\\socketio.js:30:12)\n    at run (D:\\0振涛\\项目\\20250810\\first-yf\\api\\node_modules\\socket.io\\dist\\namespace.js:130:19)\n    at Namespace.run (D:\\0振涛\\项目\\20250810\\first-yf\\api\\node_modules\\socket.io\\dist\\namespace.js:141:9)\n    at Namespace._add (D:\\0振涛\\项目\\20250810\\first-yf\\api\\node_modules\\socket.io\\dist\\namespace.js:218:14)\n    at process.processTicksAndRejections (node:internal/process/task_queues:105:5)","timestamp":"2025-08-12 10:33:43"}
{"level":"info","message":"聚合查询结果: 1 个会话","timestamp":"2025-08-12 10:33:43"}
{"level":"error","message":"获取私信会话列表失败: Schema hasn't been registered for model \"User\".\nUse mongoose.model(name, schema)","stack":"MissingSchemaError: Schema hasn't been registered for model \"User\".\nUse mongoose.model(name, schema)\n    at NativeConnection.model (D:\\0振涛\\项目\\20250810\\first-yf\\api\\node_modules\\mongoose\\lib\\connection.js:1493:13)\n    at _getModelFromConn (D:\\0振涛\\项目\\20250810\\first-yf\\api\\node_modules\\mongoose\\lib\\helpers\\populate\\getModelsMapForPopulate.js:579:15)\n    at addModelNamesToMap (D:\\0振涛\\项目\\20250810\\first-yf\\api\\node_modules\\mongoose\\lib\\helpers\\populate\\getModelsMapForPopulate.js:507:17)\n    at getModelsMapForPopulate (D:\\0振涛\\项目\\20250810\\first-yf\\api\\node_modules\\mongoose\\lib\\helpers\\populate\\getModelsMapForPopulate.js:208:7)\n    at _populatePath (D:\\0振涛\\项目\\20250810\\first-yf\\api\\node_modules\\mongoose\\lib\\model.js:4458:21)\n    at Function.populate (D:\\0振涛\\项目\\20250810\\first-yf\\api\\node_modules\\mongoose\\lib\\model.js:4425:21)\n    at D:\\0振涛\\项目\\20250810\\first-yf\\api\\routes\\messages.js:161:54\n    at process.processTicksAndRejections (node:internal/process/task_queues:105:5)","timestamp":"2025-08-12 10:33:43"}
{"level":"error","message":"获取系统消息失败: Schema hasn't been registered for model \"User\".\nUse mongoose.model(name, schema)","stack":"MissingSchemaError: Schema hasn't been registered for model \"User\".\nUse mongoose.model(name, schema)\n    at NativeConnection.model (D:\\0振涛\\项目\\20250810\\first-yf\\api\\node_modules\\mongoose\\lib\\connection.js:1493:13)\n    at _getModelFromConn (D:\\0振涛\\项目\\20250810\\first-yf\\api\\node_modules\\mongoose\\lib\\helpers\\populate\\getModelsMapForPopulate.js:579:15)\n    at addModelNamesToMap (D:\\0振涛\\项目\\20250810\\first-yf\\api\\node_modules\\mongoose\\lib\\helpers\\populate\\getModelsMapForPopulate.js:507:17)\n    at getModelsMapForPopulate (D:\\0振涛\\项目\\20250810\\first-yf\\api\\node_modules\\mongoose\\lib\\helpers\\populate\\getModelsMapForPopulate.js:208:7)\n    at _populatePath (D:\\0振涛\\项目\\20250810\\first-yf\\api\\node_modules\\mongoose\\lib\\model.js:4458:21)\n    at Function.populate (D:\\0振涛\\项目\\20250810\\first-yf\\api\\node_modules\\mongoose\\lib\\model.js:4425:21)\n    at model.Query._find (D:\\0振涛\\项目\\20250810\\first-yf\\api\\node_modules\\mongoose\\lib\\query.js:2456:20)\n    at process.processTicksAndRejections (node:internal/process/task_queues:105:5)\n    at async model.Query.exec (D:\\0振涛\\项目\\20250810\\first-yf\\api\\node_modules\\mongoose\\lib\\query.js:4627:63)\n    at async D:\\0振涛\\项目\\20250810\\first-yf\\api\\routes\\messages.js:315:32","timestamp":"2025-08-12 10:33:43"}
{"level":"info","message":"获取会话列表 - 请求参数: page=1, limit=10, userId=688839f718563bb24b7497f9","timestamp":"2025-08-12 10:33:50"}
{"level":"info","message":"转换后的ObjectId: 688839f718563bb24b7497f9","timestamp":"2025-08-12 10:33:50"}
{"level":"info","message":"获取系统消息 - 请求参数: page=1, limit=20, userId=688839f718563bb24b7497f9","timestamp":"2025-08-12 10:33:50"}
{"level":"error","message":"Socket.IO 认证失败: invalid signature","name":"JsonWebTokenError","stack":"JsonWebTokenError: invalid signature\n    at D:\\0振涛\\项目\\20250810\\first-yf\\api\\node_modules\\jsonwebtoken\\verify.js:171:19\n    at getSecret (D:\\0振涛\\项目\\20250810\\first-yf\\api\\node_modules\\jsonwebtoken\\verify.js:97:14)\n    at module.exports [as verify] (D:\\0振涛\\项目\\20250810\\first-yf\\api\\node_modules\\jsonwebtoken\\verify.js:101:10)\n    at SocketIOService.authenticateSocket (D:\\0振涛\\项目\\20250810\\first-yf\\api\\utils\\socketio.js:53:27)\n    at Array.<anonymous> (D:\\0振涛\\项目\\20250810\\first-yf\\api\\utils\\socketio.js:30:12)\n    at run (D:\\0振涛\\项目\\20250810\\first-yf\\api\\node_modules\\socket.io\\dist\\namespace.js:130:19)\n    at Namespace.run (D:\\0振涛\\项目\\20250810\\first-yf\\api\\node_modules\\socket.io\\dist\\namespace.js:141:9)\n    at Namespace._add (D:\\0振涛\\项目\\20250810\\first-yf\\api\\node_modules\\socket.io\\dist\\namespace.js:218:14)\n    at process.processTicksAndRejections (node:internal/process/task_queues:105:5)","timestamp":"2025-08-12 10:33:50"}
{"level":"error","message":"获取系统消息失败: Schema hasn't been registered for model \"User\".\nUse mongoose.model(name, schema)","stack":"MissingSchemaError: Schema hasn't been registered for model \"User\".\nUse mongoose.model(name, schema)\n    at NativeConnection.model (D:\\0振涛\\项目\\20250810\\first-yf\\api\\node_modules\\mongoose\\lib\\connection.js:1493:13)\n    at _getModelFromConn (D:\\0振涛\\项目\\20250810\\first-yf\\api\\node_modules\\mongoose\\lib\\helpers\\populate\\getModelsMapForPopulate.js:579:15)\n    at addModelNamesToMap (D:\\0振涛\\项目\\20250810\\first-yf\\api\\node_modules\\mongoose\\lib\\helpers\\populate\\getModelsMapForPopulate.js:507:17)\n    at getModelsMapForPopulate (D:\\0振涛\\项目\\20250810\\first-yf\\api\\node_modules\\mongoose\\lib\\helpers\\populate\\getModelsMapForPopulate.js:208:7)\n    at _populatePath (D:\\0振涛\\项目\\20250810\\first-yf\\api\\node_modules\\mongoose\\lib\\model.js:4458:21)\n    at Function.populate (D:\\0振涛\\项目\\20250810\\first-yf\\api\\node_modules\\mongoose\\lib\\model.js:4425:21)\n    at model.Query._find (D:\\0振涛\\项目\\20250810\\first-yf\\api\\node_modules\\mongoose\\lib\\query.js:2456:20)\n    at process.processTicksAndRejections (node:internal/process/task_queues:105:5)\n    at async model.Query.exec (D:\\0振涛\\项目\\20250810\\first-yf\\api\\node_modules\\mongoose\\lib\\query.js:4627:63)\n    at async D:\\0振涛\\项目\\20250810\\first-yf\\api\\routes\\messages.js:315:32","timestamp":"2025-08-12 10:33:52"}
{"level":"info","message":"聚合查询结果: 1 个会话","timestamp":"2025-08-12 10:33:52"}
{"level":"error","message":"获取私信会话列表失败: Schema hasn't been registered for model \"User\".\nUse mongoose.model(name, schema)","stack":"MissingSchemaError: Schema hasn't been registered for model \"User\".\nUse mongoose.model(name, schema)\n    at NativeConnection.model (D:\\0振涛\\项目\\20250810\\first-yf\\api\\node_modules\\mongoose\\lib\\connection.js:1493:13)\n    at _getModelFromConn (D:\\0振涛\\项目\\20250810\\first-yf\\api\\node_modules\\mongoose\\lib\\helpers\\populate\\getModelsMapForPopulate.js:579:15)\n    at addModelNamesToMap (D:\\0振涛\\项目\\20250810\\first-yf\\api\\node_modules\\mongoose\\lib\\helpers\\populate\\getModelsMapForPopulate.js:507:17)\n    at getModelsMapForPopulate (D:\\0振涛\\项目\\20250810\\first-yf\\api\\node_modules\\mongoose\\lib\\helpers\\populate\\getModelsMapForPopulate.js:208:7)\n    at _populatePath (D:\\0振涛\\项目\\20250810\\first-yf\\api\\node_modules\\mongoose\\lib\\model.js:4458:21)\n    at Function.populate (D:\\0振涛\\项目\\20250810\\first-yf\\api\\node_modules\\mongoose\\lib\\model.js:4425:21)\n    at D:\\0振涛\\项目\\20250810\\first-yf\\api\\routes\\messages.js:161:54\n    at process.processTicksAndRejections (node:internal/process/task_queues:105:5)","timestamp":"2025-08-12 10:33:52"}
{"level":"info","message":"获取会话列表 - 请求参数: page=1, limit=10, userId=688839f718563bb24b7497f9","timestamp":"2025-08-12 10:33:53"}
{"level":"info","message":"转换后的ObjectId: 688839f718563bb24b7497f9","timestamp":"2025-08-12 10:33:53"}
{"level":"info","message":"获取系统消息 - 请求参数: page=1, limit=20, userId=688839f718563bb24b7497f9","timestamp":"2025-08-12 10:33:53"}
{"level":"info","message":"获取会话列表 - 请求参数: page=1, limit=10, userId=688839f718563bb24b7497f9","timestamp":"2025-08-12 10:33:53"}
{"level":"info","message":"转换后的ObjectId: 688839f718563bb24b7497f9","timestamp":"2025-08-12 10:33:53"}
{"level":"info","message":"获取系统消息 - 请求参数: page=1, limit=20, userId=688839f718563bb24b7497f9","timestamp":"2025-08-12 10:33:53"}
{"level":"error","message":"Socket.IO 认证失败: invalid signature","name":"JsonWebTokenError","stack":"JsonWebTokenError: invalid signature\n    at D:\\0振涛\\项目\\20250810\\first-yf\\api\\node_modules\\jsonwebtoken\\verify.js:171:19\n    at getSecret (D:\\0振涛\\项目\\20250810\\first-yf\\api\\node_modules\\jsonwebtoken\\verify.js:97:14)\n    at module.exports [as verify] (D:\\0振涛\\项目\\20250810\\first-yf\\api\\node_modules\\jsonwebtoken\\verify.js:101:10)\n    at SocketIOService.authenticateSocket (D:\\0振涛\\项目\\20250810\\first-yf\\api\\utils\\socketio.js:53:27)\n    at Array.<anonymous> (D:\\0振涛\\项目\\20250810\\first-yf\\api\\utils\\socketio.js:30:12)\n    at run (D:\\0振涛\\项目\\20250810\\first-yf\\api\\node_modules\\socket.io\\dist\\namespace.js:130:19)\n    at Namespace.run (D:\\0振涛\\项目\\20250810\\first-yf\\api\\node_modules\\socket.io\\dist\\namespace.js:141:9)\n    at Namespace._add (D:\\0振涛\\项目\\20250810\\first-yf\\api\\node_modules\\socket.io\\dist\\namespace.js:218:14)\n    at process.processTicksAndRejections (node:internal/process/task_queues:105:5)","timestamp":"2025-08-12 10:33:53"}
{"level":"info","message":"聚合查询结果: 1 个会话","timestamp":"2025-08-12 10:33:53"}
{"level":"error","message":"获取私信会话列表失败: Schema hasn't been registered for model \"User\".\nUse mongoose.model(name, schema)","stack":"MissingSchemaError: Schema hasn't been registered for model \"User\".\nUse mongoose.model(name, schema)\n    at NativeConnection.model (D:\\0振涛\\项目\\20250810\\first-yf\\api\\node_modules\\mongoose\\lib\\connection.js:1493:13)\n    at _getModelFromConn (D:\\0振涛\\项目\\20250810\\first-yf\\api\\node_modules\\mongoose\\lib\\helpers\\populate\\getModelsMapForPopulate.js:579:15)\n    at addModelNamesToMap (D:\\0振涛\\项目\\20250810\\first-yf\\api\\node_modules\\mongoose\\lib\\helpers\\populate\\getModelsMapForPopulate.js:507:17)\n    at getModelsMapForPopulate (D:\\0振涛\\项目\\20250810\\first-yf\\api\\node_modules\\mongoose\\lib\\helpers\\populate\\getModelsMapForPopulate.js:208:7)\n    at _populatePath (D:\\0振涛\\项目\\20250810\\first-yf\\api\\node_modules\\mongoose\\lib\\model.js:4458:21)\n    at Function.populate (D:\\0振涛\\项目\\20250810\\first-yf\\api\\node_modules\\mongoose\\lib\\model.js:4425:21)\n    at D:\\0振涛\\项目\\20250810\\first-yf\\api\\routes\\messages.js:161:54\n    at process.processTicksAndRejections (node:internal/process/task_queues:105:5)","timestamp":"2025-08-12 10:33:53"}
{"level":"error","message":"获取系统消息失败: Schema hasn't been registered for model \"User\".\nUse mongoose.model(name, schema)","stack":"MissingSchemaError: Schema hasn't been registered for model \"User\".\nUse mongoose.model(name, schema)\n    at NativeConnection.model (D:\\0振涛\\项目\\20250810\\first-yf\\api\\node_modules\\mongoose\\lib\\connection.js:1493:13)\n    at _getModelFromConn (D:\\0振涛\\项目\\20250810\\first-yf\\api\\node_modules\\mongoose\\lib\\helpers\\populate\\getModelsMapForPopulate.js:579:15)\n    at addModelNamesToMap (D:\\0振涛\\项目\\20250810\\first-yf\\api\\node_modules\\mongoose\\lib\\helpers\\populate\\getModelsMapForPopulate.js:507:17)\n    at getModelsMapForPopulate (D:\\0振涛\\项目\\20250810\\first-yf\\api\\node_modules\\mongoose\\lib\\helpers\\populate\\getModelsMapForPopulate.js:208:7)\n    at _populatePath (D:\\0振涛\\项目\\20250810\\first-yf\\api\\node_modules\\mongoose\\lib\\model.js:4458:21)\n    at Function.populate (D:\\0振涛\\项目\\20250810\\first-yf\\api\\node_modules\\mongoose\\lib\\model.js:4425:21)\n    at model.Query._find (D:\\0振涛\\项目\\20250810\\first-yf\\api\\node_modules\\mongoose\\lib\\query.js:2456:20)\n    at process.processTicksAndRejections (node:internal/process/task_queues:105:5)\n    at async model.Query.exec (D:\\0振涛\\项目\\20250810\\first-yf\\api\\node_modules\\mongoose\\lib\\query.js:4627:63)\n    at async D:\\0振涛\\项目\\20250810\\first-yf\\api\\routes\\messages.js:315:32","timestamp":"2025-08-12 10:33:53"}
{"level":"info","message":"聚合查询结果: 1 个会话","timestamp":"2025-08-12 10:33:53"}
{"level":"error","message":"获取私信会话列表失败: Schema hasn't been registered for model \"User\".\nUse mongoose.model(name, schema)","stack":"MissingSchemaError: Schema hasn't been registered for model \"User\".\nUse mongoose.model(name, schema)\n    at NativeConnection.model (D:\\0振涛\\项目\\20250810\\first-yf\\api\\node_modules\\mongoose\\lib\\connection.js:1493:13)\n    at _getModelFromConn (D:\\0振涛\\项目\\20250810\\first-yf\\api\\node_modules\\mongoose\\lib\\helpers\\populate\\getModelsMapForPopulate.js:579:15)\n    at addModelNamesToMap (D:\\0振涛\\项目\\20250810\\first-yf\\api\\node_modules\\mongoose\\lib\\helpers\\populate\\getModelsMapForPopulate.js:507:17)\n    at getModelsMapForPopulate (D:\\0振涛\\项目\\20250810\\first-yf\\api\\node_modules\\mongoose\\lib\\helpers\\populate\\getModelsMapForPopulate.js:208:7)\n    at _populatePath (D:\\0振涛\\项目\\20250810\\first-yf\\api\\node_modules\\mongoose\\lib\\model.js:4458:21)\n    at Function.populate (D:\\0振涛\\项目\\20250810\\first-yf\\api\\node_modules\\mongoose\\lib\\model.js:4425:21)\n    at D:\\0振涛\\项目\\20250810\\first-yf\\api\\routes\\messages.js:161:54\n    at process.processTicksAndRejections (node:internal/process/task_queues:105:5)","timestamp":"2025-08-12 10:33:53"}
{"level":"error","message":"获取系统消息失败: Schema hasn't been registered for model \"User\".\nUse mongoose.model(name, schema)","stack":"MissingSchemaError: Schema hasn't been registered for model \"User\".\nUse mongoose.model(name, schema)\n    at NativeConnection.model (D:\\0振涛\\项目\\20250810\\first-yf\\api\\node_modules\\mongoose\\lib\\connection.js:1493:13)\n    at _getModelFromConn (D:\\0振涛\\项目\\20250810\\first-yf\\api\\node_modules\\mongoose\\lib\\helpers\\populate\\getModelsMapForPopulate.js:579:15)\n    at addModelNamesToMap (D:\\0振涛\\项目\\20250810\\first-yf\\api\\node_modules\\mongoose\\lib\\helpers\\populate\\getModelsMapForPopulate.js:507:17)\n    at getModelsMapForPopulate (D:\\0振涛\\项目\\20250810\\first-yf\\api\\node_modules\\mongoose\\lib\\helpers\\populate\\getModelsMapForPopulate.js:208:7)\n    at _populatePath (D:\\0振涛\\项目\\20250810\\first-yf\\api\\node_modules\\mongoose\\lib\\model.js:4458:21)\n    at Function.populate (D:\\0振涛\\项目\\20250810\\first-yf\\api\\node_modules\\mongoose\\lib\\model.js:4425:21)\n    at model.Query._find (D:\\0振涛\\项目\\20250810\\first-yf\\api\\node_modules\\mongoose\\lib\\query.js:2456:20)\n    at process.processTicksAndRejections (node:internal/process/task_queues:105:5)\n    at async model.Query.exec (D:\\0振涛\\项目\\20250810\\first-yf\\api\\node_modules\\mongoose\\lib\\query.js:4627:63)\n    at async D:\\0振涛\\项目\\20250810\\first-yf\\api\\routes\\messages.js:315:32","timestamp":"2025-08-12 10:33:53"}
{"level":"info","message":"获取会话列表 - 请求参数: page=1, limit=10, userId=688839f718563bb24b7497f9","timestamp":"2025-08-12 10:39:41"}
{"level":"info","message":"转换后的ObjectId: 688839f718563bb24b7497f9","timestamp":"2025-08-12 10:39:41"}
{"level":"info","message":"获取系统消息 - 请求参数: page=1, limit=20, userId=688839f718563bb24b7497f9","timestamp":"2025-08-12 10:39:41"}
{"level":"error","message":"Socket.IO 认证失败: invalid signature","name":"JsonWebTokenError","stack":"JsonWebTokenError: invalid signature\n    at D:\\0振涛\\项目\\20250810\\first-yf\\api\\node_modules\\jsonwebtoken\\verify.js:171:19\n    at getSecret (D:\\0振涛\\项目\\20250810\\first-yf\\api\\node_modules\\jsonwebtoken\\verify.js:97:14)\n    at module.exports [as verify] (D:\\0振涛\\项目\\20250810\\first-yf\\api\\node_modules\\jsonwebtoken\\verify.js:101:10)\n    at SocketIOService.authenticateSocket (D:\\0振涛\\项目\\20250810\\first-yf\\api\\utils\\socketio.js:53:27)\n    at Array.<anonymous> (D:\\0振涛\\项目\\20250810\\first-yf\\api\\utils\\socketio.js:30:12)\n    at run (D:\\0振涛\\项目\\20250810\\first-yf\\api\\node_modules\\socket.io\\dist\\namespace.js:130:19)\n    at Namespace.run (D:\\0振涛\\项目\\20250810\\first-yf\\api\\node_modules\\socket.io\\dist\\namespace.js:141:9)\n    at Namespace._add (D:\\0振涛\\项目\\20250810\\first-yf\\api\\node_modules\\socket.io\\dist\\namespace.js:218:14)\n    at process.processTicksAndRejections (node:internal/process/task_queues:105:5)","timestamp":"2025-08-12 10:39:41"}
{"level":"info","message":"聚合查询结果: 1 个会话","timestamp":"2025-08-12 10:39:41"}
{"level":"error","message":"获取私信会话列表失败: Schema hasn't been registered for model \"User\".\nUse mongoose.model(name, schema)","stack":"MissingSchemaError: Schema hasn't been registered for model \"User\".\nUse mongoose.model(name, schema)\n    at NativeConnection.model (D:\\0振涛\\项目\\20250810\\first-yf\\api\\node_modules\\mongoose\\lib\\connection.js:1493:13)\n    at _getModelFromConn (D:\\0振涛\\项目\\20250810\\first-yf\\api\\node_modules\\mongoose\\lib\\helpers\\populate\\getModelsMapForPopulate.js:579:15)\n    at addModelNamesToMap (D:\\0振涛\\项目\\20250810\\first-yf\\api\\node_modules\\mongoose\\lib\\helpers\\populate\\getModelsMapForPopulate.js:507:17)\n    at getModelsMapForPopulate (D:\\0振涛\\项目\\20250810\\first-yf\\api\\node_modules\\mongoose\\lib\\helpers\\populate\\getModelsMapForPopulate.js:208:7)\n    at _populatePath (D:\\0振涛\\项目\\20250810\\first-yf\\api\\node_modules\\mongoose\\lib\\model.js:4458:21)\n    at Function.populate (D:\\0振涛\\项目\\20250810\\first-yf\\api\\node_modules\\mongoose\\lib\\model.js:4425:21)\n    at D:\\0振涛\\项目\\20250810\\first-yf\\api\\routes\\messages.js:161:54\n    at process.processTicksAndRejections (node:internal/process/task_queues:105:5)","timestamp":"2025-08-12 10:39:41"}
{"level":"error","message":"获取系统消息失败: Schema hasn't been registered for model \"User\".\nUse mongoose.model(name, schema)","stack":"MissingSchemaError: Schema hasn't been registered for model \"User\".\nUse mongoose.model(name, schema)\n    at NativeConnection.model (D:\\0振涛\\项目\\20250810\\first-yf\\api\\node_modules\\mongoose\\lib\\connection.js:1493:13)\n    at _getModelFromConn (D:\\0振涛\\项目\\20250810\\first-yf\\api\\node_modules\\mongoose\\lib\\helpers\\populate\\getModelsMapForPopulate.js:579:15)\n    at addModelNamesToMap (D:\\0振涛\\项目\\20250810\\first-yf\\api\\node_modules\\mongoose\\lib\\helpers\\populate\\getModelsMapForPopulate.js:507:17)\n    at getModelsMapForPopulate (D:\\0振涛\\项目\\20250810\\first-yf\\api\\node_modules\\mongoose\\lib\\helpers\\populate\\getModelsMapForPopulate.js:208:7)\n    at _populatePath (D:\\0振涛\\项目\\20250810\\first-yf\\api\\node_modules\\mongoose\\lib\\model.js:4458:21)\n    at Function.populate (D:\\0振涛\\项目\\20250810\\first-yf\\api\\node_modules\\mongoose\\lib\\model.js:4425:21)\n    at model.Query._find (D:\\0振涛\\项目\\20250810\\first-yf\\api\\node_modules\\mongoose\\lib\\query.js:2456:20)\n    at process.processTicksAndRejections (node:internal/process/task_queues:105:5)\n    at async model.Query.exec (D:\\0振涛\\项目\\20250810\\first-yf\\api\\node_modules\\mongoose\\lib\\query.js:4627:63)\n    at async D:\\0振涛\\项目\\20250810\\first-yf\\api\\routes\\messages.js:315:32","timestamp":"2025-08-12 10:39:41"}
{"level":"info","message":"Socket.IO 服务器已启动","timestamp":"2025-08-12 10:46:58"}
{"level":"info","message":"获取会话列表 - 请求参数: page=1, limit=10, userId=688839f718563bb24b7497f9","timestamp":"2025-08-12 10:47:10"}
{"level":"info","message":"转换后的ObjectId: 688839f718563bb24b7497f9","timestamp":"2025-08-12 10:47:10"}
{"level":"info","message":"获取系统消息 - 请求参数: page=1, limit=20, userId=688839f718563bb24b7497f9","timestamp":"2025-08-12 10:47:10"}
{"level":"info","message":"获取会话列表 - 请求参数: page=1, limit=10, userId=688839f718563bb24b7497f9","timestamp":"2025-08-12 10:47:10"}
{"level":"info","message":"转换后的ObjectId: 688839f718563bb24b7497f9","timestamp":"2025-08-12 10:47:10"}
{"level":"info","message":"获取系统消息 - 请求参数: page=1, limit=20, userId=688839f718563bb24b7497f9","timestamp":"2025-08-12 10:47:10"}
{"level":"error","message":"Socket.IO 认证失败: invalid signature","name":"JsonWebTokenError","stack":"JsonWebTokenError: invalid signature\n    at D:\\0振涛\\项目\\20250810\\first-yf\\api\\node_modules\\jsonwebtoken\\verify.js:171:19\n    at getSecret (D:\\0振涛\\项目\\20250810\\first-yf\\api\\node_modules\\jsonwebtoken\\verify.js:97:14)\n    at module.exports [as verify] (D:\\0振涛\\项目\\20250810\\first-yf\\api\\node_modules\\jsonwebtoken\\verify.js:101:10)\n    at SocketIOService.authenticateSocket (D:\\0振涛\\项目\\20250810\\first-yf\\api\\utils\\socketio.js:53:27)\n    at Array.<anonymous> (D:\\0振涛\\项目\\20250810\\first-yf\\api\\utils\\socketio.js:30:12)\n    at run (D:\\0振涛\\项目\\20250810\\first-yf\\api\\node_modules\\socket.io\\dist\\namespace.js:130:19)\n    at Namespace.run (D:\\0振涛\\项目\\20250810\\first-yf\\api\\node_modules\\socket.io\\dist\\namespace.js:141:9)\n    at Namespace._add (D:\\0振涛\\项目\\20250810\\first-yf\\api\\node_modules\\socket.io\\dist\\namespace.js:218:14)\n    at process.processTicksAndRejections (node:internal/process/task_queues:105:5)","timestamp":"2025-08-12 10:47:10"}
{"level":"info","message":"聚合查询结果: 1 个会话","timestamp":"2025-08-12 10:47:10"}
{"level":"error","message":"获取私信会话列表失败: Schema hasn't been registered for model \"User\".\nUse mongoose.model(name, schema)","stack":"MissingSchemaError: Schema hasn't been registered for model \"User\".\nUse mongoose.model(name, schema)\n    at NativeConnection.model (D:\\0振涛\\项目\\20250810\\first-yf\\api\\node_modules\\mongoose\\lib\\connection.js:1493:13)\n    at _getModelFromConn (D:\\0振涛\\项目\\20250810\\first-yf\\api\\node_modules\\mongoose\\lib\\helpers\\populate\\getModelsMapForPopulate.js:579:15)\n    at addModelNamesToMap (D:\\0振涛\\项目\\20250810\\first-yf\\api\\node_modules\\mongoose\\lib\\helpers\\populate\\getModelsMapForPopulate.js:507:17)\n    at getModelsMapForPopulate (D:\\0振涛\\项目\\20250810\\first-yf\\api\\node_modules\\mongoose\\lib\\helpers\\populate\\getModelsMapForPopulate.js:208:7)\n    at _populatePath (D:\\0振涛\\项目\\20250810\\first-yf\\api\\node_modules\\mongoose\\lib\\model.js:4458:21)\n    at Function.populate (D:\\0振涛\\项目\\20250810\\first-yf\\api\\node_modules\\mongoose\\lib\\model.js:4425:21)\n    at D:\\0振涛\\项目\\20250810\\first-yf\\api\\routes\\messages.js:161:54\n    at process.processTicksAndRejections (node:internal/process/task_queues:105:5)","timestamp":"2025-08-12 10:47:10"}
{"level":"error","message":"获取系统消息失败: Schema hasn't been registered for model \"User\".\nUse mongoose.model(name, schema)","stack":"MissingSchemaError: Schema hasn't been registered for model \"User\".\nUse mongoose.model(name, schema)\n    at NativeConnection.model (D:\\0振涛\\项目\\20250810\\first-yf\\api\\node_modules\\mongoose\\lib\\connection.js:1493:13)\n    at _getModelFromConn (D:\\0振涛\\项目\\20250810\\first-yf\\api\\node_modules\\mongoose\\lib\\helpers\\populate\\getModelsMapForPopulate.js:579:15)\n    at addModelNamesToMap (D:\\0振涛\\项目\\20250810\\first-yf\\api\\node_modules\\mongoose\\lib\\helpers\\populate\\getModelsMapForPopulate.js:507:17)\n    at getModelsMapForPopulate (D:\\0振涛\\项目\\20250810\\first-yf\\api\\node_modules\\mongoose\\lib\\helpers\\populate\\getModelsMapForPopulate.js:208:7)\n    at _populatePath (D:\\0振涛\\项目\\20250810\\first-yf\\api\\node_modules\\mongoose\\lib\\model.js:4458:21)\n    at Function.populate (D:\\0振涛\\项目\\20250810\\first-yf\\api\\node_modules\\mongoose\\lib\\model.js:4425:21)\n    at model.Query._find (D:\\0振涛\\项目\\20250810\\first-yf\\api\\node_modules\\mongoose\\lib\\query.js:2456:20)\n    at process.processTicksAndRejections (node:internal/process/task_queues:105:5)\n    at async model.Query.exec (D:\\0振涛\\项目\\20250810\\first-yf\\api\\node_modules\\mongoose\\lib\\query.js:4627:63)\n    at async D:\\0振涛\\项目\\20250810\\first-yf\\api\\routes\\messages.js:315:32","timestamp":"2025-08-12 10:47:10"}
{"level":"info","message":"聚合查询结果: 1 个会话","timestamp":"2025-08-12 10:47:10"}
{"level":"error","message":"获取私信会话列表失败: Schema hasn't been registered for model \"User\".\nUse mongoose.model(name, schema)","stack":"MissingSchemaError: Schema hasn't been registered for model \"User\".\nUse mongoose.model(name, schema)\n    at NativeConnection.model (D:\\0振涛\\项目\\20250810\\first-yf\\api\\node_modules\\mongoose\\lib\\connection.js:1493:13)\n    at _getModelFromConn (D:\\0振涛\\项目\\20250810\\first-yf\\api\\node_modules\\mongoose\\lib\\helpers\\populate\\getModelsMapForPopulate.js:579:15)\n    at addModelNamesToMap (D:\\0振涛\\项目\\20250810\\first-yf\\api\\node_modules\\mongoose\\lib\\helpers\\populate\\getModelsMapForPopulate.js:507:17)\n    at getModelsMapForPopulate (D:\\0振涛\\项目\\20250810\\first-yf\\api\\node_modules\\mongoose\\lib\\helpers\\populate\\getModelsMapForPopulate.js:208:7)\n    at _populatePath (D:\\0振涛\\项目\\20250810\\first-yf\\api\\node_modules\\mongoose\\lib\\model.js:4458:21)\n    at Function.populate (D:\\0振涛\\项目\\20250810\\first-yf\\api\\node_modules\\mongoose\\lib\\model.js:4425:21)\n    at D:\\0振涛\\项目\\20250810\\first-yf\\api\\routes\\messages.js:161:54\n    at process.processTicksAndRejections (node:internal/process/task_queues:105:5)","timestamp":"2025-08-12 10:47:10"}
{"level":"error","message":"获取系统消息失败: Schema hasn't been registered for model \"User\".\nUse mongoose.model(name, schema)","stack":"MissingSchemaError: Schema hasn't been registered for model \"User\".\nUse mongoose.model(name, schema)\n    at NativeConnection.model (D:\\0振涛\\项目\\20250810\\first-yf\\api\\node_modules\\mongoose\\lib\\connection.js:1493:13)\n    at _getModelFromConn (D:\\0振涛\\项目\\20250810\\first-yf\\api\\node_modules\\mongoose\\lib\\helpers\\populate\\getModelsMapForPopulate.js:579:15)\n    at addModelNamesToMap (D:\\0振涛\\项目\\20250810\\first-yf\\api\\node_modules\\mongoose\\lib\\helpers\\populate\\getModelsMapForPopulate.js:507:17)\n    at getModelsMapForPopulate (D:\\0振涛\\项目\\20250810\\first-yf\\api\\node_modules\\mongoose\\lib\\helpers\\populate\\getModelsMapForPopulate.js:208:7)\n    at _populatePath (D:\\0振涛\\项目\\20250810\\first-yf\\api\\node_modules\\mongoose\\lib\\model.js:4458:21)\n    at Function.populate (D:\\0振涛\\项目\\20250810\\first-yf\\api\\node_modules\\mongoose\\lib\\model.js:4425:21)\n    at model.Query._find (D:\\0振涛\\项目\\20250810\\first-yf\\api\\node_modules\\mongoose\\lib\\query.js:2456:20)\n    at process.processTicksAndRejections (node:internal/process/task_queues:105:5)\n    at async model.Query.exec (D:\\0振涛\\项目\\20250810\\first-yf\\api\\node_modules\\mongoose\\lib\\query.js:4627:63)\n    at async D:\\0振涛\\项目\\20250810\\first-yf\\api\\routes\\messages.js:315:32","timestamp":"2025-08-12 10:47:10"}
{"level":"info","message":"获取会话列表 - 请求参数: page=1, limit=10, userId=688839f718563bb24b7497f9","timestamp":"2025-08-12 10:47:52"}
{"level":"info","message":"转换后的ObjectId: 688839f718563bb24b7497f9","timestamp":"2025-08-12 10:47:52"}
{"level":"info","message":"获取系统消息 - 请求参数: page=1, limit=20, userId=688839f718563bb24b7497f9","timestamp":"2025-08-12 10:47:52"}
{"level":"error","message":"Socket.IO 认证失败: invalid signature","name":"JsonWebTokenError","stack":"JsonWebTokenError: invalid signature\n    at D:\\0振涛\\项目\\20250810\\first-yf\\api\\node_modules\\jsonwebtoken\\verify.js:171:19\n    at getSecret (D:\\0振涛\\项目\\20250810\\first-yf\\api\\node_modules\\jsonwebtoken\\verify.js:97:14)\n    at module.exports [as verify] (D:\\0振涛\\项目\\20250810\\first-yf\\api\\node_modules\\jsonwebtoken\\verify.js:101:10)\n    at SocketIOService.authenticateSocket (D:\\0振涛\\项目\\20250810\\first-yf\\api\\utils\\socketio.js:53:27)\n    at Array.<anonymous> (D:\\0振涛\\项目\\20250810\\first-yf\\api\\utils\\socketio.js:30:12)\n    at run (D:\\0振涛\\项目\\20250810\\first-yf\\api\\node_modules\\socket.io\\dist\\namespace.js:130:19)\n    at Namespace.run (D:\\0振涛\\项目\\20250810\\first-yf\\api\\node_modules\\socket.io\\dist\\namespace.js:141:9)\n    at Namespace._add (D:\\0振涛\\项目\\20250810\\first-yf\\api\\node_modules\\socket.io\\dist\\namespace.js:218:14)\n    at process.processTicksAndRejections (node:internal/process/task_queues:105:5)","timestamp":"2025-08-12 10:47:52"}
{"level":"error","message":"获取系统消息失败: Schema hasn't been registered for model \"User\".\nUse mongoose.model(name, schema)","stack":"MissingSchemaError: Schema hasn't been registered for model \"User\".\nUse mongoose.model(name, schema)\n    at NativeConnection.model (D:\\0振涛\\项目\\20250810\\first-yf\\api\\node_modules\\mongoose\\lib\\connection.js:1493:13)\n    at _getModelFromConn (D:\\0振涛\\项目\\20250810\\first-yf\\api\\node_modules\\mongoose\\lib\\helpers\\populate\\getModelsMapForPopulate.js:579:15)\n    at addModelNamesToMap (D:\\0振涛\\项目\\20250810\\first-yf\\api\\node_modules\\mongoose\\lib\\helpers\\populate\\getModelsMapForPopulate.js:507:17)\n    at getModelsMapForPopulate (D:\\0振涛\\项目\\20250810\\first-yf\\api\\node_modules\\mongoose\\lib\\helpers\\populate\\getModelsMapForPopulate.js:208:7)\n    at _populatePath (D:\\0振涛\\项目\\20250810\\first-yf\\api\\node_modules\\mongoose\\lib\\model.js:4458:21)\n    at Function.populate (D:\\0振涛\\项目\\20250810\\first-yf\\api\\node_modules\\mongoose\\lib\\model.js:4425:21)\n    at model.Query._find (D:\\0振涛\\项目\\20250810\\first-yf\\api\\node_modules\\mongoose\\lib\\query.js:2456:20)\n    at process.processTicksAndRejections (node:internal/process/task_queues:105:5)\n    at async model.Query.exec (D:\\0振涛\\项目\\20250810\\first-yf\\api\\node_modules\\mongoose\\lib\\query.js:4627:63)\n    at async D:\\0振涛\\项目\\20250810\\first-yf\\api\\routes\\messages.js:315:32","timestamp":"2025-08-12 10:47:52"}
{"level":"info","message":"聚合查询结果: 1 个会话","timestamp":"2025-08-12 10:47:52"}
{"level":"error","message":"获取私信会话列表失败: Schema hasn't been registered for model \"User\".\nUse mongoose.model(name, schema)","stack":"MissingSchemaError: Schema hasn't been registered for model \"User\".\nUse mongoose.model(name, schema)\n    at NativeConnection.model (D:\\0振涛\\项目\\20250810\\first-yf\\api\\node_modules\\mongoose\\lib\\connection.js:1493:13)\n    at _getModelFromConn (D:\\0振涛\\项目\\20250810\\first-yf\\api\\node_modules\\mongoose\\lib\\helpers\\populate\\getModelsMapForPopulate.js:579:15)\n    at addModelNamesToMap (D:\\0振涛\\项目\\20250810\\first-yf\\api\\node_modules\\mongoose\\lib\\helpers\\populate\\getModelsMapForPopulate.js:507:17)\n    at getModelsMapForPopulate (D:\\0振涛\\项目\\20250810\\first-yf\\api\\node_modules\\mongoose\\lib\\helpers\\populate\\getModelsMapForPopulate.js:208:7)\n    at _populatePath (D:\\0振涛\\项目\\20250810\\first-yf\\api\\node_modules\\mongoose\\lib\\model.js:4458:21)\n    at Function.populate (D:\\0振涛\\项目\\20250810\\first-yf\\api\\node_modules\\mongoose\\lib\\model.js:4425:21)\n    at D:\\0振涛\\项目\\20250810\\first-yf\\api\\routes\\messages.js:161:54\n    at process.processTicksAndRejections (node:internal/process/task_queues:105:5)","timestamp":"2025-08-12 10:47:52"}
{"level":"info","message":"获取会话列表 - 请求参数: page=1, limit=10, userId=688839f718563bb24b7497f9","timestamp":"2025-08-12 10:57:20"}
{"level":"info","message":"转换后的ObjectId: 688839f718563bb24b7497f9","timestamp":"2025-08-12 10:57:20"}
{"level":"info","message":"获取会话列表 - 请求参数: page=1, limit=10, userId=688839f718563bb24b7497f9","timestamp":"2025-08-12 10:57:20"}
{"level":"info","message":"转换后的ObjectId: 688839f718563bb24b7497f9","timestamp":"2025-08-12 10:57:20"}
{"level":"info","message":"聚合查询结果: 1 个会话","timestamp":"2025-08-12 10:57:20"}
{"level":"error","message":"获取私信会话列表失败: Schema hasn't been registered for model \"User\".\nUse mongoose.model(name, schema)","stack":"MissingSchemaError: Schema hasn't been registered for model \"User\".\nUse mongoose.model(name, schema)\n    at NativeConnection.model (D:\\0振涛\\项目\\20250810\\first-yf\\api\\node_modules\\mongoose\\lib\\connection.js:1493:13)\n    at _getModelFromConn (D:\\0振涛\\项目\\20250810\\first-yf\\api\\node_modules\\mongoose\\lib\\helpers\\populate\\getModelsMapForPopulate.js:579:15)\n    at addModelNamesToMap (D:\\0振涛\\项目\\20250810\\first-yf\\api\\node_modules\\mongoose\\lib\\helpers\\populate\\getModelsMapForPopulate.js:507:17)\n    at getModelsMapForPopulate (D:\\0振涛\\项目\\20250810\\first-yf\\api\\node_modules\\mongoose\\lib\\helpers\\populate\\getModelsMapForPopulate.js:208:7)\n    at _populatePath (D:\\0振涛\\项目\\20250810\\first-yf\\api\\node_modules\\mongoose\\lib\\model.js:4458:21)\n    at Function.populate (D:\\0振涛\\项目\\20250810\\first-yf\\api\\node_modules\\mongoose\\lib\\model.js:4425:21)\n    at D:\\0振涛\\项目\\20250810\\first-yf\\api\\routes\\messages.js:161:54\n    at process.processTicksAndRejections (node:internal/process/task_queues:105:5)","timestamp":"2025-08-12 10:57:20"}
{"level":"info","message":"聚合查询结果: 1 个会话","timestamp":"2025-08-12 10:57:20"}
{"level":"error","message":"获取私信会话列表失败: Schema hasn't been registered for model \"User\".\nUse mongoose.model(name, schema)","stack":"MissingSchemaError: Schema hasn't been registered for model \"User\".\nUse mongoose.model(name, schema)\n    at NativeConnection.model (D:\\0振涛\\项目\\20250810\\first-yf\\api\\node_modules\\mongoose\\lib\\connection.js:1493:13)\n    at _getModelFromConn (D:\\0振涛\\项目\\20250810\\first-yf\\api\\node_modules\\mongoose\\lib\\helpers\\populate\\getModelsMapForPopulate.js:579:15)\n    at addModelNamesToMap (D:\\0振涛\\项目\\20250810\\first-yf\\api\\node_modules\\mongoose\\lib\\helpers\\populate\\getModelsMapForPopulate.js:507:17)\n    at getModelsMapForPopulate (D:\\0振涛\\项目\\20250810\\first-yf\\api\\node_modules\\mongoose\\lib\\helpers\\populate\\getModelsMapForPopulate.js:208:7)\n    at _populatePath (D:\\0振涛\\项目\\20250810\\first-yf\\api\\node_modules\\mongoose\\lib\\model.js:4458:21)\n    at Function.populate (D:\\0振涛\\项目\\20250810\\first-yf\\api\\node_modules\\mongoose\\lib\\model.js:4425:21)\n    at D:\\0振涛\\项目\\20250810\\first-yf\\api\\routes\\messages.js:161:54\n    at process.processTicksAndRejections (node:internal/process/task_queues:105:5)","timestamp":"2025-08-12 10:57:20"}
{"level":"info","message":"获取系统消息 - 请求参数: page=1, limit=20, userId=688839f718563bb24b7497f9","timestamp":"2025-08-12 10:57:20"}
{"level":"info","message":"获取系统消息 - 请求参数: page=1, limit=20, userId=688839f718563bb24b7497f9","timestamp":"2025-08-12 10:57:20"}
{"level":"error","message":"获取系统消息失败: Schema hasn't been registered for model \"User\".\nUse mongoose.model(name, schema)","stack":"MissingSchemaError: Schema hasn't been registered for model \"User\".\nUse mongoose.model(name, schema)\n    at NativeConnection.model (D:\\0振涛\\项目\\20250810\\first-yf\\api\\node_modules\\mongoose\\lib\\connection.js:1493:13)\n    at _getModelFromConn (D:\\0振涛\\项目\\20250810\\first-yf\\api\\node_modules\\mongoose\\lib\\helpers\\populate\\getModelsMapForPopulate.js:579:15)\n    at addModelNamesToMap (D:\\0振涛\\项目\\20250810\\first-yf\\api\\node_modules\\mongoose\\lib\\helpers\\populate\\getModelsMapForPopulate.js:507:17)\n    at getModelsMapForPopulate (D:\\0振涛\\项目\\20250810\\first-yf\\api\\node_modules\\mongoose\\lib\\helpers\\populate\\getModelsMapForPopulate.js:208:7)\n    at _populatePath (D:\\0振涛\\项目\\20250810\\first-yf\\api\\node_modules\\mongoose\\lib\\model.js:4458:21)\n    at Function.populate (D:\\0振涛\\项目\\20250810\\first-yf\\api\\node_modules\\mongoose\\lib\\model.js:4425:21)\n    at model.Query._find (D:\\0振涛\\项目\\20250810\\first-yf\\api\\node_modules\\mongoose\\lib\\query.js:2456:20)\n    at process.processTicksAndRejections (node:internal/process/task_queues:105:5)\n    at async model.Query.exec (D:\\0振涛\\项目\\20250810\\first-yf\\api\\node_modules\\mongoose\\lib\\query.js:4627:63)\n    at async D:\\0振涛\\项目\\20250810\\first-yf\\api\\routes\\messages.js:315:32","timestamp":"2025-08-12 10:57:20"}
{"level":"error","message":"获取系统消息失败: Schema hasn't been registered for model \"User\".\nUse mongoose.model(name, schema)","stack":"MissingSchemaError: Schema hasn't been registered for model \"User\".\nUse mongoose.model(name, schema)\n    at NativeConnection.model (D:\\0振涛\\项目\\20250810\\first-yf\\api\\node_modules\\mongoose\\lib\\connection.js:1493:13)\n    at _getModelFromConn (D:\\0振涛\\项目\\20250810\\first-yf\\api\\node_modules\\mongoose\\lib\\helpers\\populate\\getModelsMapForPopulate.js:579:15)\n    at addModelNamesToMap (D:\\0振涛\\项目\\20250810\\first-yf\\api\\node_modules\\mongoose\\lib\\helpers\\populate\\getModelsMapForPopulate.js:507:17)\n    at getModelsMapForPopulate (D:\\0振涛\\项目\\20250810\\first-yf\\api\\node_modules\\mongoose\\lib\\helpers\\populate\\getModelsMapForPopulate.js:208:7)\n    at _populatePath (D:\\0振涛\\项目\\20250810\\first-yf\\api\\node_modules\\mongoose\\lib\\model.js:4458:21)\n    at Function.populate (D:\\0振涛\\项目\\20250810\\first-yf\\api\\node_modules\\mongoose\\lib\\model.js:4425:21)\n    at model.Query._find (D:\\0振涛\\项目\\20250810\\first-yf\\api\\node_modules\\mongoose\\lib\\query.js:2456:20)\n    at process.processTicksAndRejections (node:internal/process/task_queues:105:5)\n    at async model.Query.exec (D:\\0振涛\\项目\\20250810\\first-yf\\api\\node_modules\\mongoose\\lib\\query.js:4627:63)\n    at async D:\\0振涛\\项目\\20250810\\first-yf\\api\\routes\\messages.js:315:32","timestamp":"2025-08-12 10:57:20"}
{"level":"info","message":"用户 csyh (ID: 688839f718563bb24b7497f9) 已连接 Socket.IO","timestamp":"2025-08-12 10:57:20"}
{"level":"info","message":"用户 csyh (ID: 688839f718563bb24b7497f9) 已断开 Socket.IO 连接","timestamp":"2025-08-12 10:57:27"}
{"level":"info","message":"获取会话列表 - 请求参数: page=1, limit=10, userId=688839f718563bb24b7497f9","timestamp":"2025-08-12 10:57:28"}
{"level":"info","message":"转换后的ObjectId: 688839f718563bb24b7497f9","timestamp":"2025-08-12 10:57:28"}
{"level":"info","message":"获取会话列表 - 请求参数: page=1, limit=10, userId=688839f718563bb24b7497f9","timestamp":"2025-08-12 10:57:28"}
{"level":"info","message":"转换后的ObjectId: 688839f718563bb24b7497f9","timestamp":"2025-08-12 10:57:28"}
{"level":"info","message":"聚合查询结果: 1 个会话","timestamp":"2025-08-12 10:57:28"}
{"level":"error","message":"获取私信会话列表失败: Schema hasn't been registered for model \"User\".\nUse mongoose.model(name, schema)","stack":"MissingSchemaError: Schema hasn't been registered for model \"User\".\nUse mongoose.model(name, schema)\n    at NativeConnection.model (D:\\0振涛\\项目\\20250810\\first-yf\\api\\node_modules\\mongoose\\lib\\connection.js:1493:13)\n    at _getModelFromConn (D:\\0振涛\\项目\\20250810\\first-yf\\api\\node_modules\\mongoose\\lib\\helpers\\populate\\getModelsMapForPopulate.js:579:15)\n    at addModelNamesToMap (D:\\0振涛\\项目\\20250810\\first-yf\\api\\node_modules\\mongoose\\lib\\helpers\\populate\\getModelsMapForPopulate.js:507:17)\n    at getModelsMapForPopulate (D:\\0振涛\\项目\\20250810\\first-yf\\api\\node_modules\\mongoose\\lib\\helpers\\populate\\getModelsMapForPopulate.js:208:7)\n    at _populatePath (D:\\0振涛\\项目\\20250810\\first-yf\\api\\node_modules\\mongoose\\lib\\model.js:4458:21)\n    at Function.populate (D:\\0振涛\\项目\\20250810\\first-yf\\api\\node_modules\\mongoose\\lib\\model.js:4425:21)\n    at D:\\0振涛\\项目\\20250810\\first-yf\\api\\routes\\messages.js:161:54\n    at process.processTicksAndRejections (node:internal/process/task_queues:105:5)","timestamp":"2025-08-12 10:57:28"}
{"level":"info","message":"聚合查询结果: 1 个会话","timestamp":"2025-08-12 10:57:28"}
{"level":"error","message":"获取私信会话列表失败: Schema hasn't been registered for model \"User\".\nUse mongoose.model(name, schema)","stack":"MissingSchemaError: Schema hasn't been registered for model \"User\".\nUse mongoose.model(name, schema)\n    at NativeConnection.model (D:\\0振涛\\项目\\20250810\\first-yf\\api\\node_modules\\mongoose\\lib\\connection.js:1493:13)\n    at _getModelFromConn (D:\\0振涛\\项目\\20250810\\first-yf\\api\\node_modules\\mongoose\\lib\\helpers\\populate\\getModelsMapForPopulate.js:579:15)\n    at addModelNamesToMap (D:\\0振涛\\项目\\20250810\\first-yf\\api\\node_modules\\mongoose\\lib\\helpers\\populate\\getModelsMapForPopulate.js:507:17)\n    at getModelsMapForPopulate (D:\\0振涛\\项目\\20250810\\first-yf\\api\\node_modules\\mongoose\\lib\\helpers\\populate\\getModelsMapForPopulate.js:208:7)\n    at _populatePath (D:\\0振涛\\项目\\20250810\\first-yf\\api\\node_modules\\mongoose\\lib\\model.js:4458:21)\n    at Function.populate (D:\\0振涛\\项目\\20250810\\first-yf\\api\\node_modules\\mongoose\\lib\\model.js:4425:21)\n    at D:\\0振涛\\项目\\20250810\\first-yf\\api\\routes\\messages.js:161:54\n    at process.processTicksAndRejections (node:internal/process/task_queues:105:5)","timestamp":"2025-08-12 10:57:28"}
{"level":"info","message":"获取系统消息 - 请求参数: page=1, limit=20, userId=688839f718563bb24b7497f9","timestamp":"2025-08-12 10:57:28"}
{"level":"info","message":"获取系统消息 - 请求参数: page=1, limit=20, userId=688839f718563bb24b7497f9","timestamp":"2025-08-12 10:57:28"}
{"level":"error","message":"获取系统消息失败: Schema hasn't been registered for model \"User\".\nUse mongoose.model(name, schema)","stack":"MissingSchemaError: Schema hasn't been registered for model \"User\".\nUse mongoose.model(name, schema)\n    at NativeConnection.model (D:\\0振涛\\项目\\20250810\\first-yf\\api\\node_modules\\mongoose\\lib\\connection.js:1493:13)\n    at _getModelFromConn (D:\\0振涛\\项目\\20250810\\first-yf\\api\\node_modules\\mongoose\\lib\\helpers\\populate\\getModelsMapForPopulate.js:579:15)\n    at addModelNamesToMap (D:\\0振涛\\项目\\20250810\\first-yf\\api\\node_modules\\mongoose\\lib\\helpers\\populate\\getModelsMapForPopulate.js:507:17)\n    at getModelsMapForPopulate (D:\\0振涛\\项目\\20250810\\first-yf\\api\\node_modules\\mongoose\\lib\\helpers\\populate\\getModelsMapForPopulate.js:208:7)\n    at _populatePath (D:\\0振涛\\项目\\20250810\\first-yf\\api\\node_modules\\mongoose\\lib\\model.js:4458:21)\n    at Function.populate (D:\\0振涛\\项目\\20250810\\first-yf\\api\\node_modules\\mongoose\\lib\\model.js:4425:21)\n    at model.Query._find (D:\\0振涛\\项目\\20250810\\first-yf\\api\\node_modules\\mongoose\\lib\\query.js:2456:20)\n    at process.processTicksAndRejections (node:internal/process/task_queues:105:5)\n    at async model.Query.exec (D:\\0振涛\\项目\\20250810\\first-yf\\api\\node_modules\\mongoose\\lib\\query.js:4627:63)\n    at async D:\\0振涛\\项目\\20250810\\first-yf\\api\\routes\\messages.js:315:32","timestamp":"2025-08-12 10:57:28"}
{"level":"error","message":"获取系统消息失败: Schema hasn't been registered for model \"User\".\nUse mongoose.model(name, schema)","stack":"MissingSchemaError: Schema hasn't been registered for model \"User\".\nUse mongoose.model(name, schema)\n    at NativeConnection.model (D:\\0振涛\\项目\\20250810\\first-yf\\api\\node_modules\\mongoose\\lib\\connection.js:1493:13)\n    at _getModelFromConn (D:\\0振涛\\项目\\20250810\\first-yf\\api\\node_modules\\mongoose\\lib\\helpers\\populate\\getModelsMapForPopulate.js:579:15)\n    at addModelNamesToMap (D:\\0振涛\\项目\\20250810\\first-yf\\api\\node_modules\\mongoose\\lib\\helpers\\populate\\getModelsMapForPopulate.js:507:17)\n    at getModelsMapForPopulate (D:\\0振涛\\项目\\20250810\\first-yf\\api\\node_modules\\mongoose\\lib\\helpers\\populate\\getModelsMapForPopulate.js:208:7)\n    at _populatePath (D:\\0振涛\\项目\\20250810\\first-yf\\api\\node_modules\\mongoose\\lib\\model.js:4458:21)\n    at Function.populate (D:\\0振涛\\项目\\20250810\\first-yf\\api\\node_modules\\mongoose\\lib\\model.js:4425:21)\n    at model.Query._find (D:\\0振涛\\项目\\20250810\\first-yf\\api\\node_modules\\mongoose\\lib\\query.js:2456:20)\n    at process.processTicksAndRejections (node:internal/process/task_queues:105:5)\n    at async model.Query.exec (D:\\0振涛\\项目\\20250810\\first-yf\\api\\node_modules\\mongoose\\lib\\query.js:4627:63)\n    at async D:\\0振涛\\项目\\20250810\\first-yf\\api\\routes\\messages.js:315:32","timestamp":"2025-08-12 10:57:28"}
{"level":"info","message":"用户 csyh (ID: 688839f718563bb24b7497f9) 已连接 Socket.IO","timestamp":"2025-08-12 10:57:28"}
{"level":"info","message":"用户 csyh (ID: 688839f718563bb24b7497f9) 已断开 Socket.IO 连接","timestamp":"2025-08-12 10:57:36"}
{"level":"info","message":"用户 csyh (ID: 688839f718563bb24b7497f9) 已连接 Socket.IO","timestamp":"2025-08-12 10:57:36"}
{"level":"info","message":"用户 csyh (ID: 688839f718563bb24b7497f9) 已断开 Socket.IO 连接","timestamp":"2025-08-12 10:58:47"}
{"level":"info","message":"获取会话列表 - 请求参数: page=1, limit=10, userId=688839f718563bb24b7497f9","timestamp":"2025-08-12 10:58:47"}
{"level":"info","message":"转换后的ObjectId: 688839f718563bb24b7497f9","timestamp":"2025-08-12 10:58:47"}
{"level":"info","message":"聚合查询结果: 1 个会话","timestamp":"2025-08-12 10:58:48"}
{"level":"error","message":"获取私信会话列表失败: Schema hasn't been registered for model \"User\".\nUse mongoose.model(name, schema)","stack":"MissingSchemaError: Schema hasn't been registered for model \"User\".\nUse mongoose.model(name, schema)\n    at NativeConnection.model (D:\\0振涛\\项目\\20250810\\first-yf\\api\\node_modules\\mongoose\\lib\\connection.js:1493:13)\n    at _getModelFromConn (D:\\0振涛\\项目\\20250810\\first-yf\\api\\node_modules\\mongoose\\lib\\helpers\\populate\\getModelsMapForPopulate.js:579:15)\n    at addModelNamesToMap (D:\\0振涛\\项目\\20250810\\first-yf\\api\\node_modules\\mongoose\\lib\\helpers\\populate\\getModelsMapForPopulate.js:507:17)\n    at getModelsMapForPopulate (D:\\0振涛\\项目\\20250810\\first-yf\\api\\node_modules\\mongoose\\lib\\helpers\\populate\\getModelsMapForPopulate.js:208:7)\n    at _populatePath (D:\\0振涛\\项目\\20250810\\first-yf\\api\\node_modules\\mongoose\\lib\\model.js:4458:21)\n    at Function.populate (D:\\0振涛\\项目\\20250810\\first-yf\\api\\node_modules\\mongoose\\lib\\model.js:4425:21)\n    at D:\\0振涛\\项目\\20250810\\first-yf\\api\\routes\\messages.js:161:54\n    at process.processTicksAndRejections (node:internal/process/task_queues:105:5)","timestamp":"2025-08-12 10:58:48"}
{"level":"info","message":"获取系统消息 - 请求参数: page=1, limit=20, userId=688839f718563bb24b7497f9","timestamp":"2025-08-12 10:58:48"}
{"level":"error","message":"获取系统消息失败: Schema hasn't been registered for model \"User\".\nUse mongoose.model(name, schema)","stack":"MissingSchemaError: Schema hasn't been registered for model \"User\".\nUse mongoose.model(name, schema)\n    at NativeConnection.model (D:\\0振涛\\项目\\20250810\\first-yf\\api\\node_modules\\mongoose\\lib\\connection.js:1493:13)\n    at _getModelFromConn (D:\\0振涛\\项目\\20250810\\first-yf\\api\\node_modules\\mongoose\\lib\\helpers\\populate\\getModelsMapForPopulate.js:579:15)\n    at addModelNamesToMap (D:\\0振涛\\项目\\20250810\\first-yf\\api\\node_modules\\mongoose\\lib\\helpers\\populate\\getModelsMapForPopulate.js:507:17)\n    at getModelsMapForPopulate (D:\\0振涛\\项目\\20250810\\first-yf\\api\\node_modules\\mongoose\\lib\\helpers\\populate\\getModelsMapForPopulate.js:208:7)\n    at _populatePath (D:\\0振涛\\项目\\20250810\\first-yf\\api\\node_modules\\mongoose\\lib\\model.js:4458:21)\n    at Function.populate (D:\\0振涛\\项目\\20250810\\first-yf\\api\\node_modules\\mongoose\\lib\\model.js:4425:21)\n    at model.Query._find (D:\\0振涛\\项目\\20250810\\first-yf\\api\\node_modules\\mongoose\\lib\\query.js:2456:20)\n    at process.processTicksAndRejections (node:internal/process/task_queues:105:5)\n    at async model.Query.exec (D:\\0振涛\\项目\\20250810\\first-yf\\api\\node_modules\\mongoose\\lib\\query.js:4627:63)\n    at async D:\\0振涛\\项目\\20250810\\first-yf\\api\\routes\\messages.js:315:32","timestamp":"2025-08-12 10:58:49"}
{"level":"info","message":"用户 csyh (ID: 688839f718563bb24b7497f9) 已连接 Socket.IO","timestamp":"2025-08-12 10:58:49"}
{"level":"info","message":"用户 csyh (ID: 688839f718563bb24b7497f9) 已断开 Socket.IO 连接","timestamp":"2025-08-12 11:02:15"}
{"level":"info","message":"获取会话列表 - 请求参数: page=1, limit=10, userId=688839f718563bb24b7497f9","timestamp":"2025-08-12 11:02:15"}
{"level":"info","message":"转换后的ObjectId: 688839f718563bb24b7497f9","timestamp":"2025-08-12 11:02:15"}
{"level":"info","message":"获取会话列表 - 请求参数: page=1, limit=10, userId=688839f718563bb24b7497f9","timestamp":"2025-08-12 11:02:15"}
{"level":"info","message":"转换后的ObjectId: 688839f718563bb24b7497f9","timestamp":"2025-08-12 11:02:15"}
{"level":"info","message":"聚合查询结果: 1 个会话","timestamp":"2025-08-12 11:02:15"}
{"level":"error","message":"获取私信会话列表失败: Schema hasn't been registered for model \"User\".\nUse mongoose.model(name, schema)","stack":"MissingSchemaError: Schema hasn't been registered for model \"User\".\nUse mongoose.model(name, schema)\n    at NativeConnection.model (D:\\0振涛\\项目\\20250810\\first-yf\\api\\node_modules\\mongoose\\lib\\connection.js:1493:13)\n    at _getModelFromConn (D:\\0振涛\\项目\\20250810\\first-yf\\api\\node_modules\\mongoose\\lib\\helpers\\populate\\getModelsMapForPopulate.js:579:15)\n    at addModelNamesToMap (D:\\0振涛\\项目\\20250810\\first-yf\\api\\node_modules\\mongoose\\lib\\helpers\\populate\\getModelsMapForPopulate.js:507:17)\n    at getModelsMapForPopulate (D:\\0振涛\\项目\\20250810\\first-yf\\api\\node_modules\\mongoose\\lib\\helpers\\populate\\getModelsMapForPopulate.js:208:7)\n    at _populatePath (D:\\0振涛\\项目\\20250810\\first-yf\\api\\node_modules\\mongoose\\lib\\model.js:4458:21)\n    at Function.populate (D:\\0振涛\\项目\\20250810\\first-yf\\api\\node_modules\\mongoose\\lib\\model.js:4425:21)\n    at D:\\0振涛\\项目\\20250810\\first-yf\\api\\routes\\messages.js:161:54\n    at process.processTicksAndRejections (node:internal/process/task_queues:105:5)","timestamp":"2025-08-12 11:02:15"}
{"level":"info","message":"聚合查询结果: 1 个会话","timestamp":"2025-08-12 11:02:15"}
{"level":"error","message":"获取私信会话列表失败: Schema hasn't been registered for model \"User\".\nUse mongoose.model(name, schema)","stack":"MissingSchemaError: Schema hasn't been registered for model \"User\".\nUse mongoose.model(name, schema)\n    at NativeConnection.model (D:\\0振涛\\项目\\20250810\\first-yf\\api\\node_modules\\mongoose\\lib\\connection.js:1493:13)\n    at _getModelFromConn (D:\\0振涛\\项目\\20250810\\first-yf\\api\\node_modules\\mongoose\\lib\\helpers\\populate\\getModelsMapForPopulate.js:579:15)\n    at addModelNamesToMap (D:\\0振涛\\项目\\20250810\\first-yf\\api\\node_modules\\mongoose\\lib\\helpers\\populate\\getModelsMapForPopulate.js:507:17)\n    at getModelsMapForPopulate (D:\\0振涛\\项目\\20250810\\first-yf\\api\\node_modules\\mongoose\\lib\\helpers\\populate\\getModelsMapForPopulate.js:208:7)\n    at _populatePath (D:\\0振涛\\项目\\20250810\\first-yf\\api\\node_modules\\mongoose\\lib\\model.js:4458:21)\n    at Function.populate (D:\\0振涛\\项目\\20250810\\first-yf\\api\\node_modules\\mongoose\\lib\\model.js:4425:21)\n    at D:\\0振涛\\项目\\20250810\\first-yf\\api\\routes\\messages.js:161:54\n    at process.processTicksAndRejections (node:internal/process/task_queues:105:5)","timestamp":"2025-08-12 11:02:15"}
{"level":"info","message":"获取系统消息 - 请求参数: page=1, limit=20, userId=688839f718563bb24b7497f9","timestamp":"2025-08-12 11:02:15"}
{"level":"info","message":"获取系统消息 - 请求参数: page=1, limit=20, userId=688839f718563bb24b7497f9","timestamp":"2025-08-12 11:02:15"}
{"level":"error","message":"获取系统消息失败: Schema hasn't been registered for model \"User\".\nUse mongoose.model(name, schema)","stack":"MissingSchemaError: Schema hasn't been registered for model \"User\".\nUse mongoose.model(name, schema)\n    at NativeConnection.model (D:\\0振涛\\项目\\20250810\\first-yf\\api\\node_modules\\mongoose\\lib\\connection.js:1493:13)\n    at _getModelFromConn (D:\\0振涛\\项目\\20250810\\first-yf\\api\\node_modules\\mongoose\\lib\\helpers\\populate\\getModelsMapForPopulate.js:579:15)\n    at addModelNamesToMap (D:\\0振涛\\项目\\20250810\\first-yf\\api\\node_modules\\mongoose\\lib\\helpers\\populate\\getModelsMapForPopulate.js:507:17)\n    at getModelsMapForPopulate (D:\\0振涛\\项目\\20250810\\first-yf\\api\\node_modules\\mongoose\\lib\\helpers\\populate\\getModelsMapForPopulate.js:208:7)\n    at _populatePath (D:\\0振涛\\项目\\20250810\\first-yf\\api\\node_modules\\mongoose\\lib\\model.js:4458:21)\n    at Function.populate (D:\\0振涛\\项目\\20250810\\first-yf\\api\\node_modules\\mongoose\\lib\\model.js:4425:21)\n    at model.Query._find (D:\\0振涛\\项目\\20250810\\first-yf\\api\\node_modules\\mongoose\\lib\\query.js:2456:20)\n    at process.processTicksAndRejections (node:internal/process/task_queues:105:5)\n    at async model.Query.exec (D:\\0振涛\\项目\\20250810\\first-yf\\api\\node_modules\\mongoose\\lib\\query.js:4627:63)\n    at async D:\\0振涛\\项目\\20250810\\first-yf\\api\\routes\\messages.js:315:32","timestamp":"2025-08-12 11:02:15"}
{"level":"error","message":"获取系统消息失败: Schema hasn't been registered for model \"User\".\nUse mongoose.model(name, schema)","stack":"MissingSchemaError: Schema hasn't been registered for model \"User\".\nUse mongoose.model(name, schema)\n    at NativeConnection.model (D:\\0振涛\\项目\\20250810\\first-yf\\api\\node_modules\\mongoose\\lib\\connection.js:1493:13)\n    at _getModelFromConn (D:\\0振涛\\项目\\20250810\\first-yf\\api\\node_modules\\mongoose\\lib\\helpers\\populate\\getModelsMapForPopulate.js:579:15)\n    at addModelNamesToMap (D:\\0振涛\\项目\\20250810\\first-yf\\api\\node_modules\\mongoose\\lib\\helpers\\populate\\getModelsMapForPopulate.js:507:17)\n    at getModelsMapForPopulate (D:\\0振涛\\项目\\20250810\\first-yf\\api\\node_modules\\mongoose\\lib\\helpers\\populate\\getModelsMapForPopulate.js:208:7)\n    at _populatePath (D:\\0振涛\\项目\\20250810\\first-yf\\api\\node_modules\\mongoose\\lib\\model.js:4458:21)\n    at Function.populate (D:\\0振涛\\项目\\20250810\\first-yf\\api\\node_modules\\mongoose\\lib\\model.js:4425:21)\n    at model.Query._find (D:\\0振涛\\项目\\20250810\\first-yf\\api\\node_modules\\mongoose\\lib\\query.js:2456:20)\n    at process.processTicksAndRejections (node:internal/process/task_queues:105:5)\n    at async model.Query.exec (D:\\0振涛\\项目\\20250810\\first-yf\\api\\node_modules\\mongoose\\lib\\query.js:4627:63)\n    at async D:\\0振涛\\项目\\20250810\\first-yf\\api\\routes\\messages.js:315:32","timestamp":"2025-08-12 11:02:15"}
{"level":"error","message":"Socket.IO 认证失败: invalid signature","name":"JsonWebTokenError","stack":"JsonWebTokenError: invalid signature\n    at D:\\0振涛\\项目\\20250810\\first-yf\\api\\node_modules\\jsonwebtoken\\verify.js:171:19\n    at getSecret (D:\\0振涛\\项目\\20250810\\first-yf\\api\\node_modules\\jsonwebtoken\\verify.js:97:14)\n    at module.exports [as verify] (D:\\0振涛\\项目\\20250810\\first-yf\\api\\node_modules\\jsonwebtoken\\verify.js:101:10)\n    at SocketIOService.authenticateSocket (D:\\0振涛\\项目\\20250810\\first-yf\\api\\utils\\socketio.js:53:27)\n    at Array.<anonymous> (D:\\0振涛\\项目\\20250810\\first-yf\\api\\utils\\socketio.js:30:12)\n    at run (D:\\0振涛\\项目\\20250810\\first-yf\\api\\node_modules\\socket.io\\dist\\namespace.js:130:19)\n    at Namespace.run (D:\\0振涛\\项目\\20250810\\first-yf\\api\\node_modules\\socket.io\\dist\\namespace.js:141:9)\n    at Namespace._add (D:\\0振涛\\项目\\20250810\\first-yf\\api\\node_modules\\socket.io\\dist\\namespace.js:218:14)\n    at process.processTicksAndRejections (node:internal/process/task_queues:105:5)","timestamp":"2025-08-12 11:02:15"}
{"level":"info","message":"获取会话列表 - 请求参数: page=1, limit=10, userId=688839f718563bb24b7497f9","timestamp":"2025-08-12 11:02:29"}
{"level":"info","message":"转换后的ObjectId: 688839f718563bb24b7497f9","timestamp":"2025-08-12 11:02:29"}
{"level":"info","message":"聚合查询结果: 1 个会话","timestamp":"2025-08-12 11:02:29"}
{"level":"error","message":"获取私信会话列表失败: Schema hasn't been registered for model \"User\".\nUse mongoose.model(name, schema)","stack":"MissingSchemaError: Schema hasn't been registered for model \"User\".\nUse mongoose.model(name, schema)\n    at NativeConnection.model (D:\\0振涛\\项目\\20250810\\first-yf\\api\\node_modules\\mongoose\\lib\\connection.js:1493:13)\n    at _getModelFromConn (D:\\0振涛\\项目\\20250810\\first-yf\\api\\node_modules\\mongoose\\lib\\helpers\\populate\\getModelsMapForPopulate.js:579:15)\n    at addModelNamesToMap (D:\\0振涛\\项目\\20250810\\first-yf\\api\\node_modules\\mongoose\\lib\\helpers\\populate\\getModelsMapForPopulate.js:507:17)\n    at getModelsMapForPopulate (D:\\0振涛\\项目\\20250810\\first-yf\\api\\node_modules\\mongoose\\lib\\helpers\\populate\\getModelsMapForPopulate.js:208:7)\n    at _populatePath (D:\\0振涛\\项目\\20250810\\first-yf\\api\\node_modules\\mongoose\\lib\\model.js:4458:21)\n    at Function.populate (D:\\0振涛\\项目\\20250810\\first-yf\\api\\node_modules\\mongoose\\lib\\model.js:4425:21)\n    at D:\\0振涛\\项目\\20250810\\first-yf\\api\\routes\\messages.js:161:54\n    at process.processTicksAndRejections (node:internal/process/task_queues:105:5)","timestamp":"2025-08-12 11:02:29"}
{"level":"info","message":"获取系统消息 - 请求参数: page=1, limit=20, userId=688839f718563bb24b7497f9","timestamp":"2025-08-12 11:02:29"}
{"level":"error","message":"获取系统消息失败: Schema hasn't been registered for model \"User\".\nUse mongoose.model(name, schema)","stack":"MissingSchemaError: Schema hasn't been registered for model \"User\".\nUse mongoose.model(name, schema)\n    at NativeConnection.model (D:\\0振涛\\项目\\20250810\\first-yf\\api\\node_modules\\mongoose\\lib\\connection.js:1493:13)\n    at _getModelFromConn (D:\\0振涛\\项目\\20250810\\first-yf\\api\\node_modules\\mongoose\\lib\\helpers\\populate\\getModelsMapForPopulate.js:579:15)\n    at addModelNamesToMap (D:\\0振涛\\项目\\20250810\\first-yf\\api\\node_modules\\mongoose\\lib\\helpers\\populate\\getModelsMapForPopulate.js:507:17)\n    at getModelsMapForPopulate (D:\\0振涛\\项目\\20250810\\first-yf\\api\\node_modules\\mongoose\\lib\\helpers\\populate\\getModelsMapForPopulate.js:208:7)\n    at _populatePath (D:\\0振涛\\项目\\20250810\\first-yf\\api\\node_modules\\mongoose\\lib\\model.js:4458:21)\n    at Function.populate (D:\\0振涛\\项目\\20250810\\first-yf\\api\\node_modules\\mongoose\\lib\\model.js:4425:21)\n    at model.Query._find (D:\\0振涛\\项目\\20250810\\first-yf\\api\\node_modules\\mongoose\\lib\\query.js:2456:20)\n    at process.processTicksAndRejections (node:internal/process/task_queues:105:5)\n    at async model.Query.exec (D:\\0振涛\\项目\\20250810\\first-yf\\api\\node_modules\\mongoose\\lib\\query.js:4627:63)\n    at async D:\\0振涛\\项目\\20250810\\first-yf\\api\\routes\\messages.js:315:32","timestamp":"2025-08-12 11:02:29"}
{"level":"error","message":"Socket.IO 认证失败: invalid signature","name":"JsonWebTokenError","stack":"JsonWebTokenError: invalid signature\n    at D:\\0振涛\\项目\\20250810\\first-yf\\api\\node_modules\\jsonwebtoken\\verify.js:171:19\n    at getSecret (D:\\0振涛\\项目\\20250810\\first-yf\\api\\node_modules\\jsonwebtoken\\verify.js:97:14)\n    at module.exports [as verify] (D:\\0振涛\\项目\\20250810\\first-yf\\api\\node_modules\\jsonwebtoken\\verify.js:101:10)\n    at SocketIOService.authenticateSocket (D:\\0振涛\\项目\\20250810\\first-yf\\api\\utils\\socketio.js:53:27)\n    at Array.<anonymous> (D:\\0振涛\\项目\\20250810\\first-yf\\api\\utils\\socketio.js:30:12)\n    at run (D:\\0振涛\\项目\\20250810\\first-yf\\api\\node_modules\\socket.io\\dist\\namespace.js:130:19)\n    at Namespace.run (D:\\0振涛\\项目\\20250810\\first-yf\\api\\node_modules\\socket.io\\dist\\namespace.js:141:9)\n    at Namespace._add (D:\\0振涛\\项目\\20250810\\first-yf\\api\\node_modules\\socket.io\\dist\\namespace.js:218:14)\n    at process.processTicksAndRejections (node:internal/process/task_queues:105:5)","timestamp":"2025-08-12 11:02:29"}
{"level":"info","message":"获取会话列表 - 请求参数: page=1, limit=10, userId=688839f718563bb24b7497f9","timestamp":"2025-08-12 11:02:30"}
{"level":"info","message":"转换后的ObjectId: 688839f718563bb24b7497f9","timestamp":"2025-08-12 11:02:30"}
{"level":"info","message":"聚合查询结果: 1 个会话","timestamp":"2025-08-12 11:02:30"}
{"level":"error","message":"获取私信会话列表失败: Schema hasn't been registered for model \"User\".\nUse mongoose.model(name, schema)","stack":"MissingSchemaError: Schema hasn't been registered for model \"User\".\nUse mongoose.model(name, schema)\n    at NativeConnection.model (D:\\0振涛\\项目\\20250810\\first-yf\\api\\node_modules\\mongoose\\lib\\connection.js:1493:13)\n    at _getModelFromConn (D:\\0振涛\\项目\\20250810\\first-yf\\api\\node_modules\\mongoose\\lib\\helpers\\populate\\getModelsMapForPopulate.js:579:15)\n    at addModelNamesToMap (D:\\0振涛\\项目\\20250810\\first-yf\\api\\node_modules\\mongoose\\lib\\helpers\\populate\\getModelsMapForPopulate.js:507:17)\n    at getModelsMapForPopulate (D:\\0振涛\\项目\\20250810\\first-yf\\api\\node_modules\\mongoose\\lib\\helpers\\populate\\getModelsMapForPopulate.js:208:7)\n    at _populatePath (D:\\0振涛\\项目\\20250810\\first-yf\\api\\node_modules\\mongoose\\lib\\model.js:4458:21)\n    at Function.populate (D:\\0振涛\\项目\\20250810\\first-yf\\api\\node_modules\\mongoose\\lib\\model.js:4425:21)\n    at D:\\0振涛\\项目\\20250810\\first-yf\\api\\routes\\messages.js:161:54\n    at process.processTicksAndRejections (node:internal/process/task_queues:105:5)","timestamp":"2025-08-12 11:02:30"}
{"level":"info","message":"获取系统消息 - 请求参数: page=1, limit=20, userId=688839f718563bb24b7497f9","timestamp":"2025-08-12 11:02:30"}
{"level":"error","message":"获取系统消息失败: Schema hasn't been registered for model \"User\".\nUse mongoose.model(name, schema)","stack":"MissingSchemaError: Schema hasn't been registered for model \"User\".\nUse mongoose.model(name, schema)\n    at NativeConnection.model (D:\\0振涛\\项目\\20250810\\first-yf\\api\\node_modules\\mongoose\\lib\\connection.js:1493:13)\n    at _getModelFromConn (D:\\0振涛\\项目\\20250810\\first-yf\\api\\node_modules\\mongoose\\lib\\helpers\\populate\\getModelsMapForPopulate.js:579:15)\n    at addModelNamesToMap (D:\\0振涛\\项目\\20250810\\first-yf\\api\\node_modules\\mongoose\\lib\\helpers\\populate\\getModelsMapForPopulate.js:507:17)\n    at getModelsMapForPopulate (D:\\0振涛\\项目\\20250810\\first-yf\\api\\node_modules\\mongoose\\lib\\helpers\\populate\\getModelsMapForPopulate.js:208:7)\n    at _populatePath (D:\\0振涛\\项目\\20250810\\first-yf\\api\\node_modules\\mongoose\\lib\\model.js:4458:21)\n    at Function.populate (D:\\0振涛\\项目\\20250810\\first-yf\\api\\node_modules\\mongoose\\lib\\model.js:4425:21)\n    at model.Query._find (D:\\0振涛\\项目\\20250810\\first-yf\\api\\node_modules\\mongoose\\lib\\query.js:2456:20)\n    at process.processTicksAndRejections (node:internal/process/task_queues:105:5)\n    at async model.Query.exec (D:\\0振涛\\项目\\20250810\\first-yf\\api\\node_modules\\mongoose\\lib\\query.js:4627:63)\n    at async D:\\0振涛\\项目\\20250810\\first-yf\\api\\routes\\messages.js:315:32","timestamp":"2025-08-12 11:02:30"}
{"level":"error","message":"Socket.IO 认证失败: invalid signature","name":"JsonWebTokenError","stack":"JsonWebTokenError: invalid signature\n    at D:\\0振涛\\项目\\20250810\\first-yf\\api\\node_modules\\jsonwebtoken\\verify.js:171:19\n    at getSecret (D:\\0振涛\\项目\\20250810\\first-yf\\api\\node_modules\\jsonwebtoken\\verify.js:97:14)\n    at module.exports [as verify] (D:\\0振涛\\项目\\20250810\\first-yf\\api\\node_modules\\jsonwebtoken\\verify.js:101:10)\n    at SocketIOService.authenticateSocket (D:\\0振涛\\项目\\20250810\\first-yf\\api\\utils\\socketio.js:53:27)\n    at Array.<anonymous> (D:\\0振涛\\项目\\20250810\\first-yf\\api\\utils\\socketio.js:30:12)\n    at run (D:\\0振涛\\项目\\20250810\\first-yf\\api\\node_modules\\socket.io\\dist\\namespace.js:130:19)\n    at Namespace.run (D:\\0振涛\\项目\\20250810\\first-yf\\api\\node_modules\\socket.io\\dist\\namespace.js:141:9)\n    at Namespace._add (D:\\0振涛\\项目\\20250810\\first-yf\\api\\node_modules\\socket.io\\dist\\namespace.js:218:14)\n    at process.processTicksAndRejections (node:internal/process/task_queues:105:5)","timestamp":"2025-08-12 11:02:30"}
{"level":"info","message":"获取会话列表 - 请求参数: page=1, limit=10, userId=688839f718563bb24b7497f9","timestamp":"2025-08-12 11:02:46"}
{"level":"info","message":"转换后的ObjectId: 688839f718563bb24b7497f9","timestamp":"2025-08-12 11:02:46"}
{"level":"info","message":"聚合查询结果: 1 个会话","timestamp":"2025-08-12 11:02:46"}
{"level":"error","message":"获取私信会话列表失败: Schema hasn't been registered for model \"User\".\nUse mongoose.model(name, schema)","stack":"MissingSchemaError: Schema hasn't been registered for model \"User\".\nUse mongoose.model(name, schema)\n    at NativeConnection.model (D:\\0振涛\\项目\\20250810\\first-yf\\api\\node_modules\\mongoose\\lib\\connection.js:1493:13)\n    at _getModelFromConn (D:\\0振涛\\项目\\20250810\\first-yf\\api\\node_modules\\mongoose\\lib\\helpers\\populate\\getModelsMapForPopulate.js:579:15)\n    at addModelNamesToMap (D:\\0振涛\\项目\\20250810\\first-yf\\api\\node_modules\\mongoose\\lib\\helpers\\populate\\getModelsMapForPopulate.js:507:17)\n    at getModelsMapForPopulate (D:\\0振涛\\项目\\20250810\\first-yf\\api\\node_modules\\mongoose\\lib\\helpers\\populate\\getModelsMapForPopulate.js:208:7)\n    at _populatePath (D:\\0振涛\\项目\\20250810\\first-yf\\api\\node_modules\\mongoose\\lib\\model.js:4458:21)\n    at Function.populate (D:\\0振涛\\项目\\20250810\\first-yf\\api\\node_modules\\mongoose\\lib\\model.js:4425:21)\n    at D:\\0振涛\\项目\\20250810\\first-yf\\api\\routes\\messages.js:161:54\n    at process.processTicksAndRejections (node:internal/process/task_queues:105:5)","timestamp":"2025-08-12 11:02:46"}
{"level":"info","message":"获取系统消息 - 请求参数: page=1, limit=20, userId=688839f718563bb24b7497f9","timestamp":"2025-08-12 11:02:46"}
{"level":"error","message":"获取系统消息失败: Schema hasn't been registered for model \"User\".\nUse mongoose.model(name, schema)","stack":"MissingSchemaError: Schema hasn't been registered for model \"User\".\nUse mongoose.model(name, schema)\n    at NativeConnection.model (D:\\0振涛\\项目\\20250810\\first-yf\\api\\node_modules\\mongoose\\lib\\connection.js:1493:13)\n    at _getModelFromConn (D:\\0振涛\\项目\\20250810\\first-yf\\api\\node_modules\\mongoose\\lib\\helpers\\populate\\getModelsMapForPopulate.js:579:15)\n    at addModelNamesToMap (D:\\0振涛\\项目\\20250810\\first-yf\\api\\node_modules\\mongoose\\lib\\helpers\\populate\\getModelsMapForPopulate.js:507:17)\n    at getModelsMapForPopulate (D:\\0振涛\\项目\\20250810\\first-yf\\api\\node_modules\\mongoose\\lib\\helpers\\populate\\getModelsMapForPopulate.js:208:7)\n    at _populatePath (D:\\0振涛\\项目\\20250810\\first-yf\\api\\node_modules\\mongoose\\lib\\model.js:4458:21)\n    at Function.populate (D:\\0振涛\\项目\\20250810\\first-yf\\api\\node_modules\\mongoose\\lib\\model.js:4425:21)\n    at model.Query._find (D:\\0振涛\\项目\\20250810\\first-yf\\api\\node_modules\\mongoose\\lib\\query.js:2456:20)\n    at process.processTicksAndRejections (node:internal/process/task_queues:105:5)\n    at async model.Query.exec (D:\\0振涛\\项目\\20250810\\first-yf\\api\\node_modules\\mongoose\\lib\\query.js:4627:63)\n    at async D:\\0振涛\\项目\\20250810\\first-yf\\api\\routes\\messages.js:315:32","timestamp":"2025-08-12 11:02:46"}
{"level":"error","message":"Socket.IO 认证失败: invalid signature","name":"JsonWebTokenError","stack":"JsonWebTokenError: invalid signature\n    at D:\\0振涛\\项目\\20250810\\first-yf\\api\\node_modules\\jsonwebtoken\\verify.js:171:19\n    at getSecret (D:\\0振涛\\项目\\20250810\\first-yf\\api\\node_modules\\jsonwebtoken\\verify.js:97:14)\n    at module.exports [as verify] (D:\\0振涛\\项目\\20250810\\first-yf\\api\\node_modules\\jsonwebtoken\\verify.js:101:10)\n    at SocketIOService.authenticateSocket (D:\\0振涛\\项目\\20250810\\first-yf\\api\\utils\\socketio.js:53:27)\n    at Array.<anonymous> (D:\\0振涛\\项目\\20250810\\first-yf\\api\\utils\\socketio.js:30:12)\n    at run (D:\\0振涛\\项目\\20250810\\first-yf\\api\\node_modules\\socket.io\\dist\\namespace.js:130:19)\n    at Namespace.run (D:\\0振涛\\项目\\20250810\\first-yf\\api\\node_modules\\socket.io\\dist\\namespace.js:141:9)\n    at Namespace._add (D:\\0振涛\\项目\\20250810\\first-yf\\api\\node_modules\\socket.io\\dist\\namespace.js:218:14)\n    at process.processTicksAndRejections (node:internal/process/task_queues:105:5)","timestamp":"2025-08-12 11:02:46"}
{"level":"info","message":"获取会话列表 - 请求参数: page=1, limit=10, userId=688839f718563bb24b7497f9","timestamp":"2025-08-12 11:02:47"}
{"level":"info","message":"转换后的ObjectId: 688839f718563bb24b7497f9","timestamp":"2025-08-12 11:02:47"}
{"level":"info","message":"聚合查询结果: 1 个会话","timestamp":"2025-08-12 11:02:48"}
{"level":"error","message":"获取私信会话列表失败: Schema hasn't been registered for model \"User\".\nUse mongoose.model(name, schema)","stack":"MissingSchemaError: Schema hasn't been registered for model \"User\".\nUse mongoose.model(name, schema)\n    at NativeConnection.model (D:\\0振涛\\项目\\20250810\\first-yf\\api\\node_modules\\mongoose\\lib\\connection.js:1493:13)\n    at _getModelFromConn (D:\\0振涛\\项目\\20250810\\first-yf\\api\\node_modules\\mongoose\\lib\\helpers\\populate\\getModelsMapForPopulate.js:579:15)\n    at addModelNamesToMap (D:\\0振涛\\项目\\20250810\\first-yf\\api\\node_modules\\mongoose\\lib\\helpers\\populate\\getModelsMapForPopulate.js:507:17)\n    at getModelsMapForPopulate (D:\\0振涛\\项目\\20250810\\first-yf\\api\\node_modules\\mongoose\\lib\\helpers\\populate\\getModelsMapForPopulate.js:208:7)\n    at _populatePath (D:\\0振涛\\项目\\20250810\\first-yf\\api\\node_modules\\mongoose\\lib\\model.js:4458:21)\n    at Function.populate (D:\\0振涛\\项目\\20250810\\first-yf\\api\\node_modules\\mongoose\\lib\\model.js:4425:21)\n    at D:\\0振涛\\项目\\20250810\\first-yf\\api\\routes\\messages.js:161:54\n    at process.processTicksAndRejections (node:internal/process/task_queues:105:5)","timestamp":"2025-08-12 11:02:48"}
{"level":"info","message":"获取系统消息 - 请求参数: page=1, limit=20, userId=688839f718563bb24b7497f9","timestamp":"2025-08-12 11:02:48"}
{"level":"error","message":"获取系统消息失败: Schema hasn't been registered for model \"User\".\nUse mongoose.model(name, schema)","stack":"MissingSchemaError: Schema hasn't been registered for model \"User\".\nUse mongoose.model(name, schema)\n    at NativeConnection.model (D:\\0振涛\\项目\\20250810\\first-yf\\api\\node_modules\\mongoose\\lib\\connection.js:1493:13)\n    at _getModelFromConn (D:\\0振涛\\项目\\20250810\\first-yf\\api\\node_modules\\mongoose\\lib\\helpers\\populate\\getModelsMapForPopulate.js:579:15)\n    at addModelNamesToMap (D:\\0振涛\\项目\\20250810\\first-yf\\api\\node_modules\\mongoose\\lib\\helpers\\populate\\getModelsMapForPopulate.js:507:17)\n    at getModelsMapForPopulate (D:\\0振涛\\项目\\20250810\\first-yf\\api\\node_modules\\mongoose\\lib\\helpers\\populate\\getModelsMapForPopulate.js:208:7)\n    at _populatePath (D:\\0振涛\\项目\\20250810\\first-yf\\api\\node_modules\\mongoose\\lib\\model.js:4458:21)\n    at Function.populate (D:\\0振涛\\项目\\20250810\\first-yf\\api\\node_modules\\mongoose\\lib\\model.js:4425:21)\n    at model.Query._find (D:\\0振涛\\项目\\20250810\\first-yf\\api\\node_modules\\mongoose\\lib\\query.js:2456:20)\n    at process.processTicksAndRejections (node:internal/process/task_queues:105:5)\n    at async model.Query.exec (D:\\0振涛\\项目\\20250810\\first-yf\\api\\node_modules\\mongoose\\lib\\query.js:4627:63)\n    at async D:\\0振涛\\项目\\20250810\\first-yf\\api\\routes\\messages.js:315:32","timestamp":"2025-08-12 11:02:48"}
{"level":"error","message":"Socket.IO 认证失败: invalid signature","name":"JsonWebTokenError","stack":"JsonWebTokenError: invalid signature\n    at D:\\0振涛\\项目\\20250810\\first-yf\\api\\node_modules\\jsonwebtoken\\verify.js:171:19\n    at getSecret (D:\\0振涛\\项目\\20250810\\first-yf\\api\\node_modules\\jsonwebtoken\\verify.js:97:14)\n    at module.exports [as verify] (D:\\0振涛\\项目\\20250810\\first-yf\\api\\node_modules\\jsonwebtoken\\verify.js:101:10)\n    at SocketIOService.authenticateSocket (D:\\0振涛\\项目\\20250810\\first-yf\\api\\utils\\socketio.js:53:27)\n    at Array.<anonymous> (D:\\0振涛\\项目\\20250810\\first-yf\\api\\utils\\socketio.js:30:12)\n    at run (D:\\0振涛\\项目\\20250810\\first-yf\\api\\node_modules\\socket.io\\dist\\namespace.js:130:19)\n    at Namespace.run (D:\\0振涛\\项目\\20250810\\first-yf\\api\\node_modules\\socket.io\\dist\\namespace.js:141:9)\n    at Namespace._add (D:\\0振涛\\项目\\20250810\\first-yf\\api\\node_modules\\socket.io\\dist\\namespace.js:218:14)\n    at process.processTicksAndRejections (node:internal/process/task_queues:105:5)","timestamp":"2025-08-12 11:02:48"}
{"level":"info","message":"获取会话列表 - 请求参数: page=1, limit=10, userId=688839f718563bb24b7497f9","timestamp":"2025-08-12 11:03:00"}
{"level":"info","message":"转换后的ObjectId: 688839f718563bb24b7497f9","timestamp":"2025-08-12 11:03:00"}
{"level":"info","message":"聚合查询结果: 1 个会话","timestamp":"2025-08-12 11:03:00"}
{"level":"error","message":"获取私信会话列表失败: Schema hasn't been registered for model \"User\".\nUse mongoose.model(name, schema)","stack":"MissingSchemaError: Schema hasn't been registered for model \"User\".\nUse mongoose.model(name, schema)\n    at NativeConnection.model (D:\\0振涛\\项目\\20250810\\first-yf\\api\\node_modules\\mongoose\\lib\\connection.js:1493:13)\n    at _getModelFromConn (D:\\0振涛\\项目\\20250810\\first-yf\\api\\node_modules\\mongoose\\lib\\helpers\\populate\\getModelsMapForPopulate.js:579:15)\n    at addModelNamesToMap (D:\\0振涛\\项目\\20250810\\first-yf\\api\\node_modules\\mongoose\\lib\\helpers\\populate\\getModelsMapForPopulate.js:507:17)\n    at getModelsMapForPopulate (D:\\0振涛\\项目\\20250810\\first-yf\\api\\node_modules\\mongoose\\lib\\helpers\\populate\\getModelsMapForPopulate.js:208:7)\n    at _populatePath (D:\\0振涛\\项目\\20250810\\first-yf\\api\\node_modules\\mongoose\\lib\\model.js:4458:21)\n    at Function.populate (D:\\0振涛\\项目\\20250810\\first-yf\\api\\node_modules\\mongoose\\lib\\model.js:4425:21)\n    at D:\\0振涛\\项目\\20250810\\first-yf\\api\\routes\\messages.js:161:54\n    at process.processTicksAndRejections (node:internal/process/task_queues:105:5)","timestamp":"2025-08-12 11:03:00"}
{"level":"info","message":"获取系统消息 - 请求参数: page=1, limit=20, userId=688839f718563bb24b7497f9","timestamp":"2025-08-12 11:03:00"}
{"level":"error","message":"获取系统消息失败: Schema hasn't been registered for model \"User\".\nUse mongoose.model(name, schema)","stack":"MissingSchemaError: Schema hasn't been registered for model \"User\".\nUse mongoose.model(name, schema)\n    at NativeConnection.model (D:\\0振涛\\项目\\20250810\\first-yf\\api\\node_modules\\mongoose\\lib\\connection.js:1493:13)\n    at _getModelFromConn (D:\\0振涛\\项目\\20250810\\first-yf\\api\\node_modules\\mongoose\\lib\\helpers\\populate\\getModelsMapForPopulate.js:579:15)\n    at addModelNamesToMap (D:\\0振涛\\项目\\20250810\\first-yf\\api\\node_modules\\mongoose\\lib\\helpers\\populate\\getModelsMapForPopulate.js:507:17)\n    at getModelsMapForPopulate (D:\\0振涛\\项目\\20250810\\first-yf\\api\\node_modules\\mongoose\\lib\\helpers\\populate\\getModelsMapForPopulate.js:208:7)\n    at _populatePath (D:\\0振涛\\项目\\20250810\\first-yf\\api\\node_modules\\mongoose\\lib\\model.js:4458:21)\n    at Function.populate (D:\\0振涛\\项目\\20250810\\first-yf\\api\\node_modules\\mongoose\\lib\\model.js:4425:21)\n    at model.Query._find (D:\\0振涛\\项目\\20250810\\first-yf\\api\\node_modules\\mongoose\\lib\\query.js:2456:20)\n    at process.processTicksAndRejections (node:internal/process/task_queues:105:5)\n    at async model.Query.exec (D:\\0振涛\\项目\\20250810\\first-yf\\api\\node_modules\\mongoose\\lib\\query.js:4627:63)\n    at async D:\\0振涛\\项目\\20250810\\first-yf\\api\\routes\\messages.js:315:32","timestamp":"2025-08-12 11:03:00"}
{"level":"error","message":"Socket.IO 认证失败: invalid signature","name":"JsonWebTokenError","stack":"JsonWebTokenError: invalid signature\n    at D:\\0振涛\\项目\\20250810\\first-yf\\api\\node_modules\\jsonwebtoken\\verify.js:171:19\n    at getSecret (D:\\0振涛\\项目\\20250810\\first-yf\\api\\node_modules\\jsonwebtoken\\verify.js:97:14)\n    at module.exports [as verify] (D:\\0振涛\\项目\\20250810\\first-yf\\api\\node_modules\\jsonwebtoken\\verify.js:101:10)\n    at SocketIOService.authenticateSocket (D:\\0振涛\\项目\\20250810\\first-yf\\api\\utils\\socketio.js:53:27)\n    at Array.<anonymous> (D:\\0振涛\\项目\\20250810\\first-yf\\api\\utils\\socketio.js:30:12)\n    at run (D:\\0振涛\\项目\\20250810\\first-yf\\api\\node_modules\\socket.io\\dist\\namespace.js:130:19)\n    at Namespace.run (D:\\0振涛\\项目\\20250810\\first-yf\\api\\node_modules\\socket.io\\dist\\namespace.js:141:9)\n    at Namespace._add (D:\\0振涛\\项目\\20250810\\first-yf\\api\\node_modules\\socket.io\\dist\\namespace.js:218:14)\n    at process.processTicksAndRejections (node:internal/process/task_queues:105:5)","timestamp":"2025-08-12 11:03:00"}
{"level":"info","message":"获取会话列表 - 请求参数: page=1, limit=10, userId=688839f718563bb24b7497f9","timestamp":"2025-08-12 11:03:02"}
{"level":"info","message":"转换后的ObjectId: 688839f718563bb24b7497f9","timestamp":"2025-08-12 11:03:02"}
{"level":"info","message":"聚合查询结果: 1 个会话","timestamp":"2025-08-12 11:03:02"}
{"level":"error","message":"获取私信会话列表失败: Schema hasn't been registered for model \"User\".\nUse mongoose.model(name, schema)","stack":"MissingSchemaError: Schema hasn't been registered for model \"User\".\nUse mongoose.model(name, schema)\n    at NativeConnection.model (D:\\0振涛\\项目\\20250810\\first-yf\\api\\node_modules\\mongoose\\lib\\connection.js:1493:13)\n    at _getModelFromConn (D:\\0振涛\\项目\\20250810\\first-yf\\api\\node_modules\\mongoose\\lib\\helpers\\populate\\getModelsMapForPopulate.js:579:15)\n    at addModelNamesToMap (D:\\0振涛\\项目\\20250810\\first-yf\\api\\node_modules\\mongoose\\lib\\helpers\\populate\\getModelsMapForPopulate.js:507:17)\n    at getModelsMapForPopulate (D:\\0振涛\\项目\\20250810\\first-yf\\api\\node_modules\\mongoose\\lib\\helpers\\populate\\getModelsMapForPopulate.js:208:7)\n    at _populatePath (D:\\0振涛\\项目\\20250810\\first-yf\\api\\node_modules\\mongoose\\lib\\model.js:4458:21)\n    at Function.populate (D:\\0振涛\\项目\\20250810\\first-yf\\api\\node_modules\\mongoose\\lib\\model.js:4425:21)\n    at D:\\0振涛\\项目\\20250810\\first-yf\\api\\routes\\messages.js:161:54\n    at process.processTicksAndRejections (node:internal/process/task_queues:105:5)","timestamp":"2025-08-12 11:03:02"}
{"level":"info","message":"获取系统消息 - 请求参数: page=1, limit=20, userId=688839f718563bb24b7497f9","timestamp":"2025-08-12 11:03:02"}
{"level":"error","message":"获取系统消息失败: Schema hasn't been registered for model \"User\".\nUse mongoose.model(name, schema)","stack":"MissingSchemaError: Schema hasn't been registered for model \"User\".\nUse mongoose.model(name, schema)\n    at NativeConnection.model (D:\\0振涛\\项目\\20250810\\first-yf\\api\\node_modules\\mongoose\\lib\\connection.js:1493:13)\n    at _getModelFromConn (D:\\0振涛\\项目\\20250810\\first-yf\\api\\node_modules\\mongoose\\lib\\helpers\\populate\\getModelsMapForPopulate.js:579:15)\n    at addModelNamesToMap (D:\\0振涛\\项目\\20250810\\first-yf\\api\\node_modules\\mongoose\\lib\\helpers\\populate\\getModelsMapForPopulate.js:507:17)\n    at getModelsMapForPopulate (D:\\0振涛\\项目\\20250810\\first-yf\\api\\node_modules\\mongoose\\lib\\helpers\\populate\\getModelsMapForPopulate.js:208:7)\n    at _populatePath (D:\\0振涛\\项目\\20250810\\first-yf\\api\\node_modules\\mongoose\\lib\\model.js:4458:21)\n    at Function.populate (D:\\0振涛\\项目\\20250810\\first-yf\\api\\node_modules\\mongoose\\lib\\model.js:4425:21)\n    at model.Query._find (D:\\0振涛\\项目\\20250810\\first-yf\\api\\node_modules\\mongoose\\lib\\query.js:2456:20)\n    at process.processTicksAndRejections (node:internal/process/task_queues:105:5)\n    at async model.Query.exec (D:\\0振涛\\项目\\20250810\\first-yf\\api\\node_modules\\mongoose\\lib\\query.js:4627:63)\n    at async D:\\0振涛\\项目\\20250810\\first-yf\\api\\routes\\messages.js:315:32","timestamp":"2025-08-12 11:03:02"}
{"level":"error","message":"Socket.IO 认证失败: invalid signature","name":"JsonWebTokenError","stack":"JsonWebTokenError: invalid signature\n    at D:\\0振涛\\项目\\20250810\\first-yf\\api\\node_modules\\jsonwebtoken\\verify.js:171:19\n    at getSecret (D:\\0振涛\\项目\\20250810\\first-yf\\api\\node_modules\\jsonwebtoken\\verify.js:97:14)\n    at module.exports [as verify] (D:\\0振涛\\项目\\20250810\\first-yf\\api\\node_modules\\jsonwebtoken\\verify.js:101:10)\n    at SocketIOService.authenticateSocket (D:\\0振涛\\项目\\20250810\\first-yf\\api\\utils\\socketio.js:53:27)\n    at Array.<anonymous> (D:\\0振涛\\项目\\20250810\\first-yf\\api\\utils\\socketio.js:30:12)\n    at run (D:\\0振涛\\项目\\20250810\\first-yf\\api\\node_modules\\socket.io\\dist\\namespace.js:130:19)\n    at Namespace.run (D:\\0振涛\\项目\\20250810\\first-yf\\api\\node_modules\\socket.io\\dist\\namespace.js:141:9)\n    at Namespace._add (D:\\0振涛\\项目\\20250810\\first-yf\\api\\node_modules\\socket.io\\dist\\namespace.js:218:14)\n    at process.processTicksAndRejections (node:internal/process/task_queues:105:5)","timestamp":"2025-08-12 11:03:02"}
{"level":"info","message":"获取会话列表 - 请求参数: page=1, limit=10, userId=688839f718563bb24b7497f9","timestamp":"2025-08-12 11:03:15"}
{"level":"info","message":"转换后的ObjectId: 688839f718563bb24b7497f9","timestamp":"2025-08-12 11:03:15"}
{"level":"info","message":"聚合查询结果: 1 个会话","timestamp":"2025-08-12 11:03:15"}
{"level":"error","message":"获取私信会话列表失败: Schema hasn't been registered for model \"User\".\nUse mongoose.model(name, schema)","stack":"MissingSchemaError: Schema hasn't been registered for model \"User\".\nUse mongoose.model(name, schema)\n    at NativeConnection.model (D:\\0振涛\\项目\\20250810\\first-yf\\api\\node_modules\\mongoose\\lib\\connection.js:1493:13)\n    at _getModelFromConn (D:\\0振涛\\项目\\20250810\\first-yf\\api\\node_modules\\mongoose\\lib\\helpers\\populate\\getModelsMapForPopulate.js:579:15)\n    at addModelNamesToMap (D:\\0振涛\\项目\\20250810\\first-yf\\api\\node_modules\\mongoose\\lib\\helpers\\populate\\getModelsMapForPopulate.js:507:17)\n    at getModelsMapForPopulate (D:\\0振涛\\项目\\20250810\\first-yf\\api\\node_modules\\mongoose\\lib\\helpers\\populate\\getModelsMapForPopulate.js:208:7)\n    at _populatePath (D:\\0振涛\\项目\\20250810\\first-yf\\api\\node_modules\\mongoose\\lib\\model.js:4458:21)\n    at Function.populate (D:\\0振涛\\项目\\20250810\\first-yf\\api\\node_modules\\mongoose\\lib\\model.js:4425:21)\n    at D:\\0振涛\\项目\\20250810\\first-yf\\api\\routes\\messages.js:161:54\n    at process.processTicksAndRejections (node:internal/process/task_queues:105:5)","timestamp":"2025-08-12 11:03:15"}
{"level":"info","message":"获取系统消息 - 请求参数: page=1, limit=20, userId=688839f718563bb24b7497f9","timestamp":"2025-08-12 11:03:15"}
{"level":"error","message":"获取系统消息失败: Schema hasn't been registered for model \"User\".\nUse mongoose.model(name, schema)","stack":"MissingSchemaError: Schema hasn't been registered for model \"User\".\nUse mongoose.model(name, schema)\n    at NativeConnection.model (D:\\0振涛\\项目\\20250810\\first-yf\\api\\node_modules\\mongoose\\lib\\connection.js:1493:13)\n    at _getModelFromConn (D:\\0振涛\\项目\\20250810\\first-yf\\api\\node_modules\\mongoose\\lib\\helpers\\populate\\getModelsMapForPopulate.js:579:15)\n    at addModelNamesToMap (D:\\0振涛\\项目\\20250810\\first-yf\\api\\node_modules\\mongoose\\lib\\helpers\\populate\\getModelsMapForPopulate.js:507:17)\n    at getModelsMapForPopulate (D:\\0振涛\\项目\\20250810\\first-yf\\api\\node_modules\\mongoose\\lib\\helpers\\populate\\getModelsMapForPopulate.js:208:7)\n    at _populatePath (D:\\0振涛\\项目\\20250810\\first-yf\\api\\node_modules\\mongoose\\lib\\model.js:4458:21)\n    at Function.populate (D:\\0振涛\\项目\\20250810\\first-yf\\api\\node_modules\\mongoose\\lib\\model.js:4425:21)\n    at model.Query._find (D:\\0振涛\\项目\\20250810\\first-yf\\api\\node_modules\\mongoose\\lib\\query.js:2456:20)\n    at process.processTicksAndRejections (node:internal/process/task_queues:105:5)\n    at async model.Query.exec (D:\\0振涛\\项目\\20250810\\first-yf\\api\\node_modules\\mongoose\\lib\\query.js:4627:63)\n    at async D:\\0振涛\\项目\\20250810\\first-yf\\api\\routes\\messages.js:315:32","timestamp":"2025-08-12 11:03:15"}
{"level":"error","message":"Socket.IO 认证失败: invalid signature","name":"JsonWebTokenError","stack":"JsonWebTokenError: invalid signature\n    at D:\\0振涛\\项目\\20250810\\first-yf\\api\\node_modules\\jsonwebtoken\\verify.js:171:19\n    at getSecret (D:\\0振涛\\项目\\20250810\\first-yf\\api\\node_modules\\jsonwebtoken\\verify.js:97:14)\n    at module.exports [as verify] (D:\\0振涛\\项目\\20250810\\first-yf\\api\\node_modules\\jsonwebtoken\\verify.js:101:10)\n    at SocketIOService.authenticateSocket (D:\\0振涛\\项目\\20250810\\first-yf\\api\\utils\\socketio.js:53:27)\n    at Array.<anonymous> (D:\\0振涛\\项目\\20250810\\first-yf\\api\\utils\\socketio.js:30:12)\n    at run (D:\\0振涛\\项目\\20250810\\first-yf\\api\\node_modules\\socket.io\\dist\\namespace.js:130:19)\n    at Namespace.run (D:\\0振涛\\项目\\20250810\\first-yf\\api\\node_modules\\socket.io\\dist\\namespace.js:141:9)\n    at Namespace._add (D:\\0振涛\\项目\\20250810\\first-yf\\api\\node_modules\\socket.io\\dist\\namespace.js:218:14)\n    at process.processTicksAndRejections (node:internal/process/task_queues:105:5)","timestamp":"2025-08-12 11:03:15"}
{"level":"info","message":"获取会话列表 - 请求参数: page=1, limit=10, userId=688839f718563bb24b7497f9","timestamp":"2025-08-12 11:03:17"}
{"level":"info","message":"转换后的ObjectId: 688839f718563bb24b7497f9","timestamp":"2025-08-12 11:03:17"}
{"level":"info","message":"聚合查询结果: 1 个会话","timestamp":"2025-08-12 11:03:17"}
{"level":"error","message":"获取私信会话列表失败: Schema hasn't been registered for model \"User\".\nUse mongoose.model(name, schema)","stack":"MissingSchemaError: Schema hasn't been registered for model \"User\".\nUse mongoose.model(name, schema)\n    at NativeConnection.model (D:\\0振涛\\项目\\20250810\\first-yf\\api\\node_modules\\mongoose\\lib\\connection.js:1493:13)\n    at _getModelFromConn (D:\\0振涛\\项目\\20250810\\first-yf\\api\\node_modules\\mongoose\\lib\\helpers\\populate\\getModelsMapForPopulate.js:579:15)\n    at addModelNamesToMap (D:\\0振涛\\项目\\20250810\\first-yf\\api\\node_modules\\mongoose\\lib\\helpers\\populate\\getModelsMapForPopulate.js:507:17)\n    at getModelsMapForPopulate (D:\\0振涛\\项目\\20250810\\first-yf\\api\\node_modules\\mongoose\\lib\\helpers\\populate\\getModelsMapForPopulate.js:208:7)\n    at _populatePath (D:\\0振涛\\项目\\20250810\\first-yf\\api\\node_modules\\mongoose\\lib\\model.js:4458:21)\n    at Function.populate (D:\\0振涛\\项目\\20250810\\first-yf\\api\\node_modules\\mongoose\\lib\\model.js:4425:21)\n    at D:\\0振涛\\项目\\20250810\\first-yf\\api\\routes\\messages.js:161:54\n    at process.processTicksAndRejections (node:internal/process/task_queues:105:5)","timestamp":"2025-08-12 11:03:17"}
{"level":"info","message":"获取系统消息 - 请求参数: page=1, limit=20, userId=688839f718563bb24b7497f9","timestamp":"2025-08-12 11:03:17"}
{"level":"error","message":"获取系统消息失败: Schema hasn't been registered for model \"User\".\nUse mongoose.model(name, schema)","stack":"MissingSchemaError: Schema hasn't been registered for model \"User\".\nUse mongoose.model(name, schema)\n    at NativeConnection.model (D:\\0振涛\\项目\\20250810\\first-yf\\api\\node_modules\\mongoose\\lib\\connection.js:1493:13)\n    at _getModelFromConn (D:\\0振涛\\项目\\20250810\\first-yf\\api\\node_modules\\mongoose\\lib\\helpers\\populate\\getModelsMapForPopulate.js:579:15)\n    at addModelNamesToMap (D:\\0振涛\\项目\\20250810\\first-yf\\api\\node_modules\\mongoose\\lib\\helpers\\populate\\getModelsMapForPopulate.js:507:17)\n    at getModelsMapForPopulate (D:\\0振涛\\项目\\20250810\\first-yf\\api\\node_modules\\mongoose\\lib\\helpers\\populate\\getModelsMapForPopulate.js:208:7)\n    at _populatePath (D:\\0振涛\\项目\\20250810\\first-yf\\api\\node_modules\\mongoose\\lib\\model.js:4458:21)\n    at Function.populate (D:\\0振涛\\项目\\20250810\\first-yf\\api\\node_modules\\mongoose\\lib\\model.js:4425:21)\n    at model.Query._find (D:\\0振涛\\项目\\20250810\\first-yf\\api\\node_modules\\mongoose\\lib\\query.js:2456:20)\n    at process.processTicksAndRejections (node:internal/process/task_queues:105:5)\n    at async model.Query.exec (D:\\0振涛\\项目\\20250810\\first-yf\\api\\node_modules\\mongoose\\lib\\query.js:4627:63)\n    at async D:\\0振涛\\项目\\20250810\\first-yf\\api\\routes\\messages.js:315:32","timestamp":"2025-08-12 11:03:17"}
{"level":"error","message":"Socket.IO 认证失败: invalid signature","name":"JsonWebTokenError","stack":"JsonWebTokenError: invalid signature\n    at D:\\0振涛\\项目\\20250810\\first-yf\\api\\node_modules\\jsonwebtoken\\verify.js:171:19\n    at getSecret (D:\\0振涛\\项目\\20250810\\first-yf\\api\\node_modules\\jsonwebtoken\\verify.js:97:14)\n    at module.exports [as verify] (D:\\0振涛\\项目\\20250810\\first-yf\\api\\node_modules\\jsonwebtoken\\verify.js:101:10)\n    at SocketIOService.authenticateSocket (D:\\0振涛\\项目\\20250810\\first-yf\\api\\utils\\socketio.js:53:27)\n    at Array.<anonymous> (D:\\0振涛\\项目\\20250810\\first-yf\\api\\utils\\socketio.js:30:12)\n    at run (D:\\0振涛\\项目\\20250810\\first-yf\\api\\node_modules\\socket.io\\dist\\namespace.js:130:19)\n    at Namespace.run (D:\\0振涛\\项目\\20250810\\first-yf\\api\\node_modules\\socket.io\\dist\\namespace.js:141:9)\n    at Namespace._add (D:\\0振涛\\项目\\20250810\\first-yf\\api\\node_modules\\socket.io\\dist\\namespace.js:218:14)\n    at process.processTicksAndRejections (node:internal/process/task_queues:105:5)","timestamp":"2025-08-12 11:03:17"}
{"level":"info","message":"获取会话列表 - 请求参数: page=1, limit=10, userId=688839f718563bb24b7497f9","timestamp":"2025-08-12 11:03:29"}
{"level":"info","message":"转换后的ObjectId: 688839f718563bb24b7497f9","timestamp":"2025-08-12 11:03:29"}
{"level":"info","message":"聚合查询结果: 1 个会话","timestamp":"2025-08-12 11:03:29"}
{"level":"error","message":"获取私信会话列表失败: Schema hasn't been registered for model \"User\".\nUse mongoose.model(name, schema)","stack":"MissingSchemaError: Schema hasn't been registered for model \"User\".\nUse mongoose.model(name, schema)\n    at NativeConnection.model (D:\\0振涛\\项目\\20250810\\first-yf\\api\\node_modules\\mongoose\\lib\\connection.js:1493:13)\n    at _getModelFromConn (D:\\0振涛\\项目\\20250810\\first-yf\\api\\node_modules\\mongoose\\lib\\helpers\\populate\\getModelsMapForPopulate.js:579:15)\n    at addModelNamesToMap (D:\\0振涛\\项目\\20250810\\first-yf\\api\\node_modules\\mongoose\\lib\\helpers\\populate\\getModelsMapForPopulate.js:507:17)\n    at getModelsMapForPopulate (D:\\0振涛\\项目\\20250810\\first-yf\\api\\node_modules\\mongoose\\lib\\helpers\\populate\\getModelsMapForPopulate.js:208:7)\n    at _populatePath (D:\\0振涛\\项目\\20250810\\first-yf\\api\\node_modules\\mongoose\\lib\\model.js:4458:21)\n    at Function.populate (D:\\0振涛\\项目\\20250810\\first-yf\\api\\node_modules\\mongoose\\lib\\model.js:4425:21)\n    at D:\\0振涛\\项目\\20250810\\first-yf\\api\\routes\\messages.js:161:54\n    at process.processTicksAndRejections (node:internal/process/task_queues:105:5)","timestamp":"2025-08-12 11:03:29"}
{"level":"info","message":"获取系统消息 - 请求参数: page=1, limit=20, userId=688839f718563bb24b7497f9","timestamp":"2025-08-12 11:03:29"}
{"level":"error","message":"获取系统消息失败: Schema hasn't been registered for model \"User\".\nUse mongoose.model(name, schema)","stack":"MissingSchemaError: Schema hasn't been registered for model \"User\".\nUse mongoose.model(name, schema)\n    at NativeConnection.model (D:\\0振涛\\项目\\20250810\\first-yf\\api\\node_modules\\mongoose\\lib\\connection.js:1493:13)\n    at _getModelFromConn (D:\\0振涛\\项目\\20250810\\first-yf\\api\\node_modules\\mongoose\\lib\\helpers\\populate\\getModelsMapForPopulate.js:579:15)\n    at addModelNamesToMap (D:\\0振涛\\项目\\20250810\\first-yf\\api\\node_modules\\mongoose\\lib\\helpers\\populate\\getModelsMapForPopulate.js:507:17)\n    at getModelsMapForPopulate (D:\\0振涛\\项目\\20250810\\first-yf\\api\\node_modules\\mongoose\\lib\\helpers\\populate\\getModelsMapForPopulate.js:208:7)\n    at _populatePath (D:\\0振涛\\项目\\20250810\\first-yf\\api\\node_modules\\mongoose\\lib\\model.js:4458:21)\n    at Function.populate (D:\\0振涛\\项目\\20250810\\first-yf\\api\\node_modules\\mongoose\\lib\\model.js:4425:21)\n    at model.Query._find (D:\\0振涛\\项目\\20250810\\first-yf\\api\\node_modules\\mongoose\\lib\\query.js:2456:20)\n    at process.processTicksAndRejections (node:internal/process/task_queues:105:5)\n    at async model.Query.exec (D:\\0振涛\\项目\\20250810\\first-yf\\api\\node_modules\\mongoose\\lib\\query.js:4627:63)\n    at async D:\\0振涛\\项目\\20250810\\first-yf\\api\\routes\\messages.js:315:32","timestamp":"2025-08-12 11:03:29"}
{"level":"error","message":"Socket.IO 认证失败: invalid signature","name":"JsonWebTokenError","stack":"JsonWebTokenError: invalid signature\n    at D:\\0振涛\\项目\\20250810\\first-yf\\api\\node_modules\\jsonwebtoken\\verify.js:171:19\n    at getSecret (D:\\0振涛\\项目\\20250810\\first-yf\\api\\node_modules\\jsonwebtoken\\verify.js:97:14)\n    at module.exports [as verify] (D:\\0振涛\\项目\\20250810\\first-yf\\api\\node_modules\\jsonwebtoken\\verify.js:101:10)\n    at SocketIOService.authenticateSocket (D:\\0振涛\\项目\\20250810\\first-yf\\api\\utils\\socketio.js:53:27)\n    at Array.<anonymous> (D:\\0振涛\\项目\\20250810\\first-yf\\api\\utils\\socketio.js:30:12)\n    at run (D:\\0振涛\\项目\\20250810\\first-yf\\api\\node_modules\\socket.io\\dist\\namespace.js:130:19)\n    at Namespace.run (D:\\0振涛\\项目\\20250810\\first-yf\\api\\node_modules\\socket.io\\dist\\namespace.js:141:9)\n    at Namespace._add (D:\\0振涛\\项目\\20250810\\first-yf\\api\\node_modules\\socket.io\\dist\\namespace.js:218:14)\n    at process.processTicksAndRejections (node:internal/process/task_queues:105:5)","timestamp":"2025-08-12 11:03:29"}
{"level":"info","message":"获取会话列表 - 请求参数: page=1, limit=10, userId=688839f718563bb24b7497f9","timestamp":"2025-08-12 11:03:30"}
{"level":"info","message":"转换后的ObjectId: 688839f718563bb24b7497f9","timestamp":"2025-08-12 11:03:30"}
{"level":"info","message":"聚合查询结果: 1 个会话","timestamp":"2025-08-12 11:03:30"}
{"level":"error","message":"获取私信会话列表失败: Schema hasn't been registered for model \"User\".\nUse mongoose.model(name, schema)","stack":"MissingSchemaError: Schema hasn't been registered for model \"User\".\nUse mongoose.model(name, schema)\n    at NativeConnection.model (D:\\0振涛\\项目\\20250810\\first-yf\\api\\node_modules\\mongoose\\lib\\connection.js:1493:13)\n    at _getModelFromConn (D:\\0振涛\\项目\\20250810\\first-yf\\api\\node_modules\\mongoose\\lib\\helpers\\populate\\getModelsMapForPopulate.js:579:15)\n    at addModelNamesToMap (D:\\0振涛\\项目\\20250810\\first-yf\\api\\node_modules\\mongoose\\lib\\helpers\\populate\\getModelsMapForPopulate.js:507:17)\n    at getModelsMapForPopulate (D:\\0振涛\\项目\\20250810\\first-yf\\api\\node_modules\\mongoose\\lib\\helpers\\populate\\getModelsMapForPopulate.js:208:7)\n    at _populatePath (D:\\0振涛\\项目\\20250810\\first-yf\\api\\node_modules\\mongoose\\lib\\model.js:4458:21)\n    at Function.populate (D:\\0振涛\\项目\\20250810\\first-yf\\api\\node_modules\\mongoose\\lib\\model.js:4425:21)\n    at D:\\0振涛\\项目\\20250810\\first-yf\\api\\routes\\messages.js:161:54\n    at process.processTicksAndRejections (node:internal/process/task_queues:105:5)","timestamp":"2025-08-12 11:03:30"}
{"level":"info","message":"获取系统消息 - 请求参数: page=1, limit=20, userId=688839f718563bb24b7497f9","timestamp":"2025-08-12 11:03:30"}
{"level":"error","message":"获取系统消息失败: Schema hasn't been registered for model \"User\".\nUse mongoose.model(name, schema)","stack":"MissingSchemaError: Schema hasn't been registered for model \"User\".\nUse mongoose.model(name, schema)\n    at NativeConnection.model (D:\\0振涛\\项目\\20250810\\first-yf\\api\\node_modules\\mongoose\\lib\\connection.js:1493:13)\n    at _getModelFromConn (D:\\0振涛\\项目\\20250810\\first-yf\\api\\node_modules\\mongoose\\lib\\helpers\\populate\\getModelsMapForPopulate.js:579:15)\n    at addModelNamesToMap (D:\\0振涛\\项目\\20250810\\first-yf\\api\\node_modules\\mongoose\\lib\\helpers\\populate\\getModelsMapForPopulate.js:507:17)\n    at getModelsMapForPopulate (D:\\0振涛\\项目\\20250810\\first-yf\\api\\node_modules\\mongoose\\lib\\helpers\\populate\\getModelsMapForPopulate.js:208:7)\n    at _populatePath (D:\\0振涛\\项目\\20250810\\first-yf\\api\\node_modules\\mongoose\\lib\\model.js:4458:21)\n    at Function.populate (D:\\0振涛\\项目\\20250810\\first-yf\\api\\node_modules\\mongoose\\lib\\model.js:4425:21)\n    at model.Query._find (D:\\0振涛\\项目\\20250810\\first-yf\\api\\node_modules\\mongoose\\lib\\query.js:2456:20)\n    at process.processTicksAndRejections (node:internal/process/task_queues:105:5)\n    at async model.Query.exec (D:\\0振涛\\项目\\20250810\\first-yf\\api\\node_modules\\mongoose\\lib\\query.js:4627:63)\n    at async D:\\0振涛\\项目\\20250810\\first-yf\\api\\routes\\messages.js:315:32","timestamp":"2025-08-12 11:03:30"}
{"level":"error","message":"Socket.IO 认证失败: invalid signature","name":"JsonWebTokenError","stack":"JsonWebTokenError: invalid signature\n    at D:\\0振涛\\项目\\20250810\\first-yf\\api\\node_modules\\jsonwebtoken\\verify.js:171:19\n    at getSecret (D:\\0振涛\\项目\\20250810\\first-yf\\api\\node_modules\\jsonwebtoken\\verify.js:97:14)\n    at module.exports [as verify] (D:\\0振涛\\项目\\20250810\\first-yf\\api\\node_modules\\jsonwebtoken\\verify.js:101:10)\n    at SocketIOService.authenticateSocket (D:\\0振涛\\项目\\20250810\\first-yf\\api\\utils\\socketio.js:53:27)\n    at Array.<anonymous> (D:\\0振涛\\项目\\20250810\\first-yf\\api\\utils\\socketio.js:30:12)\n    at run (D:\\0振涛\\项目\\20250810\\first-yf\\api\\node_modules\\socket.io\\dist\\namespace.js:130:19)\n    at Namespace.run (D:\\0振涛\\项目\\20250810\\first-yf\\api\\node_modules\\socket.io\\dist\\namespace.js:141:9)\n    at Namespace._add (D:\\0振涛\\项目\\20250810\\first-yf\\api\\node_modules\\socket.io\\dist\\namespace.js:218:14)\n    at process.processTicksAndRejections (node:internal/process/task_queues:105:5)","timestamp":"2025-08-12 11:03:30"}
{"level":"info","message":"获取会话列表 - 请求参数: page=1, limit=10, userId=688839f718563bb24b7497f9","timestamp":"2025-08-12 11:03:44"}
{"level":"info","message":"转换后的ObjectId: 688839f718563bb24b7497f9","timestamp":"2025-08-12 11:03:44"}
{"level":"info","message":"聚合查询结果: 1 个会话","timestamp":"2025-08-12 11:03:44"}
{"level":"error","message":"获取私信会话列表失败: Schema hasn't been registered for model \"User\".\nUse mongoose.model(name, schema)","stack":"MissingSchemaError: Schema hasn't been registered for model \"User\".\nUse mongoose.model(name, schema)\n    at NativeConnection.model (D:\\0振涛\\项目\\20250810\\first-yf\\api\\node_modules\\mongoose\\lib\\connection.js:1493:13)\n    at _getModelFromConn (D:\\0振涛\\项目\\20250810\\first-yf\\api\\node_modules\\mongoose\\lib\\helpers\\populate\\getModelsMapForPopulate.js:579:15)\n    at addModelNamesToMap (D:\\0振涛\\项目\\20250810\\first-yf\\api\\node_modules\\mongoose\\lib\\helpers\\populate\\getModelsMapForPopulate.js:507:17)\n    at getModelsMapForPopulate (D:\\0振涛\\项目\\20250810\\first-yf\\api\\node_modules\\mongoose\\lib\\helpers\\populate\\getModelsMapForPopulate.js:208:7)\n    at _populatePath (D:\\0振涛\\项目\\20250810\\first-yf\\api\\node_modules\\mongoose\\lib\\model.js:4458:21)\n    at Function.populate (D:\\0振涛\\项目\\20250810\\first-yf\\api\\node_modules\\mongoose\\lib\\model.js:4425:21)\n    at D:\\0振涛\\项目\\20250810\\first-yf\\api\\routes\\messages.js:161:54\n    at process.processTicksAndRejections (node:internal/process/task_queues:105:5)","timestamp":"2025-08-12 11:03:44"}
{"level":"info","message":"获取系统消息 - 请求参数: page=1, limit=20, userId=688839f718563bb24b7497f9","timestamp":"2025-08-12 11:03:44"}
{"level":"error","message":"获取系统消息失败: Schema hasn't been registered for model \"User\".\nUse mongoose.model(name, schema)","stack":"MissingSchemaError: Schema hasn't been registered for model \"User\".\nUse mongoose.model(name, schema)\n    at NativeConnection.model (D:\\0振涛\\项目\\20250810\\first-yf\\api\\node_modules\\mongoose\\lib\\connection.js:1493:13)\n    at _getModelFromConn (D:\\0振涛\\项目\\20250810\\first-yf\\api\\node_modules\\mongoose\\lib\\helpers\\populate\\getModelsMapForPopulate.js:579:15)\n    at addModelNamesToMap (D:\\0振涛\\项目\\20250810\\first-yf\\api\\node_modules\\mongoose\\lib\\helpers\\populate\\getModelsMapForPopulate.js:507:17)\n    at getModelsMapForPopulate (D:\\0振涛\\项目\\20250810\\first-yf\\api\\node_modules\\mongoose\\lib\\helpers\\populate\\getModelsMapForPopulate.js:208:7)\n    at _populatePath (D:\\0振涛\\项目\\20250810\\first-yf\\api\\node_modules\\mongoose\\lib\\model.js:4458:21)\n    at Function.populate (D:\\0振涛\\项目\\20250810\\first-yf\\api\\node_modules\\mongoose\\lib\\model.js:4425:21)\n    at model.Query._find (D:\\0振涛\\项目\\20250810\\first-yf\\api\\node_modules\\mongoose\\lib\\query.js:2456:20)\n    at process.processTicksAndRejections (node:internal/process/task_queues:105:5)\n    at async model.Query.exec (D:\\0振涛\\项目\\20250810\\first-yf\\api\\node_modules\\mongoose\\lib\\query.js:4627:63)\n    at async D:\\0振涛\\项目\\20250810\\first-yf\\api\\routes\\messages.js:315:32","timestamp":"2025-08-12 11:03:44"}
{"level":"error","message":"Socket.IO 认证失败: invalid signature","name":"JsonWebTokenError","stack":"JsonWebTokenError: invalid signature\n    at D:\\0振涛\\项目\\20250810\\first-yf\\api\\node_modules\\jsonwebtoken\\verify.js:171:19\n    at getSecret (D:\\0振涛\\项目\\20250810\\first-yf\\api\\node_modules\\jsonwebtoken\\verify.js:97:14)\n    at module.exports [as verify] (D:\\0振涛\\项目\\20250810\\first-yf\\api\\node_modules\\jsonwebtoken\\verify.js:101:10)\n    at SocketIOService.authenticateSocket (D:\\0振涛\\项目\\20250810\\first-yf\\api\\utils\\socketio.js:53:27)\n    at Array.<anonymous> (D:\\0振涛\\项目\\20250810\\first-yf\\api\\utils\\socketio.js:30:12)\n    at run (D:\\0振涛\\项目\\20250810\\first-yf\\api\\node_modules\\socket.io\\dist\\namespace.js:130:19)\n    at Namespace.run (D:\\0振涛\\项目\\20250810\\first-yf\\api\\node_modules\\socket.io\\dist\\namespace.js:141:9)\n    at Namespace._add (D:\\0振涛\\项目\\20250810\\first-yf\\api\\node_modules\\socket.io\\dist\\namespace.js:218:14)\n    at process.processTicksAndRejections (node:internal/process/task_queues:105:5)","timestamp":"2025-08-12 11:03:44"}
{"level":"info","message":"获取会话列表 - 请求参数: page=1, limit=10, userId=688839f718563bb24b7497f9","timestamp":"2025-08-12 11:03:45"}
{"level":"info","message":"转换后的ObjectId: 688839f718563bb24b7497f9","timestamp":"2025-08-12 11:03:45"}
{"level":"info","message":"聚合查询结果: 1 个会话","timestamp":"2025-08-12 11:03:45"}
{"level":"error","message":"获取私信会话列表失败: Schema hasn't been registered for model \"User\".\nUse mongoose.model(name, schema)","stack":"MissingSchemaError: Schema hasn't been registered for model \"User\".\nUse mongoose.model(name, schema)\n    at NativeConnection.model (D:\\0振涛\\项目\\20250810\\first-yf\\api\\node_modules\\mongoose\\lib\\connection.js:1493:13)\n    at _getModelFromConn (D:\\0振涛\\项目\\20250810\\first-yf\\api\\node_modules\\mongoose\\lib\\helpers\\populate\\getModelsMapForPopulate.js:579:15)\n    at addModelNamesToMap (D:\\0振涛\\项目\\20250810\\first-yf\\api\\node_modules\\mongoose\\lib\\helpers\\populate\\getModelsMapForPopulate.js:507:17)\n    at getModelsMapForPopulate (D:\\0振涛\\项目\\20250810\\first-yf\\api\\node_modules\\mongoose\\lib\\helpers\\populate\\getModelsMapForPopulate.js:208:7)\n    at _populatePath (D:\\0振涛\\项目\\20250810\\first-yf\\api\\node_modules\\mongoose\\lib\\model.js:4458:21)\n    at Function.populate (D:\\0振涛\\项目\\20250810\\first-yf\\api\\node_modules\\mongoose\\lib\\model.js:4425:21)\n    at D:\\0振涛\\项目\\20250810\\first-yf\\api\\routes\\messages.js:161:54\n    at process.processTicksAndRejections (node:internal/process/task_queues:105:5)","timestamp":"2025-08-12 11:03:45"}
{"level":"info","message":"获取系统消息 - 请求参数: page=1, limit=20, userId=688839f718563bb24b7497f9","timestamp":"2025-08-12 11:03:45"}
{"level":"error","message":"获取系统消息失败: Schema hasn't been registered for model \"User\".\nUse mongoose.model(name, schema)","stack":"MissingSchemaError: Schema hasn't been registered for model \"User\".\nUse mongoose.model(name, schema)\n    at NativeConnection.model (D:\\0振涛\\项目\\20250810\\first-yf\\api\\node_modules\\mongoose\\lib\\connection.js:1493:13)\n    at _getModelFromConn (D:\\0振涛\\项目\\20250810\\first-yf\\api\\node_modules\\mongoose\\lib\\helpers\\populate\\getModelsMapForPopulate.js:579:15)\n    at addModelNamesToMap (D:\\0振涛\\项目\\20250810\\first-yf\\api\\node_modules\\mongoose\\lib\\helpers\\populate\\getModelsMapForPopulate.js:507:17)\n    at getModelsMapForPopulate (D:\\0振涛\\项目\\20250810\\first-yf\\api\\node_modules\\mongoose\\lib\\helpers\\populate\\getModelsMapForPopulate.js:208:7)\n    at _populatePath (D:\\0振涛\\项目\\20250810\\first-yf\\api\\node_modules\\mongoose\\lib\\model.js:4458:21)\n    at Function.populate (D:\\0振涛\\项目\\20250810\\first-yf\\api\\node_modules\\mongoose\\lib\\model.js:4425:21)\n    at model.Query._find (D:\\0振涛\\项目\\20250810\\first-yf\\api\\node_modules\\mongoose\\lib\\query.js:2456:20)\n    at process.processTicksAndRejections (node:internal/process/task_queues:105:5)\n    at async model.Query.exec (D:\\0振涛\\项目\\20250810\\first-yf\\api\\node_modules\\mongoose\\lib\\query.js:4627:63)\n    at async D:\\0振涛\\项目\\20250810\\first-yf\\api\\routes\\messages.js:315:32","timestamp":"2025-08-12 11:03:45"}
{"level":"error","message":"Socket.IO 认证失败: invalid signature","name":"JsonWebTokenError","stack":"JsonWebTokenError: invalid signature\n    at D:\\0振涛\\项目\\20250810\\first-yf\\api\\node_modules\\jsonwebtoken\\verify.js:171:19\n    at getSecret (D:\\0振涛\\项目\\20250810\\first-yf\\api\\node_modules\\jsonwebtoken\\verify.js:97:14)\n    at module.exports [as verify] (D:\\0振涛\\项目\\20250810\\first-yf\\api\\node_modules\\jsonwebtoken\\verify.js:101:10)\n    at SocketIOService.authenticateSocket (D:\\0振涛\\项目\\20250810\\first-yf\\api\\utils\\socketio.js:53:27)\n    at Array.<anonymous> (D:\\0振涛\\项目\\20250810\\first-yf\\api\\utils\\socketio.js:30:12)\n    at run (D:\\0振涛\\项目\\20250810\\first-yf\\api\\node_modules\\socket.io\\dist\\namespace.js:130:19)\n    at Namespace.run (D:\\0振涛\\项目\\20250810\\first-yf\\api\\node_modules\\socket.io\\dist\\namespace.js:141:9)\n    at Namespace._add (D:\\0振涛\\项目\\20250810\\first-yf\\api\\node_modules\\socket.io\\dist\\namespace.js:218:14)\n    at process.processTicksAndRejections (node:internal/process/task_queues:105:5)","timestamp":"2025-08-12 11:03:45"}
{"level":"info","message":"获取会话列表 - 请求参数: page=1, limit=10, userId=688839f718563bb24b7497f9","timestamp":"2025-08-12 11:03:48"}
{"level":"info","message":"转换后的ObjectId: 688839f718563bb24b7497f9","timestamp":"2025-08-12 11:03:48"}
{"level":"info","message":"获取会话列表 - 请求参数: page=1, limit=10, userId=688839f718563bb24b7497f9","timestamp":"2025-08-12 11:03:48"}
{"level":"info","message":"转换后的ObjectId: 688839f718563bb24b7497f9","timestamp":"2025-08-12 11:03:48"}
{"level":"info","message":"聚合查询结果: 1 个会话","timestamp":"2025-08-12 11:03:48"}
{"level":"error","message":"获取私信会话列表失败: Schema hasn't been registered for model \"User\".\nUse mongoose.model(name, schema)","stack":"MissingSchemaError: Schema hasn't been registered for model \"User\".\nUse mongoose.model(name, schema)\n    at NativeConnection.model (D:\\0振涛\\项目\\20250810\\first-yf\\api\\node_modules\\mongoose\\lib\\connection.js:1493:13)\n    at _getModelFromConn (D:\\0振涛\\项目\\20250810\\first-yf\\api\\node_modules\\mongoose\\lib\\helpers\\populate\\getModelsMapForPopulate.js:579:15)\n    at addModelNamesToMap (D:\\0振涛\\项目\\20250810\\first-yf\\api\\node_modules\\mongoose\\lib\\helpers\\populate\\getModelsMapForPopulate.js:507:17)\n    at getModelsMapForPopulate (D:\\0振涛\\项目\\20250810\\first-yf\\api\\node_modules\\mongoose\\lib\\helpers\\populate\\getModelsMapForPopulate.js:208:7)\n    at _populatePath (D:\\0振涛\\项目\\20250810\\first-yf\\api\\node_modules\\mongoose\\lib\\model.js:4458:21)\n    at Function.populate (D:\\0振涛\\项目\\20250810\\first-yf\\api\\node_modules\\mongoose\\lib\\model.js:4425:21)\n    at D:\\0振涛\\项目\\20250810\\first-yf\\api\\routes\\messages.js:161:54\n    at process.processTicksAndRejections (node:internal/process/task_queues:105:5)","timestamp":"2025-08-12 11:03:48"}
{"level":"info","message":"获取系统消息 - 请求参数: page=1, limit=20, userId=688839f718563bb24b7497f9","timestamp":"2025-08-12 11:03:48"}
{"level":"info","message":"聚合查询结果: 1 个会话","timestamp":"2025-08-12 11:03:48"}
{"level":"error","message":"获取私信会话列表失败: Schema hasn't been registered for model \"User\".\nUse mongoose.model(name, schema)","stack":"MissingSchemaError: Schema hasn't been registered for model \"User\".\nUse mongoose.model(name, schema)\n    at NativeConnection.model (D:\\0振涛\\项目\\20250810\\first-yf\\api\\node_modules\\mongoose\\lib\\connection.js:1493:13)\n    at _getModelFromConn (D:\\0振涛\\项目\\20250810\\first-yf\\api\\node_modules\\mongoose\\lib\\helpers\\populate\\getModelsMapForPopulate.js:579:15)\n    at addModelNamesToMap (D:\\0振涛\\项目\\20250810\\first-yf\\api\\node_modules\\mongoose\\lib\\helpers\\populate\\getModelsMapForPopulate.js:507:17)\n    at getModelsMapForPopulate (D:\\0振涛\\项目\\20250810\\first-yf\\api\\node_modules\\mongoose\\lib\\helpers\\populate\\getModelsMapForPopulate.js:208:7)\n    at _populatePath (D:\\0振涛\\项目\\20250810\\first-yf\\api\\node_modules\\mongoose\\lib\\model.js:4458:21)\n    at Function.populate (D:\\0振涛\\项目\\20250810\\first-yf\\api\\node_modules\\mongoose\\lib\\model.js:4425:21)\n    at D:\\0振涛\\项目\\20250810\\first-yf\\api\\routes\\messages.js:161:54\n    at process.processTicksAndRejections (node:internal/process/task_queues:105:5)","timestamp":"2025-08-12 11:03:48"}
{"level":"info","message":"获取系统消息 - 请求参数: page=1, limit=20, userId=688839f718563bb24b7497f9","timestamp":"2025-08-12 11:03:48"}
{"level":"error","message":"获取系统消息失败: Schema hasn't been registered for model \"User\".\nUse mongoose.model(name, schema)","stack":"MissingSchemaError: Schema hasn't been registered for model \"User\".\nUse mongoose.model(name, schema)\n    at NativeConnection.model (D:\\0振涛\\项目\\20250810\\first-yf\\api\\node_modules\\mongoose\\lib\\connection.js:1493:13)\n    at _getModelFromConn (D:\\0振涛\\项目\\20250810\\first-yf\\api\\node_modules\\mongoose\\lib\\helpers\\populate\\getModelsMapForPopulate.js:579:15)\n    at addModelNamesToMap (D:\\0振涛\\项目\\20250810\\first-yf\\api\\node_modules\\mongoose\\lib\\helpers\\populate\\getModelsMapForPopulate.js:507:17)\n    at getModelsMapForPopulate (D:\\0振涛\\项目\\20250810\\first-yf\\api\\node_modules\\mongoose\\lib\\helpers\\populate\\getModelsMapForPopulate.js:208:7)\n    at _populatePath (D:\\0振涛\\项目\\20250810\\first-yf\\api\\node_modules\\mongoose\\lib\\model.js:4458:21)\n    at Function.populate (D:\\0振涛\\项目\\20250810\\first-yf\\api\\node_modules\\mongoose\\lib\\model.js:4425:21)\n    at model.Query._find (D:\\0振涛\\项目\\20250810\\first-yf\\api\\node_modules\\mongoose\\lib\\query.js:2456:20)\n    at process.processTicksAndRejections (node:internal/process/task_queues:105:5)\n    at async model.Query.exec (D:\\0振涛\\项目\\20250810\\first-yf\\api\\node_modules\\mongoose\\lib\\query.js:4627:63)\n    at async D:\\0振涛\\项目\\20250810\\first-yf\\api\\routes\\messages.js:315:32","timestamp":"2025-08-12 11:03:48"}
{"level":"error","message":"获取系统消息失败: Schema hasn't been registered for model \"User\".\nUse mongoose.model(name, schema)","stack":"MissingSchemaError: Schema hasn't been registered for model \"User\".\nUse mongoose.model(name, schema)\n    at NativeConnection.model (D:\\0振涛\\项目\\20250810\\first-yf\\api\\node_modules\\mongoose\\lib\\connection.js:1493:13)\n    at _getModelFromConn (D:\\0振涛\\项目\\20250810\\first-yf\\api\\node_modules\\mongoose\\lib\\helpers\\populate\\getModelsMapForPopulate.js:579:15)\n    at addModelNamesToMap (D:\\0振涛\\项目\\20250810\\first-yf\\api\\node_modules\\mongoose\\lib\\helpers\\populate\\getModelsMapForPopulate.js:507:17)\n    at getModelsMapForPopulate (D:\\0振涛\\项目\\20250810\\first-yf\\api\\node_modules\\mongoose\\lib\\helpers\\populate\\getModelsMapForPopulate.js:208:7)\n    at _populatePath (D:\\0振涛\\项目\\20250810\\first-yf\\api\\node_modules\\mongoose\\lib\\model.js:4458:21)\n    at Function.populate (D:\\0振涛\\项目\\20250810\\first-yf\\api\\node_modules\\mongoose\\lib\\model.js:4425:21)\n    at model.Query._find (D:\\0振涛\\项目\\20250810\\first-yf\\api\\node_modules\\mongoose\\lib\\query.js:2456:20)\n    at process.processTicksAndRejections (node:internal/process/task_queues:105:5)\n    at async model.Query.exec (D:\\0振涛\\项目\\20250810\\first-yf\\api\\node_modules\\mongoose\\lib\\query.js:4627:63)\n    at async D:\\0振涛\\项目\\20250810\\first-yf\\api\\routes\\messages.js:315:32","timestamp":"2025-08-12 11:03:48"}
{"level":"info","message":"用户 csyh (ID: 688839f718563bb24b7497f9) 已连接 Socket.IO","timestamp":"2025-08-12 11:03:48"}
{"level":"info","message":"用户 csyh (ID: 688839f718563bb24b7497f9) 已断开 Socket.IO 连接","timestamp":"2025-08-12 11:03:48"}
{"level":"info","message":"用户 csyh (ID: 688839f718563bb24b7497f9) 已连接 Socket.IO","timestamp":"2025-08-12 11:03:48"}
{"level":"info","message":"用户 csyh (ID: 688839f718563bb24b7497f9) 已断开 Socket.IO 连接","timestamp":"2025-08-12 11:04:04"}
{"level":"info","message":"获取会话列表 - 请求参数: page=1, limit=10, userId=688839f718563bb24b7497f9","timestamp":"2025-08-12 11:04:04"}
{"level":"info","message":"转换后的ObjectId: 688839f718563bb24b7497f9","timestamp":"2025-08-12 11:04:04"}
{"level":"info","message":"聚合查询结果: 1 个会话","timestamp":"2025-08-12 11:04:04"}
{"level":"error","message":"获取私信会话列表失败: Schema hasn't been registered for model \"User\".\nUse mongoose.model(name, schema)","stack":"MissingSchemaError: Schema hasn't been registered for model \"User\".\nUse mongoose.model(name, schema)\n    at NativeConnection.model (D:\\0振涛\\项目\\20250810\\first-yf\\api\\node_modules\\mongoose\\lib\\connection.js:1493:13)\n    at _getModelFromConn (D:\\0振涛\\项目\\20250810\\first-yf\\api\\node_modules\\mongoose\\lib\\helpers\\populate\\getModelsMapForPopulate.js:579:15)\n    at addModelNamesToMap (D:\\0振涛\\项目\\20250810\\first-yf\\api\\node_modules\\mongoose\\lib\\helpers\\populate\\getModelsMapForPopulate.js:507:17)\n    at getModelsMapForPopulate (D:\\0振涛\\项目\\20250810\\first-yf\\api\\node_modules\\mongoose\\lib\\helpers\\populate\\getModelsMapForPopulate.js:208:7)\n    at _populatePath (D:\\0振涛\\项目\\20250810\\first-yf\\api\\node_modules\\mongoose\\lib\\model.js:4458:21)\n    at Function.populate (D:\\0振涛\\项目\\20250810\\first-yf\\api\\node_modules\\mongoose\\lib\\model.js:4425:21)\n    at D:\\0振涛\\项目\\20250810\\first-yf\\api\\routes\\messages.js:161:54\n    at process.processTicksAndRejections (node:internal/process/task_queues:105:5)","timestamp":"2025-08-12 11:04:04"}
{"level":"info","message":"获取系统消息 - 请求参数: page=1, limit=20, userId=688839f718563bb24b7497f9","timestamp":"2025-08-12 11:04:04"}
{"level":"error","message":"获取系统消息失败: Schema hasn't been registered for model \"User\".\nUse mongoose.model(name, schema)","stack":"MissingSchemaError: Schema hasn't been registered for model \"User\".\nUse mongoose.model(name, schema)\n    at NativeConnection.model (D:\\0振涛\\项目\\20250810\\first-yf\\api\\node_modules\\mongoose\\lib\\connection.js:1493:13)\n    at _getModelFromConn (D:\\0振涛\\项目\\20250810\\first-yf\\api\\node_modules\\mongoose\\lib\\helpers\\populate\\getModelsMapForPopulate.js:579:15)\n    at addModelNamesToMap (D:\\0振涛\\项目\\20250810\\first-yf\\api\\node_modules\\mongoose\\lib\\helpers\\populate\\getModelsMapForPopulate.js:507:17)\n    at getModelsMapForPopulate (D:\\0振涛\\项目\\20250810\\first-yf\\api\\node_modules\\mongoose\\lib\\helpers\\populate\\getModelsMapForPopulate.js:208:7)\n    at _populatePath (D:\\0振涛\\项目\\20250810\\first-yf\\api\\node_modules\\mongoose\\lib\\model.js:4458:21)\n    at Function.populate (D:\\0振涛\\项目\\20250810\\first-yf\\api\\node_modules\\mongoose\\lib\\model.js:4425:21)\n    at model.Query._find (D:\\0振涛\\项目\\20250810\\first-yf\\api\\node_modules\\mongoose\\lib\\query.js:2456:20)\n    at process.processTicksAndRejections (node:internal/process/task_queues:105:5)\n    at async model.Query.exec (D:\\0振涛\\项目\\20250810\\first-yf\\api\\node_modules\\mongoose\\lib\\query.js:4627:63)\n    at async D:\\0振涛\\项目\\20250810\\first-yf\\api\\routes\\messages.js:315:32","timestamp":"2025-08-12 11:04:04"}
{"level":"info","message":"用户 csyh (ID: 688839f718563bb24b7497f9) 已连接 Socket.IO","timestamp":"2025-08-12 11:04:04"}
{"level":"info","message":"用户 csyh (ID: 688839f718563bb24b7497f9) 已断开 Socket.IO 连接","timestamp":"2025-08-12 11:04:08"}
{"level":"info","message":"获取会话列表 - 请求参数: page=1, limit=10, userId=688839f718563bb24b7497f9","timestamp":"2025-08-12 11:04:08"}
{"level":"info","message":"转换后的ObjectId: 688839f718563bb24b7497f9","timestamp":"2025-08-12 11:04:08"}
{"level":"info","message":"聚合查询结果: 1 个会话","timestamp":"2025-08-12 11:04:08"}
{"level":"error","message":"获取私信会话列表失败: Schema hasn't been registered for model \"User\".\nUse mongoose.model(name, schema)","stack":"MissingSchemaError: Schema hasn't been registered for model \"User\".\nUse mongoose.model(name, schema)\n    at NativeConnection.model (D:\\0振涛\\项目\\20250810\\first-yf\\api\\node_modules\\mongoose\\lib\\connection.js:1493:13)\n    at _getModelFromConn (D:\\0振涛\\项目\\20250810\\first-yf\\api\\node_modules\\mongoose\\lib\\helpers\\populate\\getModelsMapForPopulate.js:579:15)\n    at addModelNamesToMap (D:\\0振涛\\项目\\20250810\\first-yf\\api\\node_modules\\mongoose\\lib\\helpers\\populate\\getModelsMapForPopulate.js:507:17)\n    at getModelsMapForPopulate (D:\\0振涛\\项目\\20250810\\first-yf\\api\\node_modules\\mongoose\\lib\\helpers\\populate\\getModelsMapForPopulate.js:208:7)\n    at _populatePath (D:\\0振涛\\项目\\20250810\\first-yf\\api\\node_modules\\mongoose\\lib\\model.js:4458:21)\n    at Function.populate (D:\\0振涛\\项目\\20250810\\first-yf\\api\\node_modules\\mongoose\\lib\\model.js:4425:21)\n    at D:\\0振涛\\项目\\20250810\\first-yf\\api\\routes\\messages.js:161:54\n    at process.processTicksAndRejections (node:internal/process/task_queues:105:5)","timestamp":"2025-08-12 11:04:08"}
{"level":"info","message":"获取系统消息 - 请求参数: page=1, limit=20, userId=688839f718563bb24b7497f9","timestamp":"2025-08-12 11:04:08"}
{"level":"error","message":"获取系统消息失败: Schema hasn't been registered for model \"User\".\nUse mongoose.model(name, schema)","stack":"MissingSchemaError: Schema hasn't been registered for model \"User\".\nUse mongoose.model(name, schema)\n    at NativeConnection.model (D:\\0振涛\\项目\\20250810\\first-yf\\api\\node_modules\\mongoose\\lib\\connection.js:1493:13)\n    at _getModelFromConn (D:\\0振涛\\项目\\20250810\\first-yf\\api\\node_modules\\mongoose\\lib\\helpers\\populate\\getModelsMapForPopulate.js:579:15)\n    at addModelNamesToMap (D:\\0振涛\\项目\\20250810\\first-yf\\api\\node_modules\\mongoose\\lib\\helpers\\populate\\getModelsMapForPopulate.js:507:17)\n    at getModelsMapForPopulate (D:\\0振涛\\项目\\20250810\\first-yf\\api\\node_modules\\mongoose\\lib\\helpers\\populate\\getModelsMapForPopulate.js:208:7)\n    at _populatePath (D:\\0振涛\\项目\\20250810\\first-yf\\api\\node_modules\\mongoose\\lib\\model.js:4458:21)\n    at Function.populate (D:\\0振涛\\项目\\20250810\\first-yf\\api\\node_modules\\mongoose\\lib\\model.js:4425:21)\n    at model.Query._find (D:\\0振涛\\项目\\20250810\\first-yf\\api\\node_modules\\mongoose\\lib\\query.js:2456:20)\n    at process.processTicksAndRejections (node:internal/process/task_queues:105:5)\n    at async model.Query.exec (D:\\0振涛\\项目\\20250810\\first-yf\\api\\node_modules\\mongoose\\lib\\query.js:4627:63)\n    at async D:\\0振涛\\项目\\20250810\\first-yf\\api\\routes\\messages.js:315:32","timestamp":"2025-08-12 11:04:08"}
{"level":"info","message":"用户 csyh (ID: 688839f718563bb24b7497f9) 已连接 Socket.IO","timestamp":"2025-08-12 11:04:08"}
{"level":"info","message":"用户 csyh (ID: 688839f718563bb24b7497f9) 已断开 Socket.IO 连接","timestamp":"2025-08-12 11:04:14"}
{"level":"info","message":"获取会话列表 - 请求参数: page=1, limit=10, userId=688839f718563bb24b7497f9","timestamp":"2025-08-12 11:04:14"}
{"level":"info","message":"转换后的ObjectId: 688839f718563bb24b7497f9","timestamp":"2025-08-12 11:04:14"}
{"level":"info","message":"聚合查询结果: 1 个会话","timestamp":"2025-08-12 11:04:14"}
{"level":"error","message":"获取私信会话列表失败: Schema hasn't been registered for model \"User\".\nUse mongoose.model(name, schema)","stack":"MissingSchemaError: Schema hasn't been registered for model \"User\".\nUse mongoose.model(name, schema)\n    at NativeConnection.model (D:\\0振涛\\项目\\20250810\\first-yf\\api\\node_modules\\mongoose\\lib\\connection.js:1493:13)\n    at _getModelFromConn (D:\\0振涛\\项目\\20250810\\first-yf\\api\\node_modules\\mongoose\\lib\\helpers\\populate\\getModelsMapForPopulate.js:579:15)\n    at addModelNamesToMap (D:\\0振涛\\项目\\20250810\\first-yf\\api\\node_modules\\mongoose\\lib\\helpers\\populate\\getModelsMapForPopulate.js:507:17)\n    at getModelsMapForPopulate (D:\\0振涛\\项目\\20250810\\first-yf\\api\\node_modules\\mongoose\\lib\\helpers\\populate\\getModelsMapForPopulate.js:208:7)\n    at _populatePath (D:\\0振涛\\项目\\20250810\\first-yf\\api\\node_modules\\mongoose\\lib\\model.js:4458:21)\n    at Function.populate (D:\\0振涛\\项目\\20250810\\first-yf\\api\\node_modules\\mongoose\\lib\\model.js:4425:21)\n    at D:\\0振涛\\项目\\20250810\\first-yf\\api\\routes\\messages.js:161:54\n    at process.processTicksAndRejections (node:internal/process/task_queues:105:5)","timestamp":"2025-08-12 11:04:14"}
{"level":"info","message":"获取系统消息 - 请求参数: page=1, limit=20, userId=688839f718563bb24b7497f9","timestamp":"2025-08-12 11:04:14"}
{"level":"error","message":"获取系统消息失败: Schema hasn't been registered for model \"User\".\nUse mongoose.model(name, schema)","stack":"MissingSchemaError: Schema hasn't been registered for model \"User\".\nUse mongoose.model(name, schema)\n    at NativeConnection.model (D:\\0振涛\\项目\\20250810\\first-yf\\api\\node_modules\\mongoose\\lib\\connection.js:1493:13)\n    at _getModelFromConn (D:\\0振涛\\项目\\20250810\\first-yf\\api\\node_modules\\mongoose\\lib\\helpers\\populate\\getModelsMapForPopulate.js:579:15)\n    at addModelNamesToMap (D:\\0振涛\\项目\\20250810\\first-yf\\api\\node_modules\\mongoose\\lib\\helpers\\populate\\getModelsMapForPopulate.js:507:17)\n    at getModelsMapForPopulate (D:\\0振涛\\项目\\20250810\\first-yf\\api\\node_modules\\mongoose\\lib\\helpers\\populate\\getModelsMapForPopulate.js:208:7)\n    at _populatePath (D:\\0振涛\\项目\\20250810\\first-yf\\api\\node_modules\\mongoose\\lib\\model.js:4458:21)\n    at Function.populate (D:\\0振涛\\项目\\20250810\\first-yf\\api\\node_modules\\mongoose\\lib\\model.js:4425:21)\n    at model.Query._find (D:\\0振涛\\项目\\20250810\\first-yf\\api\\node_modules\\mongoose\\lib\\query.js:2456:20)\n    at process.processTicksAndRejections (node:internal/process/task_queues:105:5)\n    at async model.Query.exec (D:\\0振涛\\项目\\20250810\\first-yf\\api\\node_modules\\mongoose\\lib\\query.js:4627:63)\n    at async D:\\0振涛\\项目\\20250810\\first-yf\\api\\routes\\messages.js:315:32","timestamp":"2025-08-12 11:04:14"}
{"level":"info","message":"用户 csyh (ID: 688839f718563bb24b7497f9) 已连接 Socket.IO","timestamp":"2025-08-12 11:04:14"}
{"level":"info","message":"用户 csyh (ID: 688839f718563bb24b7497f9) 已断开 Socket.IO 连接","timestamp":"2025-08-12 11:04:30"}
{"level":"info","message":"获取会话列表 - 请求参数: page=1, limit=10, userId=688839f718563bb24b7497f9","timestamp":"2025-08-12 11:04:30"}
{"level":"info","message":"转换后的ObjectId: 688839f718563bb24b7497f9","timestamp":"2025-08-12 11:04:30"}
{"level":"info","message":"聚合查询结果: 1 个会话","timestamp":"2025-08-12 11:04:30"}
{"level":"error","message":"获取私信会话列表失败: Schema hasn't been registered for model \"User\".\nUse mongoose.model(name, schema)","stack":"MissingSchemaError: Schema hasn't been registered for model \"User\".\nUse mongoose.model(name, schema)\n    at NativeConnection.model (D:\\0振涛\\项目\\20250810\\first-yf\\api\\node_modules\\mongoose\\lib\\connection.js:1493:13)\n    at _getModelFromConn (D:\\0振涛\\项目\\20250810\\first-yf\\api\\node_modules\\mongoose\\lib\\helpers\\populate\\getModelsMapForPopulate.js:579:15)\n    at addModelNamesToMap (D:\\0振涛\\项目\\20250810\\first-yf\\api\\node_modules\\mongoose\\lib\\helpers\\populate\\getModelsMapForPopulate.js:507:17)\n    at getModelsMapForPopulate (D:\\0振涛\\项目\\20250810\\first-yf\\api\\node_modules\\mongoose\\lib\\helpers\\populate\\getModelsMapForPopulate.js:208:7)\n    at _populatePath (D:\\0振涛\\项目\\20250810\\first-yf\\api\\node_modules\\mongoose\\lib\\model.js:4458:21)\n    at Function.populate (D:\\0振涛\\项目\\20250810\\first-yf\\api\\node_modules\\mongoose\\lib\\model.js:4425:21)\n    at D:\\0振涛\\项目\\20250810\\first-yf\\api\\routes\\messages.js:161:54\n    at process.processTicksAndRejections (node:internal/process/task_queues:105:5)","timestamp":"2025-08-12 11:04:30"}
{"level":"info","message":"获取系统消息 - 请求参数: page=1, limit=20, userId=688839f718563bb24b7497f9","timestamp":"2025-08-12 11:04:30"}
{"level":"error","message":"获取系统消息失败: Schema hasn't been registered for model \"User\".\nUse mongoose.model(name, schema)","stack":"MissingSchemaError: Schema hasn't been registered for model \"User\".\nUse mongoose.model(name, schema)\n    at NativeConnection.model (D:\\0振涛\\项目\\20250810\\first-yf\\api\\node_modules\\mongoose\\lib\\connection.js:1493:13)\n    at _getModelFromConn (D:\\0振涛\\项目\\20250810\\first-yf\\api\\node_modules\\mongoose\\lib\\helpers\\populate\\getModelsMapForPopulate.js:579:15)\n    at addModelNamesToMap (D:\\0振涛\\项目\\20250810\\first-yf\\api\\node_modules\\mongoose\\lib\\helpers\\populate\\getModelsMapForPopulate.js:507:17)\n    at getModelsMapForPopulate (D:\\0振涛\\项目\\20250810\\first-yf\\api\\node_modules\\mongoose\\lib\\helpers\\populate\\getModelsMapForPopulate.js:208:7)\n    at _populatePath (D:\\0振涛\\项目\\20250810\\first-yf\\api\\node_modules\\mongoose\\lib\\model.js:4458:21)\n    at Function.populate (D:\\0振涛\\项目\\20250810\\first-yf\\api\\node_modules\\mongoose\\lib\\model.js:4425:21)\n    at model.Query._find (D:\\0振涛\\项目\\20250810\\first-yf\\api\\node_modules\\mongoose\\lib\\query.js:2456:20)\n    at process.processTicksAndRejections (node:internal/process/task_queues:105:5)\n    at async model.Query.exec (D:\\0振涛\\项目\\20250810\\first-yf\\api\\node_modules\\mongoose\\lib\\query.js:4627:63)\n    at async D:\\0振涛\\项目\\20250810\\first-yf\\api\\routes\\messages.js:315:32","timestamp":"2025-08-12 11:04:30"}
{"level":"info","message":"用户 csyh (ID: 688839f718563bb24b7497f9) 已连接 Socket.IO","timestamp":"2025-08-12 11:04:30"}
{"level":"info","message":"用户 csyh (ID: 688839f718563bb24b7497f9) 已断开 Socket.IO 连接","timestamp":"2025-08-12 11:06:02"}
{"level":"info","message":"获取会话列表 - 请求参数: page=1, limit=10, userId=688839f718563bb24b7497f9","timestamp":"2025-08-12 11:06:02"}
{"level":"info","message":"转换后的ObjectId: 688839f718563bb24b7497f9","timestamp":"2025-08-12 11:06:02"}
{"level":"info","message":"聚合查询结果: 1 个会话","timestamp":"2025-08-12 11:06:02"}
{"level":"error","message":"获取私信会话列表失败: Schema hasn't been registered for model \"User\".\nUse mongoose.model(name, schema)","stack":"MissingSchemaError: Schema hasn't been registered for model \"User\".\nUse mongoose.model(name, schema)\n    at NativeConnection.model (D:\\0振涛\\项目\\20250810\\first-yf\\api\\node_modules\\mongoose\\lib\\connection.js:1493:13)\n    at _getModelFromConn (D:\\0振涛\\项目\\20250810\\first-yf\\api\\node_modules\\mongoose\\lib\\helpers\\populate\\getModelsMapForPopulate.js:579:15)\n    at addModelNamesToMap (D:\\0振涛\\项目\\20250810\\first-yf\\api\\node_modules\\mongoose\\lib\\helpers\\populate\\getModelsMapForPopulate.js:507:17)\n    at getModelsMapForPopulate (D:\\0振涛\\项目\\20250810\\first-yf\\api\\node_modules\\mongoose\\lib\\helpers\\populate\\getModelsMapForPopulate.js:208:7)\n    at _populatePath (D:\\0振涛\\项目\\20250810\\first-yf\\api\\node_modules\\mongoose\\lib\\model.js:4458:21)\n    at Function.populate (D:\\0振涛\\项目\\20250810\\first-yf\\api\\node_modules\\mongoose\\lib\\model.js:4425:21)\n    at D:\\0振涛\\项目\\20250810\\first-yf\\api\\routes\\messages.js:161:54\n    at process.processTicksAndRejections (node:internal/process/task_queues:105:5)","timestamp":"2025-08-12 11:06:02"}
{"level":"info","message":"获取系统消息 - 请求参数: page=1, limit=20, userId=688839f718563bb24b7497f9","timestamp":"2025-08-12 11:06:02"}
{"level":"error","message":"获取系统消息失败: Schema hasn't been registered for model \"User\".\nUse mongoose.model(name, schema)","stack":"MissingSchemaError: Schema hasn't been registered for model \"User\".\nUse mongoose.model(name, schema)\n    at NativeConnection.model (D:\\0振涛\\项目\\20250810\\first-yf\\api\\node_modules\\mongoose\\lib\\connection.js:1493:13)\n    at _getModelFromConn (D:\\0振涛\\项目\\20250810\\first-yf\\api\\node_modules\\mongoose\\lib\\helpers\\populate\\getModelsMapForPopulate.js:579:15)\n    at addModelNamesToMap (D:\\0振涛\\项目\\20250810\\first-yf\\api\\node_modules\\mongoose\\lib\\helpers\\populate\\getModelsMapForPopulate.js:507:17)\n    at getModelsMapForPopulate (D:\\0振涛\\项目\\20250810\\first-yf\\api\\node_modules\\mongoose\\lib\\helpers\\populate\\getModelsMapForPopulate.js:208:7)\n    at _populatePath (D:\\0振涛\\项目\\20250810\\first-yf\\api\\node_modules\\mongoose\\lib\\model.js:4458:21)\n    at Function.populate (D:\\0振涛\\项目\\20250810\\first-yf\\api\\node_modules\\mongoose\\lib\\model.js:4425:21)\n    at model.Query._find (D:\\0振涛\\项目\\20250810\\first-yf\\api\\node_modules\\mongoose\\lib\\query.js:2456:20)\n    at process.processTicksAndRejections (node:internal/process/task_queues:105:5)\n    at async model.Query.exec (D:\\0振涛\\项目\\20250810\\first-yf\\api\\node_modules\\mongoose\\lib\\query.js:4627:63)\n    at async D:\\0振涛\\项目\\20250810\\first-yf\\api\\routes\\messages.js:315:32","timestamp":"2025-08-12 11:06:02"}
{"level":"info","message":"用户 csyh (ID: 688839f718563bb24b7497f9) 已连接 Socket.IO","timestamp":"2025-08-12 11:06:02"}
{"level":"info","message":"用户 csyh (ID: 688839f718563bb24b7497f9) 已断开 Socket.IO 连接","timestamp":"2025-08-12 11:06:13"}
{"level":"info","message":"获取会话列表 - 请求参数: page=1, limit=10, userId=688839f718563bb24b7497f9","timestamp":"2025-08-12 11:06:13"}
{"level":"info","message":"转换后的ObjectId: 688839f718563bb24b7497f9","timestamp":"2025-08-12 11:06:13"}
{"level":"info","message":"聚合查询结果: 1 个会话","timestamp":"2025-08-12 11:06:13"}
{"level":"error","message":"获取私信会话列表失败: Schema hasn't been registered for model \"User\".\nUse mongoose.model(name, schema)","stack":"MissingSchemaError: Schema hasn't been registered for model \"User\".\nUse mongoose.model(name, schema)\n    at NativeConnection.model (D:\\0振涛\\项目\\20250810\\first-yf\\api\\node_modules\\mongoose\\lib\\connection.js:1493:13)\n    at _getModelFromConn (D:\\0振涛\\项目\\20250810\\first-yf\\api\\node_modules\\mongoose\\lib\\helpers\\populate\\getModelsMapForPopulate.js:579:15)\n    at addModelNamesToMap (D:\\0振涛\\项目\\20250810\\first-yf\\api\\node_modules\\mongoose\\lib\\helpers\\populate\\getModelsMapForPopulate.js:507:17)\n    at getModelsMapForPopulate (D:\\0振涛\\项目\\20250810\\first-yf\\api\\node_modules\\mongoose\\lib\\helpers\\populate\\getModelsMapForPopulate.js:208:7)\n    at _populatePath (D:\\0振涛\\项目\\20250810\\first-yf\\api\\node_modules\\mongoose\\lib\\model.js:4458:21)\n    at Function.populate (D:\\0振涛\\项目\\20250810\\first-yf\\api\\node_modules\\mongoose\\lib\\model.js:4425:21)\n    at D:\\0振涛\\项目\\20250810\\first-yf\\api\\routes\\messages.js:161:54\n    at process.processTicksAndRejections (node:internal/process/task_queues:105:5)","timestamp":"2025-08-12 11:06:13"}
{"level":"info","message":"获取系统消息 - 请求参数: page=1, limit=20, userId=688839f718563bb24b7497f9","timestamp":"2025-08-12 11:06:13"}
{"level":"error","message":"获取系统消息失败: Schema hasn't been registered for model \"User\".\nUse mongoose.model(name, schema)","stack":"MissingSchemaError: Schema hasn't been registered for model \"User\".\nUse mongoose.model(name, schema)\n    at NativeConnection.model (D:\\0振涛\\项目\\20250810\\first-yf\\api\\node_modules\\mongoose\\lib\\connection.js:1493:13)\n    at _getModelFromConn (D:\\0振涛\\项目\\20250810\\first-yf\\api\\node_modules\\mongoose\\lib\\helpers\\populate\\getModelsMapForPopulate.js:579:15)\n    at addModelNamesToMap (D:\\0振涛\\项目\\20250810\\first-yf\\api\\node_modules\\mongoose\\lib\\helpers\\populate\\getModelsMapForPopulate.js:507:17)\n    at getModelsMapForPopulate (D:\\0振涛\\项目\\20250810\\first-yf\\api\\node_modules\\mongoose\\lib\\helpers\\populate\\getModelsMapForPopulate.js:208:7)\n    at _populatePath (D:\\0振涛\\项目\\20250810\\first-yf\\api\\node_modules\\mongoose\\lib\\model.js:4458:21)\n    at Function.populate (D:\\0振涛\\项目\\20250810\\first-yf\\api\\node_modules\\mongoose\\lib\\model.js:4425:21)\n    at model.Query._find (D:\\0振涛\\项目\\20250810\\first-yf\\api\\node_modules\\mongoose\\lib\\query.js:2456:20)\n    at process.processTicksAndRejections (node:internal/process/task_queues:105:5)\n    at async model.Query.exec (D:\\0振涛\\项目\\20250810\\first-yf\\api\\node_modules\\mongoose\\lib\\query.js:4627:63)\n    at async D:\\0振涛\\项目\\20250810\\first-yf\\api\\routes\\messages.js:315:32","timestamp":"2025-08-12 11:06:13"}
{"level":"info","message":"用户 csyh (ID: 688839f718563bb24b7497f9) 已连接 Socket.IO","timestamp":"2025-08-12 11:06:13"}
{"level":"info","message":"用户 csyh (ID: 688839f718563bb24b7497f9) 已断开 Socket.IO 连接","timestamp":"2025-08-12 11:06:22"}
{"level":"info","message":"获取会话列表 - 请求参数: page=1, limit=10, userId=688839f718563bb24b7497f9","timestamp":"2025-08-12 11:06:22"}
{"level":"info","message":"转换后的ObjectId: 688839f718563bb24b7497f9","timestamp":"2025-08-12 11:06:22"}
{"level":"info","message":"聚合查询结果: 1 个会话","timestamp":"2025-08-12 11:06:22"}
{"level":"error","message":"获取私信会话列表失败: Schema hasn't been registered for model \"User\".\nUse mongoose.model(name, schema)","stack":"MissingSchemaError: Schema hasn't been registered for model \"User\".\nUse mongoose.model(name, schema)\n    at NativeConnection.model (D:\\0振涛\\项目\\20250810\\first-yf\\api\\node_modules\\mongoose\\lib\\connection.js:1493:13)\n    at _getModelFromConn (D:\\0振涛\\项目\\20250810\\first-yf\\api\\node_modules\\mongoose\\lib\\helpers\\populate\\getModelsMapForPopulate.js:579:15)\n    at addModelNamesToMap (D:\\0振涛\\项目\\20250810\\first-yf\\api\\node_modules\\mongoose\\lib\\helpers\\populate\\getModelsMapForPopulate.js:507:17)\n    at getModelsMapForPopulate (D:\\0振涛\\项目\\20250810\\first-yf\\api\\node_modules\\mongoose\\lib\\helpers\\populate\\getModelsMapForPopulate.js:208:7)\n    at _populatePath (D:\\0振涛\\项目\\20250810\\first-yf\\api\\node_modules\\mongoose\\lib\\model.js:4458:21)\n    at Function.populate (D:\\0振涛\\项目\\20250810\\first-yf\\api\\node_modules\\mongoose\\lib\\model.js:4425:21)\n    at D:\\0振涛\\项目\\20250810\\first-yf\\api\\routes\\messages.js:161:54\n    at process.processTicksAndRejections (node:internal/process/task_queues:105:5)","timestamp":"2025-08-12 11:06:22"}
{"level":"info","message":"获取系统消息 - 请求参数: page=1, limit=20, userId=688839f718563bb24b7497f9","timestamp":"2025-08-12 11:06:22"}
{"level":"error","message":"获取系统消息失败: Schema hasn't been registered for model \"User\".\nUse mongoose.model(name, schema)","stack":"MissingSchemaError: Schema hasn't been registered for model \"User\".\nUse mongoose.model(name, schema)\n    at NativeConnection.model (D:\\0振涛\\项目\\20250810\\first-yf\\api\\node_modules\\mongoose\\lib\\connection.js:1493:13)\n    at _getModelFromConn (D:\\0振涛\\项目\\20250810\\first-yf\\api\\node_modules\\mongoose\\lib\\helpers\\populate\\getModelsMapForPopulate.js:579:15)\n    at addModelNamesToMap (D:\\0振涛\\项目\\20250810\\first-yf\\api\\node_modules\\mongoose\\lib\\helpers\\populate\\getModelsMapForPopulate.js:507:17)\n    at getModelsMapForPopulate (D:\\0振涛\\项目\\20250810\\first-yf\\api\\node_modules\\mongoose\\lib\\helpers\\populate\\getModelsMapForPopulate.js:208:7)\n    at _populatePath (D:\\0振涛\\项目\\20250810\\first-yf\\api\\node_modules\\mongoose\\lib\\model.js:4458:21)\n    at Function.populate (D:\\0振涛\\项目\\20250810\\first-yf\\api\\node_modules\\mongoose\\lib\\model.js:4425:21)\n    at model.Query._find (D:\\0振涛\\项目\\20250810\\first-yf\\api\\node_modules\\mongoose\\lib\\query.js:2456:20)\n    at process.processTicksAndRejections (node:internal/process/task_queues:105:5)\n    at async model.Query.exec (D:\\0振涛\\项目\\20250810\\first-yf\\api\\node_modules\\mongoose\\lib\\query.js:4627:63)\n    at async D:\\0振涛\\项目\\20250810\\first-yf\\api\\routes\\messages.js:315:32","timestamp":"2025-08-12 11:06:22"}
{"level":"info","message":"用户 csyh (ID: 688839f718563bb24b7497f9) 已连接 Socket.IO","timestamp":"2025-08-12 11:06:22"}
{"level":"info","message":"用户 csyh (ID: 688839f718563bb24b7497f9) 已断开 Socket.IO 连接","timestamp":"2025-08-12 11:06:31"}
{"level":"info","message":"获取会话列表 - 请求参数: page=1, limit=10, userId=688839f718563bb24b7497f9","timestamp":"2025-08-12 11:06:31"}
{"level":"info","message":"转换后的ObjectId: 688839f718563bb24b7497f9","timestamp":"2025-08-12 11:06:31"}
{"level":"info","message":"聚合查询结果: 1 个会话","timestamp":"2025-08-12 11:06:31"}
{"level":"error","message":"获取私信会话列表失败: Schema hasn't been registered for model \"User\".\nUse mongoose.model(name, schema)","stack":"MissingSchemaError: Schema hasn't been registered for model \"User\".\nUse mongoose.model(name, schema)\n    at NativeConnection.model (D:\\0振涛\\项目\\20250810\\first-yf\\api\\node_modules\\mongoose\\lib\\connection.js:1493:13)\n    at _getModelFromConn (D:\\0振涛\\项目\\20250810\\first-yf\\api\\node_modules\\mongoose\\lib\\helpers\\populate\\getModelsMapForPopulate.js:579:15)\n    at addModelNamesToMap (D:\\0振涛\\项目\\20250810\\first-yf\\api\\node_modules\\mongoose\\lib\\helpers\\populate\\getModelsMapForPopulate.js:507:17)\n    at getModelsMapForPopulate (D:\\0振涛\\项目\\20250810\\first-yf\\api\\node_modules\\mongoose\\lib\\helpers\\populate\\getModelsMapForPopulate.js:208:7)\n    at _populatePath (D:\\0振涛\\项目\\20250810\\first-yf\\api\\node_modules\\mongoose\\lib\\model.js:4458:21)\n    at Function.populate (D:\\0振涛\\项目\\20250810\\first-yf\\api\\node_modules\\mongoose\\lib\\model.js:4425:21)\n    at D:\\0振涛\\项目\\20250810\\first-yf\\api\\routes\\messages.js:161:54\n    at process.processTicksAndRejections (node:internal/process/task_queues:105:5)","timestamp":"2025-08-12 11:06:31"}
{"level":"info","message":"获取系统消息 - 请求参数: page=1, limit=20, userId=688839f718563bb24b7497f9","timestamp":"2025-08-12 11:06:31"}
{"level":"error","message":"获取系统消息失败: Schema hasn't been registered for model \"User\".\nUse mongoose.model(name, schema)","stack":"MissingSchemaError: Schema hasn't been registered for model \"User\".\nUse mongoose.model(name, schema)\n    at NativeConnection.model (D:\\0振涛\\项目\\20250810\\first-yf\\api\\node_modules\\mongoose\\lib\\connection.js:1493:13)\n    at _getModelFromConn (D:\\0振涛\\项目\\20250810\\first-yf\\api\\node_modules\\mongoose\\lib\\helpers\\populate\\getModelsMapForPopulate.js:579:15)\n    at addModelNamesToMap (D:\\0振涛\\项目\\20250810\\first-yf\\api\\node_modules\\mongoose\\lib\\helpers\\populate\\getModelsMapForPopulate.js:507:17)\n    at getModelsMapForPopulate (D:\\0振涛\\项目\\20250810\\first-yf\\api\\node_modules\\mongoose\\lib\\helpers\\populate\\getModelsMapForPopulate.js:208:7)\n    at _populatePath (D:\\0振涛\\项目\\20250810\\first-yf\\api\\node_modules\\mongoose\\lib\\model.js:4458:21)\n    at Function.populate (D:\\0振涛\\项目\\20250810\\first-yf\\api\\node_modules\\mongoose\\lib\\model.js:4425:21)\n    at model.Query._find (D:\\0振涛\\项目\\20250810\\first-yf\\api\\node_modules\\mongoose\\lib\\query.js:2456:20)\n    at process.processTicksAndRejections (node:internal/process/task_queues:105:5)\n    at async model.Query.exec (D:\\0振涛\\项目\\20250810\\first-yf\\api\\node_modules\\mongoose\\lib\\query.js:4627:63)\n    at async D:\\0振涛\\项目\\20250810\\first-yf\\api\\routes\\messages.js:315:32","timestamp":"2025-08-12 11:06:31"}
{"level":"info","message":"用户 csyh (ID: 688839f718563bb24b7497f9) 已连接 Socket.IO","timestamp":"2025-08-12 11:06:31"}
{"level":"info","message":"用户 csyh (ID: 688839f718563bb24b7497f9) 已断开 Socket.IO 连接","timestamp":"2025-08-12 11:06:34"}
{"level":"info","message":"获取会话列表 - 请求参数: page=1, limit=10, userId=688839f718563bb24b7497f9","timestamp":"2025-08-12 11:06:34"}
{"level":"info","message":"转换后的ObjectId: 688839f718563bb24b7497f9","timestamp":"2025-08-12 11:06:34"}
{"level":"info","message":"聚合查询结果: 1 个会话","timestamp":"2025-08-12 11:06:34"}
{"level":"error","message":"获取私信会话列表失败: Schema hasn't been registered for model \"User\".\nUse mongoose.model(name, schema)","stack":"MissingSchemaError: Schema hasn't been registered for model \"User\".\nUse mongoose.model(name, schema)\n    at NativeConnection.model (D:\\0振涛\\项目\\20250810\\first-yf\\api\\node_modules\\mongoose\\lib\\connection.js:1493:13)\n    at _getModelFromConn (D:\\0振涛\\项目\\20250810\\first-yf\\api\\node_modules\\mongoose\\lib\\helpers\\populate\\getModelsMapForPopulate.js:579:15)\n    at addModelNamesToMap (D:\\0振涛\\项目\\20250810\\first-yf\\api\\node_modules\\mongoose\\lib\\helpers\\populate\\getModelsMapForPopulate.js:507:17)\n    at getModelsMapForPopulate (D:\\0振涛\\项目\\20250810\\first-yf\\api\\node_modules\\mongoose\\lib\\helpers\\populate\\getModelsMapForPopulate.js:208:7)\n    at _populatePath (D:\\0振涛\\项目\\20250810\\first-yf\\api\\node_modules\\mongoose\\lib\\model.js:4458:21)\n    at Function.populate (D:\\0振涛\\项目\\20250810\\first-yf\\api\\node_modules\\mongoose\\lib\\model.js:4425:21)\n    at D:\\0振涛\\项目\\20250810\\first-yf\\api\\routes\\messages.js:161:54\n    at process.processTicksAndRejections (node:internal/process/task_queues:105:5)","timestamp":"2025-08-12 11:06:34"}
{"level":"info","message":"获取系统消息 - 请求参数: page=1, limit=20, userId=688839f718563bb24b7497f9","timestamp":"2025-08-12 11:06:34"}
{"level":"error","message":"获取系统消息失败: Schema hasn't been registered for model \"User\".\nUse mongoose.model(name, schema)","stack":"MissingSchemaError: Schema hasn't been registered for model \"User\".\nUse mongoose.model(name, schema)\n    at NativeConnection.model (D:\\0振涛\\项目\\20250810\\first-yf\\api\\node_modules\\mongoose\\lib\\connection.js:1493:13)\n    at _getModelFromConn (D:\\0振涛\\项目\\20250810\\first-yf\\api\\node_modules\\mongoose\\lib\\helpers\\populate\\getModelsMapForPopulate.js:579:15)\n    at addModelNamesToMap (D:\\0振涛\\项目\\20250810\\first-yf\\api\\node_modules\\mongoose\\lib\\helpers\\populate\\getModelsMapForPopulate.js:507:17)\n    at getModelsMapForPopulate (D:\\0振涛\\项目\\20250810\\first-yf\\api\\node_modules\\mongoose\\lib\\helpers\\populate\\getModelsMapForPopulate.js:208:7)\n    at _populatePath (D:\\0振涛\\项目\\20250810\\first-yf\\api\\node_modules\\mongoose\\lib\\model.js:4458:21)\n    at Function.populate (D:\\0振涛\\项目\\20250810\\first-yf\\api\\node_modules\\mongoose\\lib\\model.js:4425:21)\n    at model.Query._find (D:\\0振涛\\项目\\20250810\\first-yf\\api\\node_modules\\mongoose\\lib\\query.js:2456:20)\n    at process.processTicksAndRejections (node:internal/process/task_queues:105:5)\n    at async model.Query.exec (D:\\0振涛\\项目\\20250810\\first-yf\\api\\node_modules\\mongoose\\lib\\query.js:4627:63)\n    at async D:\\0振涛\\项目\\20250810\\first-yf\\api\\routes\\messages.js:315:32","timestamp":"2025-08-12 11:06:34"}
{"level":"info","message":"用户 csyh (ID: 688839f718563bb24b7497f9) 已连接 Socket.IO","timestamp":"2025-08-12 11:06:34"}
{"level":"info","message":"用户 csyh (ID: 688839f718563bb24b7497f9) 已断开 Socket.IO 连接","timestamp":"2025-08-12 11:06:38"}
{"level":"info","message":"获取会话列表 - 请求参数: page=1, limit=10, userId=688839f718563bb24b7497f9","timestamp":"2025-08-12 11:06:38"}
{"level":"info","message":"转换后的ObjectId: 688839f718563bb24b7497f9","timestamp":"2025-08-12 11:06:38"}
{"level":"info","message":"聚合查询结果: 1 个会话","timestamp":"2025-08-12 11:06:38"}
{"level":"error","message":"获取私信会话列表失败: Schema hasn't been registered for model \"User\".\nUse mongoose.model(name, schema)","stack":"MissingSchemaError: Schema hasn't been registered for model \"User\".\nUse mongoose.model(name, schema)\n    at NativeConnection.model (D:\\0振涛\\项目\\20250810\\first-yf\\api\\node_modules\\mongoose\\lib\\connection.js:1493:13)\n    at _getModelFromConn (D:\\0振涛\\项目\\20250810\\first-yf\\api\\node_modules\\mongoose\\lib\\helpers\\populate\\getModelsMapForPopulate.js:579:15)\n    at addModelNamesToMap (D:\\0振涛\\项目\\20250810\\first-yf\\api\\node_modules\\mongoose\\lib\\helpers\\populate\\getModelsMapForPopulate.js:507:17)\n    at getModelsMapForPopulate (D:\\0振涛\\项目\\20250810\\first-yf\\api\\node_modules\\mongoose\\lib\\helpers\\populate\\getModelsMapForPopulate.js:208:7)\n    at _populatePath (D:\\0振涛\\项目\\20250810\\first-yf\\api\\node_modules\\mongoose\\lib\\model.js:4458:21)\n    at Function.populate (D:\\0振涛\\项目\\20250810\\first-yf\\api\\node_modules\\mongoose\\lib\\model.js:4425:21)\n    at D:\\0振涛\\项目\\20250810\\first-yf\\api\\routes\\messages.js:161:54\n    at process.processTicksAndRejections (node:internal/process/task_queues:105:5)","timestamp":"2025-08-12 11:06:38"}
{"level":"info","message":"获取系统消息 - 请求参数: page=1, limit=20, userId=688839f718563bb24b7497f9","timestamp":"2025-08-12 11:06:38"}
{"level":"error","message":"获取系统消息失败: Schema hasn't been registered for model \"User\".\nUse mongoose.model(name, schema)","stack":"MissingSchemaError: Schema hasn't been registered for model \"User\".\nUse mongoose.model(name, schema)\n    at NativeConnection.model (D:\\0振涛\\项目\\20250810\\first-yf\\api\\node_modules\\mongoose\\lib\\connection.js:1493:13)\n    at _getModelFromConn (D:\\0振涛\\项目\\20250810\\first-yf\\api\\node_modules\\mongoose\\lib\\helpers\\populate\\getModelsMapForPopulate.js:579:15)\n    at addModelNamesToMap (D:\\0振涛\\项目\\20250810\\first-yf\\api\\node_modules\\mongoose\\lib\\helpers\\populate\\getModelsMapForPopulate.js:507:17)\n    at getModelsMapForPopulate (D:\\0振涛\\项目\\20250810\\first-yf\\api\\node_modules\\mongoose\\lib\\helpers\\populate\\getModelsMapForPopulate.js:208:7)\n    at _populatePath (D:\\0振涛\\项目\\20250810\\first-yf\\api\\node_modules\\mongoose\\lib\\model.js:4458:21)\n    at Function.populate (D:\\0振涛\\项目\\20250810\\first-yf\\api\\node_modules\\mongoose\\lib\\model.js:4425:21)\n    at model.Query._find (D:\\0振涛\\项目\\20250810\\first-yf\\api\\node_modules\\mongoose\\lib\\query.js:2456:20)\n    at process.processTicksAndRejections (node:internal/process/task_queues:105:5)\n    at async model.Query.exec (D:\\0振涛\\项目\\20250810\\first-yf\\api\\node_modules\\mongoose\\lib\\query.js:4627:63)\n    at async D:\\0振涛\\项目\\20250810\\first-yf\\api\\routes\\messages.js:315:32","timestamp":"2025-08-12 11:06:38"}
{"level":"info","message":"用户 csyh (ID: 688839f718563bb24b7497f9) 已连接 Socket.IO","timestamp":"2025-08-12 11:06:38"}
{"level":"info","message":"用户 csyh (ID: 688839f718563bb24b7497f9) 已断开 Socket.IO 连接","timestamp":"2025-08-12 11:06:46"}
{"level":"info","message":"获取会话列表 - 请求参数: page=1, limit=10, userId=688839f718563bb24b7497f9","timestamp":"2025-08-12 11:06:46"}
{"level":"info","message":"转换后的ObjectId: 688839f718563bb24b7497f9","timestamp":"2025-08-12 11:06:46"}
{"level":"info","message":"聚合查询结果: 1 个会话","timestamp":"2025-08-12 11:06:46"}
{"level":"error","message":"获取私信会话列表失败: Schema hasn't been registered for model \"User\".\nUse mongoose.model(name, schema)","stack":"MissingSchemaError: Schema hasn't been registered for model \"User\".\nUse mongoose.model(name, schema)\n    at NativeConnection.model (D:\\0振涛\\项目\\20250810\\first-yf\\api\\node_modules\\mongoose\\lib\\connection.js:1493:13)\n    at _getModelFromConn (D:\\0振涛\\项目\\20250810\\first-yf\\api\\node_modules\\mongoose\\lib\\helpers\\populate\\getModelsMapForPopulate.js:579:15)\n    at addModelNamesToMap (D:\\0振涛\\项目\\20250810\\first-yf\\api\\node_modules\\mongoose\\lib\\helpers\\populate\\getModelsMapForPopulate.js:507:17)\n    at getModelsMapForPopulate (D:\\0振涛\\项目\\20250810\\first-yf\\api\\node_modules\\mongoose\\lib\\helpers\\populate\\getModelsMapForPopulate.js:208:7)\n    at _populatePath (D:\\0振涛\\项目\\20250810\\first-yf\\api\\node_modules\\mongoose\\lib\\model.js:4458:21)\n    at Function.populate (D:\\0振涛\\项目\\20250810\\first-yf\\api\\node_modules\\mongoose\\lib\\model.js:4425:21)\n    at D:\\0振涛\\项目\\20250810\\first-yf\\api\\routes\\messages.js:161:54\n    at process.processTicksAndRejections (node:internal/process/task_queues:105:5)","timestamp":"2025-08-12 11:06:46"}
{"level":"info","message":"获取系统消息 - 请求参数: page=1, limit=20, userId=688839f718563bb24b7497f9","timestamp":"2025-08-12 11:06:46"}
{"level":"error","message":"获取系统消息失败: Schema hasn't been registered for model \"User\".\nUse mongoose.model(name, schema)","stack":"MissingSchemaError: Schema hasn't been registered for model \"User\".\nUse mongoose.model(name, schema)\n    at NativeConnection.model (D:\\0振涛\\项目\\20250810\\first-yf\\api\\node_modules\\mongoose\\lib\\connection.js:1493:13)\n    at _getModelFromConn (D:\\0振涛\\项目\\20250810\\first-yf\\api\\node_modules\\mongoose\\lib\\helpers\\populate\\getModelsMapForPopulate.js:579:15)\n    at addModelNamesToMap (D:\\0振涛\\项目\\20250810\\first-yf\\api\\node_modules\\mongoose\\lib\\helpers\\populate\\getModelsMapForPopulate.js:507:17)\n    at getModelsMapForPopulate (D:\\0振涛\\项目\\20250810\\first-yf\\api\\node_modules\\mongoose\\lib\\helpers\\populate\\getModelsMapForPopulate.js:208:7)\n    at _populatePath (D:\\0振涛\\项目\\20250810\\first-yf\\api\\node_modules\\mongoose\\lib\\model.js:4458:21)\n    at Function.populate (D:\\0振涛\\项目\\20250810\\first-yf\\api\\node_modules\\mongoose\\lib\\model.js:4425:21)\n    at model.Query._find (D:\\0振涛\\项目\\20250810\\first-yf\\api\\node_modules\\mongoose\\lib\\query.js:2456:20)\n    at process.processTicksAndRejections (node:internal/process/task_queues:105:5)\n    at async model.Query.exec (D:\\0振涛\\项目\\20250810\\first-yf\\api\\node_modules\\mongoose\\lib\\query.js:4627:63)\n    at async D:\\0振涛\\项目\\20250810\\first-yf\\api\\routes\\messages.js:315:32","timestamp":"2025-08-12 11:06:46"}
{"level":"info","message":"用户 csyh (ID: 688839f718563bb24b7497f9) 已连接 Socket.IO","timestamp":"2025-08-12 11:06:46"}
{"level":"info","message":"用户 csyh (ID: 688839f718563bb24b7497f9) 已断开 Socket.IO 连接","timestamp":"2025-08-12 11:06:59"}
{"level":"info","message":"获取会话列表 - 请求参数: page=1, limit=10, userId=688839f718563bb24b7497f9","timestamp":"2025-08-12 11:06:59"}
{"level":"info","message":"转换后的ObjectId: 688839f718563bb24b7497f9","timestamp":"2025-08-12 11:06:59"}
{"level":"info","message":"获取会话列表 - 请求参数: page=1, limit=10, userId=688839f718563bb24b7497f9","timestamp":"2025-08-12 11:06:59"}
{"level":"info","message":"转换后的ObjectId: 688839f718563bb24b7497f9","timestamp":"2025-08-12 11:06:59"}
{"level":"info","message":"聚合查询结果: 1 个会话","timestamp":"2025-08-12 11:07:00"}
{"level":"error","message":"获取私信会话列表失败: Schema hasn't been registered for model \"User\".\nUse mongoose.model(name, schema)","stack":"MissingSchemaError: Schema hasn't been registered for model \"User\".\nUse mongoose.model(name, schema)\n    at NativeConnection.model (D:\\0振涛\\项目\\20250810\\first-yf\\api\\node_modules\\mongoose\\lib\\connection.js:1493:13)\n    at _getModelFromConn (D:\\0振涛\\项目\\20250810\\first-yf\\api\\node_modules\\mongoose\\lib\\helpers\\populate\\getModelsMapForPopulate.js:579:15)\n    at addModelNamesToMap (D:\\0振涛\\项目\\20250810\\first-yf\\api\\node_modules\\mongoose\\lib\\helpers\\populate\\getModelsMapForPopulate.js:507:17)\n    at getModelsMapForPopulate (D:\\0振涛\\项目\\20250810\\first-yf\\api\\node_modules\\mongoose\\lib\\helpers\\populate\\getModelsMapForPopulate.js:208:7)\n    at _populatePath (D:\\0振涛\\项目\\20250810\\first-yf\\api\\node_modules\\mongoose\\lib\\model.js:4458:21)\n    at Function.populate (D:\\0振涛\\项目\\20250810\\first-yf\\api\\node_modules\\mongoose\\lib\\model.js:4425:21)\n    at D:\\0振涛\\项目\\20250810\\first-yf\\api\\routes\\messages.js:161:54\n    at process.processTicksAndRejections (node:internal/process/task_queues:105:5)","timestamp":"2025-08-12 11:07:00"}
{"level":"info","message":"聚合查询结果: 1 个会话","timestamp":"2025-08-12 11:07:00"}
{"level":"error","message":"获取私信会话列表失败: Schema hasn't been registered for model \"User\".\nUse mongoose.model(name, schema)","stack":"MissingSchemaError: Schema hasn't been registered for model \"User\".\nUse mongoose.model(name, schema)\n    at NativeConnection.model (D:\\0振涛\\项目\\20250810\\first-yf\\api\\node_modules\\mongoose\\lib\\connection.js:1493:13)\n    at _getModelFromConn (D:\\0振涛\\项目\\20250810\\first-yf\\api\\node_modules\\mongoose\\lib\\helpers\\populate\\getModelsMapForPopulate.js:579:15)\n    at addModelNamesToMap (D:\\0振涛\\项目\\20250810\\first-yf\\api\\node_modules\\mongoose\\lib\\helpers\\populate\\getModelsMapForPopulate.js:507:17)\n    at getModelsMapForPopulate (D:\\0振涛\\项目\\20250810\\first-yf\\api\\node_modules\\mongoose\\lib\\helpers\\populate\\getModelsMapForPopulate.js:208:7)\n    at _populatePath (D:\\0振涛\\项目\\20250810\\first-yf\\api\\node_modules\\mongoose\\lib\\model.js:4458:21)\n    at Function.populate (D:\\0振涛\\项目\\20250810\\first-yf\\api\\node_modules\\mongoose\\lib\\model.js:4425:21)\n    at D:\\0振涛\\项目\\20250810\\first-yf\\api\\routes\\messages.js:161:54\n    at process.processTicksAndRejections (node:internal/process/task_queues:105:5)","timestamp":"2025-08-12 11:07:00"}
{"level":"info","message":"获取系统消息 - 请求参数: page=1, limit=20, userId=688839f718563bb24b7497f9","timestamp":"2025-08-12 11:07:00"}
{"level":"info","message":"获取系统消息 - 请求参数: page=1, limit=20, userId=688839f718563bb24b7497f9","timestamp":"2025-08-12 11:07:00"}
{"level":"error","message":"获取系统消息失败: Schema hasn't been registered for model \"User\".\nUse mongoose.model(name, schema)","stack":"MissingSchemaError: Schema hasn't been registered for model \"User\".\nUse mongoose.model(name, schema)\n    at NativeConnection.model (D:\\0振涛\\项目\\20250810\\first-yf\\api\\node_modules\\mongoose\\lib\\connection.js:1493:13)\n    at _getModelFromConn (D:\\0振涛\\项目\\20250810\\first-yf\\api\\node_modules\\mongoose\\lib\\helpers\\populate\\getModelsMapForPopulate.js:579:15)\n    at addModelNamesToMap (D:\\0振涛\\项目\\20250810\\first-yf\\api\\node_modules\\mongoose\\lib\\helpers\\populate\\getModelsMapForPopulate.js:507:17)\n    at getModelsMapForPopulate (D:\\0振涛\\项目\\20250810\\first-yf\\api\\node_modules\\mongoose\\lib\\helpers\\populate\\getModelsMapForPopulate.js:208:7)\n    at _populatePath (D:\\0振涛\\项目\\20250810\\first-yf\\api\\node_modules\\mongoose\\lib\\model.js:4458:21)\n    at Function.populate (D:\\0振涛\\项目\\20250810\\first-yf\\api\\node_modules\\mongoose\\lib\\model.js:4425:21)\n    at model.Query._find (D:\\0振涛\\项目\\20250810\\first-yf\\api\\node_modules\\mongoose\\lib\\query.js:2456:20)\n    at process.processTicksAndRejections (node:internal/process/task_queues:105:5)\n    at async model.Query.exec (D:\\0振涛\\项目\\20250810\\first-yf\\api\\node_modules\\mongoose\\lib\\query.js:4627:63)\n    at async D:\\0振涛\\项目\\20250810\\first-yf\\api\\routes\\messages.js:315:32","timestamp":"2025-08-12 11:07:00"}
{"level":"error","message":"获取系统消息失败: Schema hasn't been registered for model \"User\".\nUse mongoose.model(name, schema)","stack":"MissingSchemaError: Schema hasn't been registered for model \"User\".\nUse mongoose.model(name, schema)\n    at NativeConnection.model (D:\\0振涛\\项目\\20250810\\first-yf\\api\\node_modules\\mongoose\\lib\\connection.js:1493:13)\n    at _getModelFromConn (D:\\0振涛\\项目\\20250810\\first-yf\\api\\node_modules\\mongoose\\lib\\helpers\\populate\\getModelsMapForPopulate.js:579:15)\n    at addModelNamesToMap (D:\\0振涛\\项目\\20250810\\first-yf\\api\\node_modules\\mongoose\\lib\\helpers\\populate\\getModelsMapForPopulate.js:507:17)\n    at getModelsMapForPopulate (D:\\0振涛\\项目\\20250810\\first-yf\\api\\node_modules\\mongoose\\lib\\helpers\\populate\\getModelsMapForPopulate.js:208:7)\n    at _populatePath (D:\\0振涛\\项目\\20250810\\first-yf\\api\\node_modules\\mongoose\\lib\\model.js:4458:21)\n    at Function.populate (D:\\0振涛\\项目\\20250810\\first-yf\\api\\node_modules\\mongoose\\lib\\model.js:4425:21)\n    at model.Query._find (D:\\0振涛\\项目\\20250810\\first-yf\\api\\node_modules\\mongoose\\lib\\query.js:2456:20)\n    at process.processTicksAndRejections (node:internal/process/task_queues:105:5)\n    at async model.Query.exec (D:\\0振涛\\项目\\20250810\\first-yf\\api\\node_modules\\mongoose\\lib\\query.js:4627:63)\n    at async D:\\0振涛\\项目\\20250810\\first-yf\\api\\routes\\messages.js:315:32","timestamp":"2025-08-12 11:07:00"}
{"level":"info","message":"用户 csyh (ID: 688839f718563bb24b7497f9) 已连接 Socket.IO","timestamp":"2025-08-12 11:07:00"}
{"level":"info","message":"用户 csyh (ID: 688839f718563bb24b7497f9) 已断开 Socket.IO 连接","timestamp":"2025-08-12 11:07:00"}
{"level":"info","message":"获取会话列表 - 请求参数: page=1, limit=10, userId=688839f718563bb24b7497f9","timestamp":"2025-08-12 11:07:01"}
{"level":"info","message":"转换后的ObjectId: 688839f718563bb24b7497f9","timestamp":"2025-08-12 11:07:01"}
{"level":"info","message":"聚合查询结果: 1 个会话","timestamp":"2025-08-12 11:07:01"}
{"level":"error","message":"获取私信会话列表失败: Schema hasn't been registered for model \"User\".\nUse mongoose.model(name, schema)","stack":"MissingSchemaError: Schema hasn't been registered for model \"User\".\nUse mongoose.model(name, schema)\n    at NativeConnection.model (D:\\0振涛\\项目\\20250810\\first-yf\\api\\node_modules\\mongoose\\lib\\connection.js:1493:13)\n    at _getModelFromConn (D:\\0振涛\\项目\\20250810\\first-yf\\api\\node_modules\\mongoose\\lib\\helpers\\populate\\getModelsMapForPopulate.js:579:15)\n    at addModelNamesToMap (D:\\0振涛\\项目\\20250810\\first-yf\\api\\node_modules\\mongoose\\lib\\helpers\\populate\\getModelsMapForPopulate.js:507:17)\n    at getModelsMapForPopulate (D:\\0振涛\\项目\\20250810\\first-yf\\api\\node_modules\\mongoose\\lib\\helpers\\populate\\getModelsMapForPopulate.js:208:7)\n    at _populatePath (D:\\0振涛\\项目\\20250810\\first-yf\\api\\node_modules\\mongoose\\lib\\model.js:4458:21)\n    at Function.populate (D:\\0振涛\\项目\\20250810\\first-yf\\api\\node_modules\\mongoose\\lib\\model.js:4425:21)\n    at D:\\0振涛\\项目\\20250810\\first-yf\\api\\routes\\messages.js:161:54\n    at process.processTicksAndRejections (node:internal/process/task_queues:105:5)","timestamp":"2025-08-12 11:07:01"}
{"level":"info","message":"获取系统消息 - 请求参数: page=1, limit=20, userId=688839f718563bb24b7497f9","timestamp":"2025-08-12 11:07:01"}
{"level":"error","message":"获取系统消息失败: Schema hasn't been registered for model \"User\".\nUse mongoose.model(name, schema)","stack":"MissingSchemaError: Schema hasn't been registered for model \"User\".\nUse mongoose.model(name, schema)\n    at NativeConnection.model (D:\\0振涛\\项目\\20250810\\first-yf\\api\\node_modules\\mongoose\\lib\\connection.js:1493:13)\n    at _getModelFromConn (D:\\0振涛\\项目\\20250810\\first-yf\\api\\node_modules\\mongoose\\lib\\helpers\\populate\\getModelsMapForPopulate.js:579:15)\n    at addModelNamesToMap (D:\\0振涛\\项目\\20250810\\first-yf\\api\\node_modules\\mongoose\\lib\\helpers\\populate\\getModelsMapForPopulate.js:507:17)\n    at getModelsMapForPopulate (D:\\0振涛\\项目\\20250810\\first-yf\\api\\node_modules\\mongoose\\lib\\helpers\\populate\\getModelsMapForPopulate.js:208:7)\n    at _populatePath (D:\\0振涛\\项目\\20250810\\first-yf\\api\\node_modules\\mongoose\\lib\\model.js:4458:21)\n    at Function.populate (D:\\0振涛\\项目\\20250810\\first-yf\\api\\node_modules\\mongoose\\lib\\model.js:4425:21)\n    at model.Query._find (D:\\0振涛\\项目\\20250810\\first-yf\\api\\node_modules\\mongoose\\lib\\query.js:2456:20)\n    at process.processTicksAndRejections (node:internal/process/task_queues:105:5)\n    at async model.Query.exec (D:\\0振涛\\项目\\20250810\\first-yf\\api\\node_modules\\mongoose\\lib\\query.js:4627:63)\n    at async D:\\0振涛\\项目\\20250810\\first-yf\\api\\routes\\messages.js:315:32","timestamp":"2025-08-12 11:07:01"}
{"level":"info","message":"用户 csyh (ID: 688839f718563bb24b7497f9) 已连接 Socket.IO","timestamp":"2025-08-12 11:07:01"}
{"level":"info","message":"用户 csyh (ID: 688839f718563bb24b7497f9) 已断开 Socket.IO 连接","timestamp":"2025-08-12 11:07:07"}
{"level":"info","message":"获取会话列表 - 请求参数: page=1, limit=10, userId=688839f718563bb24b7497f9","timestamp":"2025-08-12 11:07:08"}
{"level":"info","message":"转换后的ObjectId: 688839f718563bb24b7497f9","timestamp":"2025-08-12 11:07:08"}
{"level":"info","message":"获取会话列表 - 请求参数: page=1, limit=10, userId=688839f718563bb24b7497f9","timestamp":"2025-08-12 11:07:08"}
{"level":"info","message":"转换后的ObjectId: 688839f718563bb24b7497f9","timestamp":"2025-08-12 11:07:08"}
{"level":"info","message":"聚合查询结果: 1 个会话","timestamp":"2025-08-12 11:07:08"}
{"level":"error","message":"获取私信会话列表失败: Schema hasn't been registered for model \"User\".\nUse mongoose.model(name, schema)","stack":"MissingSchemaError: Schema hasn't been registered for model \"User\".\nUse mongoose.model(name, schema)\n    at NativeConnection.model (D:\\0振涛\\项目\\20250810\\first-yf\\api\\node_modules\\mongoose\\lib\\connection.js:1493:13)\n    at _getModelFromConn (D:\\0振涛\\项目\\20250810\\first-yf\\api\\node_modules\\mongoose\\lib\\helpers\\populate\\getModelsMapForPopulate.js:579:15)\n    at addModelNamesToMap (D:\\0振涛\\项目\\20250810\\first-yf\\api\\node_modules\\mongoose\\lib\\helpers\\populate\\getModelsMapForPopulate.js:507:17)\n    at getModelsMapForPopulate (D:\\0振涛\\项目\\20250810\\first-yf\\api\\node_modules\\mongoose\\lib\\helpers\\populate\\getModelsMapForPopulate.js:208:7)\n    at _populatePath (D:\\0振涛\\项目\\20250810\\first-yf\\api\\node_modules\\mongoose\\lib\\model.js:4458:21)\n    at Function.populate (D:\\0振涛\\项目\\20250810\\first-yf\\api\\node_modules\\mongoose\\lib\\model.js:4425:21)\n    at D:\\0振涛\\项目\\20250810\\first-yf\\api\\routes\\messages.js:161:54\n    at process.processTicksAndRejections (node:internal/process/task_queues:105:5)","timestamp":"2025-08-12 11:07:08"}
{"level":"info","message":"获取系统消息 - 请求参数: page=1, limit=20, userId=688839f718563bb24b7497f9","timestamp":"2025-08-12 11:07:08"}
{"level":"info","message":"聚合查询结果: 1 个会话","timestamp":"2025-08-12 11:07:08"}
{"level":"error","message":"获取私信会话列表失败: Schema hasn't been registered for model \"User\".\nUse mongoose.model(name, schema)","stack":"MissingSchemaError: Schema hasn't been registered for model \"User\".\nUse mongoose.model(name, schema)\n    at NativeConnection.model (D:\\0振涛\\项目\\20250810\\first-yf\\api\\node_modules\\mongoose\\lib\\connection.js:1493:13)\n    at _getModelFromConn (D:\\0振涛\\项目\\20250810\\first-yf\\api\\node_modules\\mongoose\\lib\\helpers\\populate\\getModelsMapForPopulate.js:579:15)\n    at addModelNamesToMap (D:\\0振涛\\项目\\20250810\\first-yf\\api\\node_modules\\mongoose\\lib\\helpers\\populate\\getModelsMapForPopulate.js:507:17)\n    at getModelsMapForPopulate (D:\\0振涛\\项目\\20250810\\first-yf\\api\\node_modules\\mongoose\\lib\\helpers\\populate\\getModelsMapForPopulate.js:208:7)\n    at _populatePath (D:\\0振涛\\项目\\20250810\\first-yf\\api\\node_modules\\mongoose\\lib\\model.js:4458:21)\n    at Function.populate (D:\\0振涛\\项目\\20250810\\first-yf\\api\\node_modules\\mongoose\\lib\\model.js:4425:21)\n    at D:\\0振涛\\项目\\20250810\\first-yf\\api\\routes\\messages.js:161:54\n    at process.processTicksAndRejections (node:internal/process/task_queues:105:5)","timestamp":"2025-08-12 11:07:08"}
{"level":"info","message":"获取系统消息 - 请求参数: page=1, limit=20, userId=688839f718563bb24b7497f9","timestamp":"2025-08-12 11:07:08"}
{"level":"error","message":"获取系统消息失败: Schema hasn't been registered for model \"User\".\nUse mongoose.model(name, schema)","stack":"MissingSchemaError: Schema hasn't been registered for model \"User\".\nUse mongoose.model(name, schema)\n    at NativeConnection.model (D:\\0振涛\\项目\\20250810\\first-yf\\api\\node_modules\\mongoose\\lib\\connection.js:1493:13)\n    at _getModelFromConn (D:\\0振涛\\项目\\20250810\\first-yf\\api\\node_modules\\mongoose\\lib\\helpers\\populate\\getModelsMapForPopulate.js:579:15)\n    at addModelNamesToMap (D:\\0振涛\\项目\\20250810\\first-yf\\api\\node_modules\\mongoose\\lib\\helpers\\populate\\getModelsMapForPopulate.js:507:17)\n    at getModelsMapForPopulate (D:\\0振涛\\项目\\20250810\\first-yf\\api\\node_modules\\mongoose\\lib\\helpers\\populate\\getModelsMapForPopulate.js:208:7)\n    at _populatePath (D:\\0振涛\\项目\\20250810\\first-yf\\api\\node_modules\\mongoose\\lib\\model.js:4458:21)\n    at Function.populate (D:\\0振涛\\项目\\20250810\\first-yf\\api\\node_modules\\mongoose\\lib\\model.js:4425:21)\n    at model.Query._find (D:\\0振涛\\项目\\20250810\\first-yf\\api\\node_modules\\mongoose\\lib\\query.js:2456:20)\n    at process.processTicksAndRejections (node:internal/process/task_queues:105:5)\n    at async model.Query.exec (D:\\0振涛\\项目\\20250810\\first-yf\\api\\node_modules\\mongoose\\lib\\query.js:4627:63)\n    at async D:\\0振涛\\项目\\20250810\\first-yf\\api\\routes\\messages.js:315:32","timestamp":"2025-08-12 11:07:08"}
{"level":"error","message":"获取系统消息失败: Schema hasn't been registered for model \"User\".\nUse mongoose.model(name, schema)","stack":"MissingSchemaError: Schema hasn't been registered for model \"User\".\nUse mongoose.model(name, schema)\n    at NativeConnection.model (D:\\0振涛\\项目\\20250810\\first-yf\\api\\node_modules\\mongoose\\lib\\connection.js:1493:13)\n    at _getModelFromConn (D:\\0振涛\\项目\\20250810\\first-yf\\api\\node_modules\\mongoose\\lib\\helpers\\populate\\getModelsMapForPopulate.js:579:15)\n    at addModelNamesToMap (D:\\0振涛\\项目\\20250810\\first-yf\\api\\node_modules\\mongoose\\lib\\helpers\\populate\\getModelsMapForPopulate.js:507:17)\n    at getModelsMapForPopulate (D:\\0振涛\\项目\\20250810\\first-yf\\api\\node_modules\\mongoose\\lib\\helpers\\populate\\getModelsMapForPopulate.js:208:7)\n    at _populatePath (D:\\0振涛\\项目\\20250810\\first-yf\\api\\node_modules\\mongoose\\lib\\model.js:4458:21)\n    at Function.populate (D:\\0振涛\\项目\\20250810\\first-yf\\api\\node_modules\\mongoose\\lib\\model.js:4425:21)\n    at model.Query._find (D:\\0振涛\\项目\\20250810\\first-yf\\api\\node_modules\\mongoose\\lib\\query.js:2456:20)\n    at process.processTicksAndRejections (node:internal/process/task_queues:105:5)\n    at async model.Query.exec (D:\\0振涛\\项目\\20250810\\first-yf\\api\\node_modules\\mongoose\\lib\\query.js:4627:63)\n    at async D:\\0振涛\\项目\\20250810\\first-yf\\api\\routes\\messages.js:315:32","timestamp":"2025-08-12 11:07:08"}
{"level":"info","message":"用户 csyh (ID: 688839f718563bb24b7497f9) 已连接 Socket.IO","timestamp":"2025-08-12 11:07:08"}
{"level":"info","message":"用户 csyh (ID: 688839f718563bb24b7497f9) 已断开 Socket.IO 连接","timestamp":"2025-08-12 11:07:09"}
{"level":"info","message":"用户 csyh (ID: 688839f718563bb24b7497f9) 已连接 Socket.IO","timestamp":"2025-08-12 11:07:09"}
{"level":"info","message":"用户 csyh (ID: 688839f718563bb24b7497f9) 已断开 Socket.IO 连接","timestamp":"2025-08-12 11:10:30"}
{"level":"info","message":"获取会话列表 - 请求参数: page=1, limit=10, userId=688839f718563bb24b7497f9","timestamp":"2025-08-12 11:10:31"}
{"level":"info","message":"转换后的ObjectId: 688839f718563bb24b7497f9","timestamp":"2025-08-12 11:10:31"}
{"level":"info","message":"获取会话列表 - 请求参数: page=1, limit=10, userId=688839f718563bb24b7497f9","timestamp":"2025-08-12 11:10:31"}
{"level":"info","message":"转换后的ObjectId: 688839f718563bb24b7497f9","timestamp":"2025-08-12 11:10:31"}
{"level":"info","message":"聚合查询结果: 1 个会话","timestamp":"2025-08-12 11:10:31"}
{"level":"error","message":"获取私信会话列表失败: Schema hasn't been registered for model \"User\".\nUse mongoose.model(name, schema)","stack":"MissingSchemaError: Schema hasn't been registered for model \"User\".\nUse mongoose.model(name, schema)\n    at NativeConnection.model (D:\\0振涛\\项目\\20250810\\first-yf\\api\\node_modules\\mongoose\\lib\\connection.js:1493:13)\n    at _getModelFromConn (D:\\0振涛\\项目\\20250810\\first-yf\\api\\node_modules\\mongoose\\lib\\helpers\\populate\\getModelsMapForPopulate.js:579:15)\n    at addModelNamesToMap (D:\\0振涛\\项目\\20250810\\first-yf\\api\\node_modules\\mongoose\\lib\\helpers\\populate\\getModelsMapForPopulate.js:507:17)\n    at getModelsMapForPopulate (D:\\0振涛\\项目\\20250810\\first-yf\\api\\node_modules\\mongoose\\lib\\helpers\\populate\\getModelsMapForPopulate.js:208:7)\n    at _populatePath (D:\\0振涛\\项目\\20250810\\first-yf\\api\\node_modules\\mongoose\\lib\\model.js:4458:21)\n    at Function.populate (D:\\0振涛\\项目\\20250810\\first-yf\\api\\node_modules\\mongoose\\lib\\model.js:4425:21)\n    at D:\\0振涛\\项目\\20250810\\first-yf\\api\\routes\\messages.js:161:54\n    at process.processTicksAndRejections (node:internal/process/task_queues:105:5)","timestamp":"2025-08-12 11:10:31"}
{"level":"info","message":"聚合查询结果: 1 个会话","timestamp":"2025-08-12 11:10:31"}
{"level":"error","message":"获取私信会话列表失败: Schema hasn't been registered for model \"User\".\nUse mongoose.model(name, schema)","stack":"MissingSchemaError: Schema hasn't been registered for model \"User\".\nUse mongoose.model(name, schema)\n    at NativeConnection.model (D:\\0振涛\\项目\\20250810\\first-yf\\api\\node_modules\\mongoose\\lib\\connection.js:1493:13)\n    at _getModelFromConn (D:\\0振涛\\项目\\20250810\\first-yf\\api\\node_modules\\mongoose\\lib\\helpers\\populate\\getModelsMapForPopulate.js:579:15)\n    at addModelNamesToMap (D:\\0振涛\\项目\\20250810\\first-yf\\api\\node_modules\\mongoose\\lib\\helpers\\populate\\getModelsMapForPopulate.js:507:17)\n    at getModelsMapForPopulate (D:\\0振涛\\项目\\20250810\\first-yf\\api\\node_modules\\mongoose\\lib\\helpers\\populate\\getModelsMapForPopulate.js:208:7)\n    at _populatePath (D:\\0振涛\\项目\\20250810\\first-yf\\api\\node_modules\\mongoose\\lib\\model.js:4458:21)\n    at Function.populate (D:\\0振涛\\项目\\20250810\\first-yf\\api\\node_modules\\mongoose\\lib\\model.js:4425:21)\n    at D:\\0振涛\\项目\\20250810\\first-yf\\api\\routes\\messages.js:161:54\n    at process.processTicksAndRejections (node:internal/process/task_queues:105:5)","timestamp":"2025-08-12 11:10:31"}
{"level":"info","message":"获取系统消息 - 请求参数: page=1, limit=20, userId=688839f718563bb24b7497f9","timestamp":"2025-08-12 11:10:31"}
{"level":"info","message":"获取系统消息 - 请求参数: page=1, limit=20, userId=688839f718563bb24b7497f9","timestamp":"2025-08-12 11:10:31"}
{"level":"error","message":"获取系统消息失败: Schema hasn't been registered for model \"User\".\nUse mongoose.model(name, schema)","stack":"MissingSchemaError: Schema hasn't been registered for model \"User\".\nUse mongoose.model(name, schema)\n    at NativeConnection.model (D:\\0振涛\\项目\\20250810\\first-yf\\api\\node_modules\\mongoose\\lib\\connection.js:1493:13)\n    at _getModelFromConn (D:\\0振涛\\项目\\20250810\\first-yf\\api\\node_modules\\mongoose\\lib\\helpers\\populate\\getModelsMapForPopulate.js:579:15)\n    at addModelNamesToMap (D:\\0振涛\\项目\\20250810\\first-yf\\api\\node_modules\\mongoose\\lib\\helpers\\populate\\getModelsMapForPopulate.js:507:17)\n    at getModelsMapForPopulate (D:\\0振涛\\项目\\20250810\\first-yf\\api\\node_modules\\mongoose\\lib\\helpers\\populate\\getModelsMapForPopulate.js:208:7)\n    at _populatePath (D:\\0振涛\\项目\\20250810\\first-yf\\api\\node_modules\\mongoose\\lib\\model.js:4458:21)\n    at Function.populate (D:\\0振涛\\项目\\20250810\\first-yf\\api\\node_modules\\mongoose\\lib\\model.js:4425:21)\n    at model.Query._find (D:\\0振涛\\项目\\20250810\\first-yf\\api\\node_modules\\mongoose\\lib\\query.js:2456:20)\n    at process.processTicksAndRejections (node:internal/process/task_queues:105:5)\n    at async model.Query.exec (D:\\0振涛\\项目\\20250810\\first-yf\\api\\node_modules\\mongoose\\lib\\query.js:4627:63)\n    at async D:\\0振涛\\项目\\20250810\\first-yf\\api\\routes\\messages.js:315:32","timestamp":"2025-08-12 11:10:31"}
{"level":"error","message":"获取系统消息失败: Schema hasn't been registered for model \"User\".\nUse mongoose.model(name, schema)","stack":"MissingSchemaError: Schema hasn't been registered for model \"User\".\nUse mongoose.model(name, schema)\n    at NativeConnection.model (D:\\0振涛\\项目\\20250810\\first-yf\\api\\node_modules\\mongoose\\lib\\connection.js:1493:13)\n    at _getModelFromConn (D:\\0振涛\\项目\\20250810\\first-yf\\api\\node_modules\\mongoose\\lib\\helpers\\populate\\getModelsMapForPopulate.js:579:15)\n    at addModelNamesToMap (D:\\0振涛\\项目\\20250810\\first-yf\\api\\node_modules\\mongoose\\lib\\helpers\\populate\\getModelsMapForPopulate.js:507:17)\n    at getModelsMapForPopulate (D:\\0振涛\\项目\\20250810\\first-yf\\api\\node_modules\\mongoose\\lib\\helpers\\populate\\getModelsMapForPopulate.js:208:7)\n    at _populatePath (D:\\0振涛\\项目\\20250810\\first-yf\\api\\node_modules\\mongoose\\lib\\model.js:4458:21)\n    at Function.populate (D:\\0振涛\\项目\\20250810\\first-yf\\api\\node_modules\\mongoose\\lib\\model.js:4425:21)\n    at model.Query._find (D:\\0振涛\\项目\\20250810\\first-yf\\api\\node_modules\\mongoose\\lib\\query.js:2456:20)\n    at process.processTicksAndRejections (node:internal/process/task_queues:105:5)\n    at async model.Query.exec (D:\\0振涛\\项目\\20250810\\first-yf\\api\\node_modules\\mongoose\\lib\\query.js:4627:63)\n    at async D:\\0振涛\\项目\\20250810\\first-yf\\api\\routes\\messages.js:315:32","timestamp":"2025-08-12 11:10:31"}
{"level":"info","message":"用户 csyh (ID: 688839f718563bb24b7497f9) 已连接 Socket.IO","timestamp":"2025-08-12 11:10:32"}
{"level":"info","message":"用户 csyh (ID: 688839f718563bb24b7497f9) 已断开 Socket.IO 连接","timestamp":"2025-08-12 11:13:23"}
{"level":"info","message":"获取会话列表 - 请求参数: page=1, limit=10, userId=688839f718563bb24b7497f9","timestamp":"2025-08-12 11:13:41"}
{"level":"info","message":"转换后的ObjectId: 688839f718563bb24b7497f9","timestamp":"2025-08-12 11:13:41"}
{"level":"info","message":"获取会话列表 - 请求参数: page=1, limit=10, userId=688839f718563bb24b7497f9","timestamp":"2025-08-12 11:13:41"}
{"level":"info","message":"转换后的ObjectId: 688839f718563bb24b7497f9","timestamp":"2025-08-12 11:13:41"}
{"level":"info","message":"聚合查询结果: 1 个会话","timestamp":"2025-08-12 11:13:41"}
{"level":"error","message":"获取私信会话列表失败: Schema hasn't been registered for model \"User\".\nUse mongoose.model(name, schema)","stack":"MissingSchemaError: Schema hasn't been registered for model \"User\".\nUse mongoose.model(name, schema)\n    at NativeConnection.model (D:\\0振涛\\项目\\20250810\\first-yf\\api\\node_modules\\mongoose\\lib\\connection.js:1493:13)\n    at _getModelFromConn (D:\\0振涛\\项目\\20250810\\first-yf\\api\\node_modules\\mongoose\\lib\\helpers\\populate\\getModelsMapForPopulate.js:579:15)\n    at addModelNamesToMap (D:\\0振涛\\项目\\20250810\\first-yf\\api\\node_modules\\mongoose\\lib\\helpers\\populate\\getModelsMapForPopulate.js:507:17)\n    at getModelsMapForPopulate (D:\\0振涛\\项目\\20250810\\first-yf\\api\\node_modules\\mongoose\\lib\\helpers\\populate\\getModelsMapForPopulate.js:208:7)\n    at _populatePath (D:\\0振涛\\项目\\20250810\\first-yf\\api\\node_modules\\mongoose\\lib\\model.js:4458:21)\n    at Function.populate (D:\\0振涛\\项目\\20250810\\first-yf\\api\\node_modules\\mongoose\\lib\\model.js:4425:21)\n    at D:\\0振涛\\项目\\20250810\\first-yf\\api\\routes\\messages.js:161:54\n    at process.processTicksAndRejections (node:internal/process/task_queues:105:5)","timestamp":"2025-08-12 11:13:41"}
{"level":"info","message":"聚合查询结果: 1 个会话","timestamp":"2025-08-12 11:13:41"}
{"level":"error","message":"获取私信会话列表失败: Schema hasn't been registered for model \"User\".\nUse mongoose.model(name, schema)","stack":"MissingSchemaError: Schema hasn't been registered for model \"User\".\nUse mongoose.model(name, schema)\n    at NativeConnection.model (D:\\0振涛\\项目\\20250810\\first-yf\\api\\node_modules\\mongoose\\lib\\connection.js:1493:13)\n    at _getModelFromConn (D:\\0振涛\\项目\\20250810\\first-yf\\api\\node_modules\\mongoose\\lib\\helpers\\populate\\getModelsMapForPopulate.js:579:15)\n    at addModelNamesToMap (D:\\0振涛\\项目\\20250810\\first-yf\\api\\node_modules\\mongoose\\lib\\helpers\\populate\\getModelsMapForPopulate.js:507:17)\n    at getModelsMapForPopulate (D:\\0振涛\\项目\\20250810\\first-yf\\api\\node_modules\\mongoose\\lib\\helpers\\populate\\getModelsMapForPopulate.js:208:7)\n    at _populatePath (D:\\0振涛\\项目\\20250810\\first-yf\\api\\node_modules\\mongoose\\lib\\model.js:4458:21)\n    at Function.populate (D:\\0振涛\\项目\\20250810\\first-yf\\api\\node_modules\\mongoose\\lib\\model.js:4425:21)\n    at D:\\0振涛\\项目\\20250810\\first-yf\\api\\routes\\messages.js:161:54\n    at process.processTicksAndRejections (node:internal/process/task_queues:105:5)","timestamp":"2025-08-12 11:13:41"}
{"level":"info","message":"获取系统消息 - 请求参数: page=1, limit=20, userId=688839f718563bb24b7497f9","timestamp":"2025-08-12 11:13:41"}
{"level":"info","message":"获取系统消息 - 请求参数: page=1, limit=20, userId=688839f718563bb24b7497f9","timestamp":"2025-08-12 11:13:41"}
{"level":"error","message":"获取系统消息失败: Schema hasn't been registered for model \"User\".\nUse mongoose.model(name, schema)","stack":"MissingSchemaError: Schema hasn't been registered for model \"User\".\nUse mongoose.model(name, schema)\n    at NativeConnection.model (D:\\0振涛\\项目\\20250810\\first-yf\\api\\node_modules\\mongoose\\lib\\connection.js:1493:13)\n    at _getModelFromConn (D:\\0振涛\\项目\\20250810\\first-yf\\api\\node_modules\\mongoose\\lib\\helpers\\populate\\getModelsMapForPopulate.js:579:15)\n    at addModelNamesToMap (D:\\0振涛\\项目\\20250810\\first-yf\\api\\node_modules\\mongoose\\lib\\helpers\\populate\\getModelsMapForPopulate.js:507:17)\n    at getModelsMapForPopulate (D:\\0振涛\\项目\\20250810\\first-yf\\api\\node_modules\\mongoose\\lib\\helpers\\populate\\getModelsMapForPopulate.js:208:7)\n    at _populatePath (D:\\0振涛\\项目\\20250810\\first-yf\\api\\node_modules\\mongoose\\lib\\model.js:4458:21)\n    at Function.populate (D:\\0振涛\\项目\\20250810\\first-yf\\api\\node_modules\\mongoose\\lib\\model.js:4425:21)\n    at model.Query._find (D:\\0振涛\\项目\\20250810\\first-yf\\api\\node_modules\\mongoose\\lib\\query.js:2456:20)\n    at process.processTicksAndRejections (node:internal/process/task_queues:105:5)\n    at async model.Query.exec (D:\\0振涛\\项目\\20250810\\first-yf\\api\\node_modules\\mongoose\\lib\\query.js:4627:63)\n    at async D:\\0振涛\\项目\\20250810\\first-yf\\api\\routes\\messages.js:315:32","timestamp":"2025-08-12 11:13:41"}
{"level":"error","message":"获取系统消息失败: Schema hasn't been registered for model \"User\".\nUse mongoose.model(name, schema)","stack":"MissingSchemaError: Schema hasn't been registered for model \"User\".\nUse mongoose.model(name, schema)\n    at NativeConnection.model (D:\\0振涛\\项目\\20250810\\first-yf\\api\\node_modules\\mongoose\\lib\\connection.js:1493:13)\n    at _getModelFromConn (D:\\0振涛\\项目\\20250810\\first-yf\\api\\node_modules\\mongoose\\lib\\helpers\\populate\\getModelsMapForPopulate.js:579:15)\n    at addModelNamesToMap (D:\\0振涛\\项目\\20250810\\first-yf\\api\\node_modules\\mongoose\\lib\\helpers\\populate\\getModelsMapForPopulate.js:507:17)\n    at getModelsMapForPopulate (D:\\0振涛\\项目\\20250810\\first-yf\\api\\node_modules\\mongoose\\lib\\helpers\\populate\\getModelsMapForPopulate.js:208:7)\n    at _populatePath (D:\\0振涛\\项目\\20250810\\first-yf\\api\\node_modules\\mongoose\\lib\\model.js:4458:21)\n    at Function.populate (D:\\0振涛\\项目\\20250810\\first-yf\\api\\node_modules\\mongoose\\lib\\model.js:4425:21)\n    at model.Query._find (D:\\0振涛\\项目\\20250810\\first-yf\\api\\node_modules\\mongoose\\lib\\query.js:2456:20)\n    at process.processTicksAndRejections (node:internal/process/task_queues:105:5)\n    at async model.Query.exec (D:\\0振涛\\项目\\20250810\\first-yf\\api\\node_modules\\mongoose\\lib\\query.js:4627:63)\n    at async D:\\0振涛\\项目\\20250810\\first-yf\\api\\routes\\messages.js:315:32","timestamp":"2025-08-12 11:13:41"}
{"level":"info","message":"用户 csyh (ID: 688839f718563bb24b7497f9) 已连接 Socket.IO","timestamp":"2025-08-12 11:13:41"}
{"level":"info","message":"用户 csyh (ID: 688839f718563bb24b7497f9) 已断开 Socket.IO 连接","timestamp":"2025-08-12 11:13:43"}
{"level":"info","message":"获取会话列表 - 请求参数: page=1, limit=10, userId=688839f718563bb24b7497f9","timestamp":"2025-08-12 11:13:44"}
{"level":"info","message":"转换后的ObjectId: 688839f718563bb24b7497f9","timestamp":"2025-08-12 11:13:44"}
{"level":"info","message":"获取会话列表 - 请求参数: page=1, limit=10, userId=688839f718563bb24b7497f9","timestamp":"2025-08-12 11:13:44"}
{"level":"info","message":"转换后的ObjectId: 688839f718563bb24b7497f9","timestamp":"2025-08-12 11:13:44"}
{"level":"info","message":"聚合查询结果: 1 个会话","timestamp":"2025-08-12 11:13:44"}
{"level":"error","message":"获取私信会话列表失败: Schema hasn't been registered for model \"User\".\nUse mongoose.model(name, schema)","stack":"MissingSchemaError: Schema hasn't been registered for model \"User\".\nUse mongoose.model(name, schema)\n    at NativeConnection.model (D:\\0振涛\\项目\\20250810\\first-yf\\api\\node_modules\\mongoose\\lib\\connection.js:1493:13)\n    at _getModelFromConn (D:\\0振涛\\项目\\20250810\\first-yf\\api\\node_modules\\mongoose\\lib\\helpers\\populate\\getModelsMapForPopulate.js:579:15)\n    at addModelNamesToMap (D:\\0振涛\\项目\\20250810\\first-yf\\api\\node_modules\\mongoose\\lib\\helpers\\populate\\getModelsMapForPopulate.js:507:17)\n    at getModelsMapForPopulate (D:\\0振涛\\项目\\20250810\\first-yf\\api\\node_modules\\mongoose\\lib\\helpers\\populate\\getModelsMapForPopulate.js:208:7)\n    at _populatePath (D:\\0振涛\\项目\\20250810\\first-yf\\api\\node_modules\\mongoose\\lib\\model.js:4458:21)\n    at Function.populate (D:\\0振涛\\项目\\20250810\\first-yf\\api\\node_modules\\mongoose\\lib\\model.js:4425:21)\n    at D:\\0振涛\\项目\\20250810\\first-yf\\api\\routes\\messages.js:161:54\n    at process.processTicksAndRejections (node:internal/process/task_queues:105:5)","timestamp":"2025-08-12 11:13:44"}
{"level":"info","message":"聚合查询结果: 1 个会话","timestamp":"2025-08-12 11:13:44"}
{"level":"error","message":"获取私信会话列表失败: Schema hasn't been registered for model \"User\".\nUse mongoose.model(name, schema)","stack":"MissingSchemaError: Schema hasn't been registered for model \"User\".\nUse mongoose.model(name, schema)\n    at NativeConnection.model (D:\\0振涛\\项目\\20250810\\first-yf\\api\\node_modules\\mongoose\\lib\\connection.js:1493:13)\n    at _getModelFromConn (D:\\0振涛\\项目\\20250810\\first-yf\\api\\node_modules\\mongoose\\lib\\helpers\\populate\\getModelsMapForPopulate.js:579:15)\n    at addModelNamesToMap (D:\\0振涛\\项目\\20250810\\first-yf\\api\\node_modules\\mongoose\\lib\\helpers\\populate\\getModelsMapForPopulate.js:507:17)\n    at getModelsMapForPopulate (D:\\0振涛\\项目\\20250810\\first-yf\\api\\node_modules\\mongoose\\lib\\helpers\\populate\\getModelsMapForPopulate.js:208:7)\n    at _populatePath (D:\\0振涛\\项目\\20250810\\first-yf\\api\\node_modules\\mongoose\\lib\\model.js:4458:21)\n    at Function.populate (D:\\0振涛\\项目\\20250810\\first-yf\\api\\node_modules\\mongoose\\lib\\model.js:4425:21)\n    at D:\\0振涛\\项目\\20250810\\first-yf\\api\\routes\\messages.js:161:54\n    at process.processTicksAndRejections (node:internal/process/task_queues:105:5)","timestamp":"2025-08-12 11:13:44"}
{"level":"info","message":"获取系统消息 - 请求参数: page=1, limit=20, userId=688839f718563bb24b7497f9","timestamp":"2025-08-12 11:13:44"}
{"level":"info","message":"获取系统消息 - 请求参数: page=1, limit=20, userId=688839f718563bb24b7497f9","timestamp":"2025-08-12 11:13:44"}
{"level":"error","message":"获取系统消息失败: Schema hasn't been registered for model \"User\".\nUse mongoose.model(name, schema)","stack":"MissingSchemaError: Schema hasn't been registered for model \"User\".\nUse mongoose.model(name, schema)\n    at NativeConnection.model (D:\\0振涛\\项目\\20250810\\first-yf\\api\\node_modules\\mongoose\\lib\\connection.js:1493:13)\n    at _getModelFromConn (D:\\0振涛\\项目\\20250810\\first-yf\\api\\node_modules\\mongoose\\lib\\helpers\\populate\\getModelsMapForPopulate.js:579:15)\n    at addModelNamesToMap (D:\\0振涛\\项目\\20250810\\first-yf\\api\\node_modules\\mongoose\\lib\\helpers\\populate\\getModelsMapForPopulate.js:507:17)\n    at getModelsMapForPopulate (D:\\0振涛\\项目\\20250810\\first-yf\\api\\node_modules\\mongoose\\lib\\helpers\\populate\\getModelsMapForPopulate.js:208:7)\n    at _populatePath (D:\\0振涛\\项目\\20250810\\first-yf\\api\\node_modules\\mongoose\\lib\\model.js:4458:21)\n    at Function.populate (D:\\0振涛\\项目\\20250810\\first-yf\\api\\node_modules\\mongoose\\lib\\model.js:4425:21)\n    at model.Query._find (D:\\0振涛\\项目\\20250810\\first-yf\\api\\node_modules\\mongoose\\lib\\query.js:2456:20)\n    at process.processTicksAndRejections (node:internal/process/task_queues:105:5)\n    at async model.Query.exec (D:\\0振涛\\项目\\20250810\\first-yf\\api\\node_modules\\mongoose\\lib\\query.js:4627:63)\n    at async D:\\0振涛\\项目\\20250810\\first-yf\\api\\routes\\messages.js:315:32","timestamp":"2025-08-12 11:13:44"}
{"level":"error","message":"获取系统消息失败: Schema hasn't been registered for model \"User\".\nUse mongoose.model(name, schema)","stack":"MissingSchemaError: Schema hasn't been registered for model \"User\".\nUse mongoose.model(name, schema)\n    at NativeConnection.model (D:\\0振涛\\项目\\20250810\\first-yf\\api\\node_modules\\mongoose\\lib\\connection.js:1493:13)\n    at _getModelFromConn (D:\\0振涛\\项目\\20250810\\first-yf\\api\\node_modules\\mongoose\\lib\\helpers\\populate\\getModelsMapForPopulate.js:579:15)\n    at addModelNamesToMap (D:\\0振涛\\项目\\20250810\\first-yf\\api\\node_modules\\mongoose\\lib\\helpers\\populate\\getModelsMapForPopulate.js:507:17)\n    at getModelsMapForPopulate (D:\\0振涛\\项目\\20250810\\first-yf\\api\\node_modules\\mongoose\\lib\\helpers\\populate\\getModelsMapForPopulate.js:208:7)\n    at _populatePath (D:\\0振涛\\项目\\20250810\\first-yf\\api\\node_modules\\mongoose\\lib\\model.js:4458:21)\n    at Function.populate (D:\\0振涛\\项目\\20250810\\first-yf\\api\\node_modules\\mongoose\\lib\\model.js:4425:21)\n    at model.Query._find (D:\\0振涛\\项目\\20250810\\first-yf\\api\\node_modules\\mongoose\\lib\\query.js:2456:20)\n    at process.processTicksAndRejections (node:internal/process/task_queues:105:5)\n    at async model.Query.exec (D:\\0振涛\\项目\\20250810\\first-yf\\api\\node_modules\\mongoose\\lib\\query.js:4627:63)\n    at async D:\\0振涛\\项目\\20250810\\first-yf\\api\\routes\\messages.js:315:32","timestamp":"2025-08-12 11:13:44"}
{"level":"info","message":"用户 csyh (ID: 688839f718563bb24b7497f9) 已连接 Socket.IO","timestamp":"2025-08-12 11:13:44"}
{"level":"info","message":"Socket.IO 服务器已启动","timestamp":"2025-08-12 11:15:21"}
{"level":"info","message":"获取会话列表 - 请求参数: page=1, limit=10, userId=688839f718563bb24b7497f9","timestamp":"2025-08-12 11:15:46"}
{"level":"info","message":"转换后的ObjectId: 688839f718563bb24b7497f9","timestamp":"2025-08-12 11:15:46"}
{"level":"info","message":"获取会话列表 - 请求参数: page=1, limit=10, userId=688839f718563bb24b7497f9","timestamp":"2025-08-12 11:15:46"}
{"level":"info","message":"转换后的ObjectId: 688839f718563bb24b7497f9","timestamp":"2025-08-12 11:15:46"}
{"level":"info","message":"聚合查询结果: 1 个会话","timestamp":"2025-08-12 11:15:46"}
{"level":"error","message":"获取私信会话列表失败: Schema hasn't been registered for model \"User\".\nUse mongoose.model(name, schema)","stack":"MissingSchemaError: Schema hasn't been registered for model \"User\".\nUse mongoose.model(name, schema)\n    at NativeConnection.model (D:\\0振涛\\项目\\20250810\\first-yf\\api\\node_modules\\mongoose\\lib\\connection.js:1493:13)\n    at _getModelFromConn (D:\\0振涛\\项目\\20250810\\first-yf\\api\\node_modules\\mongoose\\lib\\helpers\\populate\\getModelsMapForPopulate.js:579:15)\n    at addModelNamesToMap (D:\\0振涛\\项目\\20250810\\first-yf\\api\\node_modules\\mongoose\\lib\\helpers\\populate\\getModelsMapForPopulate.js:507:17)\n    at getModelsMapForPopulate (D:\\0振涛\\项目\\20250810\\first-yf\\api\\node_modules\\mongoose\\lib\\helpers\\populate\\getModelsMapForPopulate.js:208:7)\n    at _populatePath (D:\\0振涛\\项目\\20250810\\first-yf\\api\\node_modules\\mongoose\\lib\\model.js:4458:21)\n    at Function.populate (D:\\0振涛\\项目\\20250810\\first-yf\\api\\node_modules\\mongoose\\lib\\model.js:4425:21)\n    at D:\\0振涛\\项目\\20250810\\first-yf\\api\\routes\\messages.js:161:54\n    at process.processTicksAndRejections (node:internal/process/task_queues:105:5)","timestamp":"2025-08-12 11:15:46"}
{"level":"info","message":"聚合查询结果: 1 个会话","timestamp":"2025-08-12 11:15:46"}
{"level":"error","message":"获取私信会话列表失败: Schema hasn't been registered for model \"User\".\nUse mongoose.model(name, schema)","stack":"MissingSchemaError: Schema hasn't been registered for model \"User\".\nUse mongoose.model(name, schema)\n    at NativeConnection.model (D:\\0振涛\\项目\\20250810\\first-yf\\api\\node_modules\\mongoose\\lib\\connection.js:1493:13)\n    at _getModelFromConn (D:\\0振涛\\项目\\20250810\\first-yf\\api\\node_modules\\mongoose\\lib\\helpers\\populate\\getModelsMapForPopulate.js:579:15)\n    at addModelNamesToMap (D:\\0振涛\\项目\\20250810\\first-yf\\api\\node_modules\\mongoose\\lib\\helpers\\populate\\getModelsMapForPopulate.js:507:17)\n    at getModelsMapForPopulate (D:\\0振涛\\项目\\20250810\\first-yf\\api\\node_modules\\mongoose\\lib\\helpers\\populate\\getModelsMapForPopulate.js:208:7)\n    at _populatePath (D:\\0振涛\\项目\\20250810\\first-yf\\api\\node_modules\\mongoose\\lib\\model.js:4458:21)\n    at Function.populate (D:\\0振涛\\项目\\20250810\\first-yf\\api\\node_modules\\mongoose\\lib\\model.js:4425:21)\n    at D:\\0振涛\\项目\\20250810\\first-yf\\api\\routes\\messages.js:161:54\n    at process.processTicksAndRejections (node:internal/process/task_queues:105:5)","timestamp":"2025-08-12 11:15:46"}
{"level":"info","message":"获取系统消息 - 请求参数: page=1, limit=20, userId=688839f718563bb24b7497f9","timestamp":"2025-08-12 11:15:46"}
{"level":"info","message":"获取系统消息 - 请求参数: page=1, limit=20, userId=688839f718563bb24b7497f9","timestamp":"2025-08-12 11:15:46"}
{"level":"error","message":"获取系统消息失败: Schema hasn't been registered for model \"User\".\nUse mongoose.model(name, schema)","stack":"MissingSchemaError: Schema hasn't been registered for model \"User\".\nUse mongoose.model(name, schema)\n    at NativeConnection.model (D:\\0振涛\\项目\\20250810\\first-yf\\api\\node_modules\\mongoose\\lib\\connection.js:1493:13)\n    at _getModelFromConn (D:\\0振涛\\项目\\20250810\\first-yf\\api\\node_modules\\mongoose\\lib\\helpers\\populate\\getModelsMapForPopulate.js:579:15)\n    at addModelNamesToMap (D:\\0振涛\\项目\\20250810\\first-yf\\api\\node_modules\\mongoose\\lib\\helpers\\populate\\getModelsMapForPopulate.js:507:17)\n    at getModelsMapForPopulate (D:\\0振涛\\项目\\20250810\\first-yf\\api\\node_modules\\mongoose\\lib\\helpers\\populate\\getModelsMapForPopulate.js:208:7)\n    at _populatePath (D:\\0振涛\\项目\\20250810\\first-yf\\api\\node_modules\\mongoose\\lib\\model.js:4458:21)\n    at Function.populate (D:\\0振涛\\项目\\20250810\\first-yf\\api\\node_modules\\mongoose\\lib\\model.js:4425:21)\n    at model.Query._find (D:\\0振涛\\项目\\20250810\\first-yf\\api\\node_modules\\mongoose\\lib\\query.js:2456:20)\n    at process.processTicksAndRejections (node:internal/process/task_queues:105:5)\n    at async model.Query.exec (D:\\0振涛\\项目\\20250810\\first-yf\\api\\node_modules\\mongoose\\lib\\query.js:4627:63)\n    at async D:\\0振涛\\项目\\20250810\\first-yf\\api\\routes\\messages.js:315:32","timestamp":"2025-08-12 11:15:46"}
{"level":"error","message":"获取系统消息失败: Schema hasn't been registered for model \"User\".\nUse mongoose.model(name, schema)","stack":"MissingSchemaError: Schema hasn't been registered for model \"User\".\nUse mongoose.model(name, schema)\n    at NativeConnection.model (D:\\0振涛\\项目\\20250810\\first-yf\\api\\node_modules\\mongoose\\lib\\connection.js:1493:13)\n    at _getModelFromConn (D:\\0振涛\\项目\\20250810\\first-yf\\api\\node_modules\\mongoose\\lib\\helpers\\populate\\getModelsMapForPopulate.js:579:15)\n    at addModelNamesToMap (D:\\0振涛\\项目\\20250810\\first-yf\\api\\node_modules\\mongoose\\lib\\helpers\\populate\\getModelsMapForPopulate.js:507:17)\n    at getModelsMapForPopulate (D:\\0振涛\\项目\\20250810\\first-yf\\api\\node_modules\\mongoose\\lib\\helpers\\populate\\getModelsMapForPopulate.js:208:7)\n    at _populatePath (D:\\0振涛\\项目\\20250810\\first-yf\\api\\node_modules\\mongoose\\lib\\model.js:4458:21)\n    at Function.populate (D:\\0振涛\\项目\\20250810\\first-yf\\api\\node_modules\\mongoose\\lib\\model.js:4425:21)\n    at model.Query._find (D:\\0振涛\\项目\\20250810\\first-yf\\api\\node_modules\\mongoose\\lib\\query.js:2456:20)\n    at process.processTicksAndRejections (node:internal/process/task_queues:105:5)\n    at async model.Query.exec (D:\\0振涛\\项目\\20250810\\first-yf\\api\\node_modules\\mongoose\\lib\\query.js:4627:63)\n    at async D:\\0振涛\\项目\\20250810\\first-yf\\api\\routes\\messages.js:315:32","timestamp":"2025-08-12 11:15:46"}
{"level":"info","message":"用户 csyh (ID: 688839f718563bb24b7497f9) 已连接 Socket.IO","timestamp":"2025-08-12 11:15:46"}
{"level":"info","message":"Socket.IO 服务器已启动","timestamp":"2025-08-12 11:18:33"}
{"level":"info","message":"用户 csyh (ID: 688839f718563bb24b7497f9) 已连接 Socket.IO","timestamp":"2025-08-12 11:18:33"}
{"level":"info","message":"用户 csyh (ID: 688839f718563bb24b7497f9) 已连接 Socket.IO","timestamp":"2025-08-12 11:18:38"}
{"level":"info","message":"用户 csyh (ID: 688839f718563bb24b7497f9) 已断开 Socket.IO 连接","timestamp":"2025-08-12 11:18:45"}
{"level":"info","message":"用户 csyh (ID: 688839f718563bb24b7497f9) 已断开 Socket.IO 连接","timestamp":"2025-08-12 11:18:45"}
{"level":"info","message":"获取会话列表 - 请求参数: page=1, limit=10, userId=688839f718563bb24b7497f9","timestamp":"2025-08-12 11:18:46"}
{"level":"info","message":"转换后的ObjectId: 688839f718563bb24b7497f9","timestamp":"2025-08-12 11:18:46"}
{"level":"info","message":"获取会话列表 - 请求参数: page=1, limit=10, userId=688839f718563bb24b7497f9","timestamp":"2025-08-12 11:18:46"}
{"level":"info","message":"转换后的ObjectId: 688839f718563bb24b7497f9","timestamp":"2025-08-12 11:18:46"}
{"level":"info","message":"聚合查询结果: 1 个会话","timestamp":"2025-08-12 11:18:46"}
{"level":"error","message":"获取私信会话列表失败: Schema hasn't been registered for model \"User\".\nUse mongoose.model(name, schema)","stack":"MissingSchemaError: Schema hasn't been registered for model \"User\".\nUse mongoose.model(name, schema)\n    at NativeConnection.model (D:\\0振涛\\项目\\20250810\\first-yf\\api\\node_modules\\mongoose\\lib\\connection.js:1493:13)\n    at _getModelFromConn (D:\\0振涛\\项目\\20250810\\first-yf\\api\\node_modules\\mongoose\\lib\\helpers\\populate\\getModelsMapForPopulate.js:579:15)\n    at addModelNamesToMap (D:\\0振涛\\项目\\20250810\\first-yf\\api\\node_modules\\mongoose\\lib\\helpers\\populate\\getModelsMapForPopulate.js:507:17)\n    at getModelsMapForPopulate (D:\\0振涛\\项目\\20250810\\first-yf\\api\\node_modules\\mongoose\\lib\\helpers\\populate\\getModelsMapForPopulate.js:208:7)\n    at _populatePath (D:\\0振涛\\项目\\20250810\\first-yf\\api\\node_modules\\mongoose\\lib\\model.js:4458:21)\n    at Function.populate (D:\\0振涛\\项目\\20250810\\first-yf\\api\\node_modules\\mongoose\\lib\\model.js:4425:21)\n    at D:\\0振涛\\项目\\20250810\\first-yf\\api\\routes\\messages.js:161:54\n    at process.processTicksAndRejections (node:internal/process/task_queues:105:5)","timestamp":"2025-08-12 11:18:46"}
{"level":"info","message":"获取系统消息 - 请求参数: page=1, limit=20, userId=688839f718563bb24b7497f9","timestamp":"2025-08-12 11:18:46"}
{"level":"info","message":"聚合查询结果: 1 个会话","timestamp":"2025-08-12 11:18:46"}
{"level":"error","message":"获取私信会话列表失败: Schema hasn't been registered for model \"User\".\nUse mongoose.model(name, schema)","stack":"MissingSchemaError: Schema hasn't been registered for model \"User\".\nUse mongoose.model(name, schema)\n    at NativeConnection.model (D:\\0振涛\\项目\\20250810\\first-yf\\api\\node_modules\\mongoose\\lib\\connection.js:1493:13)\n    at _getModelFromConn (D:\\0振涛\\项目\\20250810\\first-yf\\api\\node_modules\\mongoose\\lib\\helpers\\populate\\getModelsMapForPopulate.js:579:15)\n    at addModelNamesToMap (D:\\0振涛\\项目\\20250810\\first-yf\\api\\node_modules\\mongoose\\lib\\helpers\\populate\\getModelsMapForPopulate.js:507:17)\n    at getModelsMapForPopulate (D:\\0振涛\\项目\\20250810\\first-yf\\api\\node_modules\\mongoose\\lib\\helpers\\populate\\getModelsMapForPopulate.js:208:7)\n    at _populatePath (D:\\0振涛\\项目\\20250810\\first-yf\\api\\node_modules\\mongoose\\lib\\model.js:4458:21)\n    at Function.populate (D:\\0振涛\\项目\\20250810\\first-yf\\api\\node_modules\\mongoose\\lib\\model.js:4425:21)\n    at D:\\0振涛\\项目\\20250810\\first-yf\\api\\routes\\messages.js:161:54\n    at process.processTicksAndRejections (node:internal/process/task_queues:105:5)","timestamp":"2025-08-12 11:18:46"}
{"level":"info","message":"获取系统消息 - 请求参数: page=1, limit=20, userId=688839f718563bb24b7497f9","timestamp":"2025-08-12 11:18:46"}
{"level":"error","message":"获取系统消息失败: Schema hasn't been registered for model \"User\".\nUse mongoose.model(name, schema)","stack":"MissingSchemaError: Schema hasn't been registered for model \"User\".\nUse mongoose.model(name, schema)\n    at NativeConnection.model (D:\\0振涛\\项目\\20250810\\first-yf\\api\\node_modules\\mongoose\\lib\\connection.js:1493:13)\n    at _getModelFromConn (D:\\0振涛\\项目\\20250810\\first-yf\\api\\node_modules\\mongoose\\lib\\helpers\\populate\\getModelsMapForPopulate.js:579:15)\n    at addModelNamesToMap (D:\\0振涛\\项目\\20250810\\first-yf\\api\\node_modules\\mongoose\\lib\\helpers\\populate\\getModelsMapForPopulate.js:507:17)\n    at getModelsMapForPopulate (D:\\0振涛\\项目\\20250810\\first-yf\\api\\node_modules\\mongoose\\lib\\helpers\\populate\\getModelsMapForPopulate.js:208:7)\n    at _populatePath (D:\\0振涛\\项目\\20250810\\first-yf\\api\\node_modules\\mongoose\\lib\\model.js:4458:21)\n    at Function.populate (D:\\0振涛\\项目\\20250810\\first-yf\\api\\node_modules\\mongoose\\lib\\model.js:4425:21)\n    at model.Query._find (D:\\0振涛\\项目\\20250810\\first-yf\\api\\node_modules\\mongoose\\lib\\query.js:2456:20)\n    at process.processTicksAndRejections (node:internal/process/task_queues:105:5)\n    at async model.Query.exec (D:\\0振涛\\项目\\20250810\\first-yf\\api\\node_modules\\mongoose\\lib\\query.js:4627:63)\n    at async D:\\0振涛\\项目\\20250810\\first-yf\\api\\routes\\messages.js:315:32","timestamp":"2025-08-12 11:18:46"}
{"level":"error","message":"获取系统消息失败: Schema hasn't been registered for model \"User\".\nUse mongoose.model(name, schema)","stack":"MissingSchemaError: Schema hasn't been registered for model \"User\".\nUse mongoose.model(name, schema)\n    at NativeConnection.model (D:\\0振涛\\项目\\20250810\\first-yf\\api\\node_modules\\mongoose\\lib\\connection.js:1493:13)\n    at _getModelFromConn (D:\\0振涛\\项目\\20250810\\first-yf\\api\\node_modules\\mongoose\\lib\\helpers\\populate\\getModelsMapForPopulate.js:579:15)\n    at addModelNamesToMap (D:\\0振涛\\项目\\20250810\\first-yf\\api\\node_modules\\mongoose\\lib\\helpers\\populate\\getModelsMapForPopulate.js:507:17)\n    at getModelsMapForPopulate (D:\\0振涛\\项目\\20250810\\first-yf\\api\\node_modules\\mongoose\\lib\\helpers\\populate\\getModelsMapForPopulate.js:208:7)\n    at _populatePath (D:\\0振涛\\项目\\20250810\\first-yf\\api\\node_modules\\mongoose\\lib\\model.js:4458:21)\n    at Function.populate (D:\\0振涛\\项目\\20250810\\first-yf\\api\\node_modules\\mongoose\\lib\\model.js:4425:21)\n    at model.Query._find (D:\\0振涛\\项目\\20250810\\first-yf\\api\\node_modules\\mongoose\\lib\\query.js:2456:20)\n    at process.processTicksAndRejections (node:internal/process/task_queues:105:5)\n    at async model.Query.exec (D:\\0振涛\\项目\\20250810\\first-yf\\api\\node_modules\\mongoose\\lib\\query.js:4627:63)\n    at async D:\\0振涛\\项目\\20250810\\first-yf\\api\\routes\\messages.js:315:32","timestamp":"2025-08-12 11:18:46"}
{"level":"info","message":"用户 csyh (ID: 688839f718563bb24b7497f9) 已连接 Socket.IO","timestamp":"2025-08-12 11:18:46"}
{"level":"info","message":"用户 csyh (ID: 688839f718563bb24b7497f9) 已断开 Socket.IO 连接","timestamp":"2025-08-12 11:18:46"}
{"level":"info","message":"用户 csyh (ID: 688839f718563bb24b7497f9) 已连接 Socket.IO","timestamp":"2025-08-12 11:18:47"}
{"level":"info","message":"用户 csyh (ID: 688839f718563bb24b7497f9) 已断开 Socket.IO 连接","timestamp":"2025-08-12 11:23:04"}
{"level":"info","message":"获取会话列表 - 请求参数: page=1, limit=10, userId=688839f718563bb24b7497f9","timestamp":"2025-08-12 11:23:04"}
{"level":"info","message":"转换后的ObjectId: 688839f718563bb24b7497f9","timestamp":"2025-08-12 11:23:04"}
{"level":"info","message":"聚合查询结果: 1 个会话","timestamp":"2025-08-12 11:23:04"}
{"level":"error","message":"获取私信会话列表失败: Schema hasn't been registered for model \"User\".\nUse mongoose.model(name, schema)","stack":"MissingSchemaError: Schema hasn't been registered for model \"User\".\nUse mongoose.model(name, schema)\n    at NativeConnection.model (D:\\0振涛\\项目\\20250810\\first-yf\\api\\node_modules\\mongoose\\lib\\connection.js:1493:13)\n    at _getModelFromConn (D:\\0振涛\\项目\\20250810\\first-yf\\api\\node_modules\\mongoose\\lib\\helpers\\populate\\getModelsMapForPopulate.js:579:15)\n    at addModelNamesToMap (D:\\0振涛\\项目\\20250810\\first-yf\\api\\node_modules\\mongoose\\lib\\helpers\\populate\\getModelsMapForPopulate.js:507:17)\n    at getModelsMapForPopulate (D:\\0振涛\\项目\\20250810\\first-yf\\api\\node_modules\\mongoose\\lib\\helpers\\populate\\getModelsMapForPopulate.js:208:7)\n    at _populatePath (D:\\0振涛\\项目\\20250810\\first-yf\\api\\node_modules\\mongoose\\lib\\model.js:4458:21)\n    at Function.populate (D:\\0振涛\\项目\\20250810\\first-yf\\api\\node_modules\\mongoose\\lib\\model.js:4425:21)\n    at D:\\0振涛\\项目\\20250810\\first-yf\\api\\routes\\messages.js:161:54\n    at process.processTicksAndRejections (node:internal/process/task_queues:105:5)","timestamp":"2025-08-12 11:23:04"}
{"level":"info","message":"获取系统消息 - 请求参数: page=1, limit=20, userId=688839f718563bb24b7497f9","timestamp":"2025-08-12 11:23:04"}
{"level":"error","message":"获取系统消息失败: Schema hasn't been registered for model \"User\".\nUse mongoose.model(name, schema)","stack":"MissingSchemaError: Schema hasn't been registered for model \"User\".\nUse mongoose.model(name, schema)\n    at NativeConnection.model (D:\\0振涛\\项目\\20250810\\first-yf\\api\\node_modules\\mongoose\\lib\\connection.js:1493:13)\n    at _getModelFromConn (D:\\0振涛\\项目\\20250810\\first-yf\\api\\node_modules\\mongoose\\lib\\helpers\\populate\\getModelsMapForPopulate.js:579:15)\n    at addModelNamesToMap (D:\\0振涛\\项目\\20250810\\first-yf\\api\\node_modules\\mongoose\\lib\\helpers\\populate\\getModelsMapForPopulate.js:507:17)\n    at getModelsMapForPopulate (D:\\0振涛\\项目\\20250810\\first-yf\\api\\node_modules\\mongoose\\lib\\helpers\\populate\\getModelsMapForPopulate.js:208:7)\n    at _populatePath (D:\\0振涛\\项目\\20250810\\first-yf\\api\\node_modules\\mongoose\\lib\\model.js:4458:21)\n    at Function.populate (D:\\0振涛\\项目\\20250810\\first-yf\\api\\node_modules\\mongoose\\lib\\model.js:4425:21)\n    at model.Query._find (D:\\0振涛\\项目\\20250810\\first-yf\\api\\node_modules\\mongoose\\lib\\query.js:2456:20)\n    at process.processTicksAndRejections (node:internal/process/task_queues:105:5)\n    at async model.Query.exec (D:\\0振涛\\项目\\20250810\\first-yf\\api\\node_modules\\mongoose\\lib\\query.js:4627:63)\n    at async D:\\0振涛\\项目\\20250810\\first-yf\\api\\routes\\messages.js:315:32","timestamp":"2025-08-12 11:23:04"}
{"level":"info","message":"用户 csyh (ID: 688839f718563bb24b7497f9) 已连接 Socket.IO","timestamp":"2025-08-12 11:23:04"}
{"level":"info","message":"用户 csyh (ID: 688839f718563bb24b7497f9) 已断开 Socket.IO 连接","timestamp":"2025-08-12 11:23:22"}
{"level":"info","message":"获取会话列表 - 请求参数: page=1, limit=10, userId=688839f718563bb24b7497f9","timestamp":"2025-08-12 11:23:22"}
{"level":"info","message":"转换后的ObjectId: 688839f718563bb24b7497f9","timestamp":"2025-08-12 11:23:22"}
{"level":"info","message":"聚合查询结果: 1 个会话","timestamp":"2025-08-12 11:23:22"}
{"level":"error","message":"获取私信会话列表失败: Schema hasn't been registered for model \"User\".\nUse mongoose.model(name, schema)","stack":"MissingSchemaError: Schema hasn't been registered for model \"User\".\nUse mongoose.model(name, schema)\n    at NativeConnection.model (D:\\0振涛\\项目\\20250810\\first-yf\\api\\node_modules\\mongoose\\lib\\connection.js:1493:13)\n    at _getModelFromConn (D:\\0振涛\\项目\\20250810\\first-yf\\api\\node_modules\\mongoose\\lib\\helpers\\populate\\getModelsMapForPopulate.js:579:15)\n    at addModelNamesToMap (D:\\0振涛\\项目\\20250810\\first-yf\\api\\node_modules\\mongoose\\lib\\helpers\\populate\\getModelsMapForPopulate.js:507:17)\n    at getModelsMapForPopulate (D:\\0振涛\\项目\\20250810\\first-yf\\api\\node_modules\\mongoose\\lib\\helpers\\populate\\getModelsMapForPopulate.js:208:7)\n    at _populatePath (D:\\0振涛\\项目\\20250810\\first-yf\\api\\node_modules\\mongoose\\lib\\model.js:4458:21)\n    at Function.populate (D:\\0振涛\\项目\\20250810\\first-yf\\api\\node_modules\\mongoose\\lib\\model.js:4425:21)\n    at D:\\0振涛\\项目\\20250810\\first-yf\\api\\routes\\messages.js:161:54\n    at process.processTicksAndRejections (node:internal/process/task_queues:105:5)","timestamp":"2025-08-12 11:23:22"}
{"level":"info","message":"获取系统消息 - 请求参数: page=1, limit=20, userId=688839f718563bb24b7497f9","timestamp":"2025-08-12 11:23:22"}
{"level":"error","message":"获取系统消息失败: Schema hasn't been registered for model \"User\".\nUse mongoose.model(name, schema)","stack":"MissingSchemaError: Schema hasn't been registered for model \"User\".\nUse mongoose.model(name, schema)\n    at NativeConnection.model (D:\\0振涛\\项目\\20250810\\first-yf\\api\\node_modules\\mongoose\\lib\\connection.js:1493:13)\n    at _getModelFromConn (D:\\0振涛\\项目\\20250810\\first-yf\\api\\node_modules\\mongoose\\lib\\helpers\\populate\\getModelsMapForPopulate.js:579:15)\n    at addModelNamesToMap (D:\\0振涛\\项目\\20250810\\first-yf\\api\\node_modules\\mongoose\\lib\\helpers\\populate\\getModelsMapForPopulate.js:507:17)\n    at getModelsMapForPopulate (D:\\0振涛\\项目\\20250810\\first-yf\\api\\node_modules\\mongoose\\lib\\helpers\\populate\\getModelsMapForPopulate.js:208:7)\n    at _populatePath (D:\\0振涛\\项目\\20250810\\first-yf\\api\\node_modules\\mongoose\\lib\\model.js:4458:21)\n    at Function.populate (D:\\0振涛\\项目\\20250810\\first-yf\\api\\node_modules\\mongoose\\lib\\model.js:4425:21)\n    at model.Query._find (D:\\0振涛\\项目\\20250810\\first-yf\\api\\node_modules\\mongoose\\lib\\query.js:2456:20)\n    at process.processTicksAndRejections (node:internal/process/task_queues:105:5)\n    at async model.Query.exec (D:\\0振涛\\项目\\20250810\\first-yf\\api\\node_modules\\mongoose\\lib\\query.js:4627:63)\n    at async D:\\0振涛\\项目\\20250810\\first-yf\\api\\routes\\messages.js:315:32","timestamp":"2025-08-12 11:23:22"}
{"level":"info","message":"用户 csyh (ID: 688839f718563bb24b7497f9) 已连接 Socket.IO","timestamp":"2025-08-12 11:23:22"}
{"level":"info","message":"用户 csyh (ID: 688839f718563bb24b7497f9) 已断开 Socket.IO 连接","timestamp":"2025-08-12 11:23:23"}
{"level":"info","message":"获取会话列表 - 请求参数: page=1, limit=10, userId=688839f718563bb24b7497f9","timestamp":"2025-08-12 11:23:23"}
{"level":"info","message":"转换后的ObjectId: 688839f718563bb24b7497f9","timestamp":"2025-08-12 11:23:23"}
{"level":"info","message":"聚合查询结果: 1 个会话","timestamp":"2025-08-12 11:23:23"}
{"level":"error","message":"获取私信会话列表失败: Schema hasn't been registered for model \"User\".\nUse mongoose.model(name, schema)","stack":"MissingSchemaError: Schema hasn't been registered for model \"User\".\nUse mongoose.model(name, schema)\n    at NativeConnection.model (D:\\0振涛\\项目\\20250810\\first-yf\\api\\node_modules\\mongoose\\lib\\connection.js:1493:13)\n    at _getModelFromConn (D:\\0振涛\\项目\\20250810\\first-yf\\api\\node_modules\\mongoose\\lib\\helpers\\populate\\getModelsMapForPopulate.js:579:15)\n    at addModelNamesToMap (D:\\0振涛\\项目\\20250810\\first-yf\\api\\node_modules\\mongoose\\lib\\helpers\\populate\\getModelsMapForPopulate.js:507:17)\n    at getModelsMapForPopulate (D:\\0振涛\\项目\\20250810\\first-yf\\api\\node_modules\\mongoose\\lib\\helpers\\populate\\getModelsMapForPopulate.js:208:7)\n    at _populatePath (D:\\0振涛\\项目\\20250810\\first-yf\\api\\node_modules\\mongoose\\lib\\model.js:4458:21)\n    at Function.populate (D:\\0振涛\\项目\\20250810\\first-yf\\api\\node_modules\\mongoose\\lib\\model.js:4425:21)\n    at D:\\0振涛\\项目\\20250810\\first-yf\\api\\routes\\messages.js:161:54\n    at process.processTicksAndRejections (node:internal/process/task_queues:105:5)","timestamp":"2025-08-12 11:23:23"}
{"level":"info","message":"获取系统消息 - 请求参数: page=1, limit=20, userId=688839f718563bb24b7497f9","timestamp":"2025-08-12 11:23:23"}
{"level":"error","message":"获取系统消息失败: Schema hasn't been registered for model \"User\".\nUse mongoose.model(name, schema)","stack":"MissingSchemaError: Schema hasn't been registered for model \"User\".\nUse mongoose.model(name, schema)\n    at NativeConnection.model (D:\\0振涛\\项目\\20250810\\first-yf\\api\\node_modules\\mongoose\\lib\\connection.js:1493:13)\n    at _getModelFromConn (D:\\0振涛\\项目\\20250810\\first-yf\\api\\node_modules\\mongoose\\lib\\helpers\\populate\\getModelsMapForPopulate.js:579:15)\n    at addModelNamesToMap (D:\\0振涛\\项目\\20250810\\first-yf\\api\\node_modules\\mongoose\\lib\\helpers\\populate\\getModelsMapForPopulate.js:507:17)\n    at getModelsMapForPopulate (D:\\0振涛\\项目\\20250810\\first-yf\\api\\node_modules\\mongoose\\lib\\helpers\\populate\\getModelsMapForPopulate.js:208:7)\n    at _populatePath (D:\\0振涛\\项目\\20250810\\first-yf\\api\\node_modules\\mongoose\\lib\\model.js:4458:21)\n    at Function.populate (D:\\0振涛\\项目\\20250810\\first-yf\\api\\node_modules\\mongoose\\lib\\model.js:4425:21)\n    at model.Query._find (D:\\0振涛\\项目\\20250810\\first-yf\\api\\node_modules\\mongoose\\lib\\query.js:2456:20)\n    at process.processTicksAndRejections (node:internal/process/task_queues:105:5)\n    at async model.Query.exec (D:\\0振涛\\项目\\20250810\\first-yf\\api\\node_modules\\mongoose\\lib\\query.js:4627:63)\n    at async D:\\0振涛\\项目\\20250810\\first-yf\\api\\routes\\messages.js:315:32","timestamp":"2025-08-12 11:23:23"}
{"level":"info","message":"用户 csyh (ID: 688839f718563bb24b7497f9) 已连接 Socket.IO","timestamp":"2025-08-12 11:23:23"}
{"level":"info","message":"用户 csyh (ID: 688839f718563bb24b7497f9) 已断开 Socket.IO 连接","timestamp":"2025-08-12 11:24:36"}
{"level":"info","message":"获取会话列表 - 请求参数: page=1, limit=10, userId=688839f718563bb24b7497f9","timestamp":"2025-08-12 11:24:36"}
{"level":"info","message":"转换后的ObjectId: 688839f718563bb24b7497f9","timestamp":"2025-08-12 11:24:36"}
{"level":"info","message":"聚合查询结果: 1 个会话","timestamp":"2025-08-12 11:24:36"}
{"level":"error","message":"获取私信会话列表失败: Schema hasn't been registered for model \"User\".\nUse mongoose.model(name, schema)","stack":"MissingSchemaError: Schema hasn't been registered for model \"User\".\nUse mongoose.model(name, schema)\n    at NativeConnection.model (D:\\0振涛\\项目\\20250810\\first-yf\\api\\node_modules\\mongoose\\lib\\connection.js:1493:13)\n    at _getModelFromConn (D:\\0振涛\\项目\\20250810\\first-yf\\api\\node_modules\\mongoose\\lib\\helpers\\populate\\getModelsMapForPopulate.js:579:15)\n    at addModelNamesToMap (D:\\0振涛\\项目\\20250810\\first-yf\\api\\node_modules\\mongoose\\lib\\helpers\\populate\\getModelsMapForPopulate.js:507:17)\n    at getModelsMapForPopulate (D:\\0振涛\\项目\\20250810\\first-yf\\api\\node_modules\\mongoose\\lib\\helpers\\populate\\getModelsMapForPopulate.js:208:7)\n    at _populatePath (D:\\0振涛\\项目\\20250810\\first-yf\\api\\node_modules\\mongoose\\lib\\model.js:4458:21)\n    at Function.populate (D:\\0振涛\\项目\\20250810\\first-yf\\api\\node_modules\\mongoose\\lib\\model.js:4425:21)\n    at D:\\0振涛\\项目\\20250810\\first-yf\\api\\routes\\messages.js:161:54\n    at process.processTicksAndRejections (node:internal/process/task_queues:105:5)","timestamp":"2025-08-12 11:24:36"}
{"level":"info","message":"获取系统消息 - 请求参数: page=1, limit=20, userId=688839f718563bb24b7497f9","timestamp":"2025-08-12 11:24:36"}
{"level":"error","message":"获取系统消息失败: Schema hasn't been registered for model \"User\".\nUse mongoose.model(name, schema)","stack":"MissingSchemaError: Schema hasn't been registered for model \"User\".\nUse mongoose.model(name, schema)\n    at NativeConnection.model (D:\\0振涛\\项目\\20250810\\first-yf\\api\\node_modules\\mongoose\\lib\\connection.js:1493:13)\n    at _getModelFromConn (D:\\0振涛\\项目\\20250810\\first-yf\\api\\node_modules\\mongoose\\lib\\helpers\\populate\\getModelsMapForPopulate.js:579:15)\n    at addModelNamesToMap (D:\\0振涛\\项目\\20250810\\first-yf\\api\\node_modules\\mongoose\\lib\\helpers\\populate\\getModelsMapForPopulate.js:507:17)\n    at getModelsMapForPopulate (D:\\0振涛\\项目\\20250810\\first-yf\\api\\node_modules\\mongoose\\lib\\helpers\\populate\\getModelsMapForPopulate.js:208:7)\n    at _populatePath (D:\\0振涛\\项目\\20250810\\first-yf\\api\\node_modules\\mongoose\\lib\\model.js:4458:21)\n    at Function.populate (D:\\0振涛\\项目\\20250810\\first-yf\\api\\node_modules\\mongoose\\lib\\model.js:4425:21)\n    at model.Query._find (D:\\0振涛\\项目\\20250810\\first-yf\\api\\node_modules\\mongoose\\lib\\query.js:2456:20)\n    at process.processTicksAndRejections (node:internal/process/task_queues:105:5)\n    at async model.Query.exec (D:\\0振涛\\项目\\20250810\\first-yf\\api\\node_modules\\mongoose\\lib\\query.js:4627:63)\n    at async D:\\0振涛\\项目\\20250810\\first-yf\\api\\routes\\messages.js:315:32","timestamp":"2025-08-12 11:24:36"}
{"level":"info","message":"用户 csyh (ID: 688839f718563bb24b7497f9) 已连接 Socket.IO","timestamp":"2025-08-12 11:24:36"}
{"level":"info","message":"用户 csyh (ID: 688839f718563bb24b7497f9) 已断开 Socket.IO 连接","timestamp":"2025-08-12 11:24:38"}
{"level":"info","message":"获取会话列表 - 请求参数: page=1, limit=10, userId=688839f718563bb24b7497f9","timestamp":"2025-08-12 11:24:38"}
{"level":"info","message":"转换后的ObjectId: 688839f718563bb24b7497f9","timestamp":"2025-08-12 11:24:38"}
{"level":"info","message":"聚合查询结果: 1 个会话","timestamp":"2025-08-12 11:24:38"}
{"level":"error","message":"获取私信会话列表失败: Schema hasn't been registered for model \"User\".\nUse mongoose.model(name, schema)","stack":"MissingSchemaError: Schema hasn't been registered for model \"User\".\nUse mongoose.model(name, schema)\n    at NativeConnection.model (D:\\0振涛\\项目\\20250810\\first-yf\\api\\node_modules\\mongoose\\lib\\connection.js:1493:13)\n    at _getModelFromConn (D:\\0振涛\\项目\\20250810\\first-yf\\api\\node_modules\\mongoose\\lib\\helpers\\populate\\getModelsMapForPopulate.js:579:15)\n    at addModelNamesToMap (D:\\0振涛\\项目\\20250810\\first-yf\\api\\node_modules\\mongoose\\lib\\helpers\\populate\\getModelsMapForPopulate.js:507:17)\n    at getModelsMapForPopulate (D:\\0振涛\\项目\\20250810\\first-yf\\api\\node_modules\\mongoose\\lib\\helpers\\populate\\getModelsMapForPopulate.js:208:7)\n    at _populatePath (D:\\0振涛\\项目\\20250810\\first-yf\\api\\node_modules\\mongoose\\lib\\model.js:4458:21)\n    at Function.populate (D:\\0振涛\\项目\\20250810\\first-yf\\api\\node_modules\\mongoose\\lib\\model.js:4425:21)\n    at D:\\0振涛\\项目\\20250810\\first-yf\\api\\routes\\messages.js:161:54\n    at process.processTicksAndRejections (node:internal/process/task_queues:105:5)","timestamp":"2025-08-12 11:24:38"}
{"level":"info","message":"获取系统消息 - 请求参数: page=1, limit=20, userId=688839f718563bb24b7497f9","timestamp":"2025-08-12 11:24:38"}
{"level":"error","message":"获取系统消息失败: Schema hasn't been registered for model \"User\".\nUse mongoose.model(name, schema)","stack":"MissingSchemaError: Schema hasn't been registered for model \"User\".\nUse mongoose.model(name, schema)\n    at NativeConnection.model (D:\\0振涛\\项目\\20250810\\first-yf\\api\\node_modules\\mongoose\\lib\\connection.js:1493:13)\n    at _getModelFromConn (D:\\0振涛\\项目\\20250810\\first-yf\\api\\node_modules\\mongoose\\lib\\helpers\\populate\\getModelsMapForPopulate.js:579:15)\n    at addModelNamesToMap (D:\\0振涛\\项目\\20250810\\first-yf\\api\\node_modules\\mongoose\\lib\\helpers\\populate\\getModelsMapForPopulate.js:507:17)\n    at getModelsMapForPopulate (D:\\0振涛\\项目\\20250810\\first-yf\\api\\node_modules\\mongoose\\lib\\helpers\\populate\\getModelsMapForPopulate.js:208:7)\n    at _populatePath (D:\\0振涛\\项目\\20250810\\first-yf\\api\\node_modules\\mongoose\\lib\\model.js:4458:21)\n    at Function.populate (D:\\0振涛\\项目\\20250810\\first-yf\\api\\node_modules\\mongoose\\lib\\model.js:4425:21)\n    at model.Query._find (D:\\0振涛\\项目\\20250810\\first-yf\\api\\node_modules\\mongoose\\lib\\query.js:2456:20)\n    at process.processTicksAndRejections (node:internal/process/task_queues:105:5)\n    at async model.Query.exec (D:\\0振涛\\项目\\20250810\\first-yf\\api\\node_modules\\mongoose\\lib\\query.js:4627:63)\n    at async D:\\0振涛\\项目\\20250810\\first-yf\\api\\routes\\messages.js:315:32","timestamp":"2025-08-12 11:24:38"}
{"level":"info","message":"用户 csyh (ID: 688839f718563bb24b7497f9) 已连接 Socket.IO","timestamp":"2025-08-12 11:24:38"}
{"level":"info","message":"Socket.IO 服务器已启动","timestamp":"2025-08-12 11:25:09"}
{"level":"info","message":"用户 csyh (ID: 688839f718563bb24b7497f9) 已连接 Socket.IO","timestamp":"2025-08-12 11:25:09"}
{"level":"info","message":"用户 csyh (ID: 688839f718563bb24b7497f9) 已连接 Socket.IO","timestamp":"2025-08-12 11:25:14"}
{"level":"info","message":"用户 csyh (ID: 688839f718563bb24b7497f9) 已断开 Socket.IO 连接","timestamp":"2025-08-12 11:25:18"}
{"level":"info","message":"用户 csyh (ID: 688839f718563bb24b7497f9) 已断开 Socket.IO 连接","timestamp":"2025-08-12 11:25:18"}
{"level":"info","message":"获取会话列表 - 请求参数: page=1, limit=10, userId=688839f718563bb24b7497f9","timestamp":"2025-08-12 11:25:19"}
{"level":"info","message":"转换后的ObjectId: 688839f718563bb24b7497f9","timestamp":"2025-08-12 11:25:19"}
{"level":"info","message":"获取会话列表 - 请求参数: page=1, limit=10, userId=688839f718563bb24b7497f9","timestamp":"2025-08-12 11:25:19"}
{"level":"info","message":"转换后的ObjectId: 688839f718563bb24b7497f9","timestamp":"2025-08-12 11:25:19"}
{"level":"info","message":"聚合查询结果: 1 个会话","timestamp":"2025-08-12 11:25:20"}
{"level":"error","message":"获取私信会话列表失败: Schema hasn't been registered for model \"[object Object]\".\nUse mongoose.model(name, schema)","stack":"MissingSchemaError: Schema hasn't been registered for model \"[object Object]\".\nUse mongoose.model(name, schema)\n    at NativeConnection.model (D:\\0振涛\\项目\\20250810\\first-yf\\api\\node_modules\\mongoose\\lib\\connection.js:1493:13)\n    at _getModelFromConn (D:\\0振涛\\项目\\20250810\\first-yf\\api\\node_modules\\mongoose\\lib\\helpers\\populate\\getModelsMapForPopulate.js:579:15)\n    at addModelNamesToMap (D:\\0振涛\\项目\\20250810\\first-yf\\api\\node_modules\\mongoose\\lib\\helpers\\populate\\getModelsMapForPopulate.js:507:17)\n    at getModelsMapForPopulate (D:\\0振涛\\项目\\20250810\\first-yf\\api\\node_modules\\mongoose\\lib\\helpers\\populate\\getModelsMapForPopulate.js:208:7)\n    at _populatePath (D:\\0振涛\\项目\\20250810\\first-yf\\api\\node_modules\\mongoose\\lib\\model.js:4458:21)\n    at Function.populate (D:\\0振涛\\项目\\20250810\\first-yf\\api\\node_modules\\mongoose\\lib\\model.js:4425:21)\n    at D:\\0振涛\\项目\\20250810\\first-yf\\api\\routes\\messages.js:179:54\n    at process.processTicksAndRejections (node:internal/process/task_queues:105:5)","timestamp":"2025-08-12 11:25:20"}
{"level":"info","message":"获取系统消息 - 请求参数: page=1, limit=20, userId=688839f718563bb24b7497f9","timestamp":"2025-08-12 11:25:20"}
{"level":"info","message":"聚合查询结果: 1 个会话","timestamp":"2025-08-12 11:25:20"}
{"level":"error","message":"获取私信会话列表失败: Schema hasn't been registered for model \"[object Object]\".\nUse mongoose.model(name, schema)","stack":"MissingSchemaError: Schema hasn't been registered for model \"[object Object]\".\nUse mongoose.model(name, schema)\n    at NativeConnection.model (D:\\0振涛\\项目\\20250810\\first-yf\\api\\node_modules\\mongoose\\lib\\connection.js:1493:13)\n    at _getModelFromConn (D:\\0振涛\\项目\\20250810\\first-yf\\api\\node_modules\\mongoose\\lib\\helpers\\populate\\getModelsMapForPopulate.js:579:15)\n    at addModelNamesToMap (D:\\0振涛\\项目\\20250810\\first-yf\\api\\node_modules\\mongoose\\lib\\helpers\\populate\\getModelsMapForPopulate.js:507:17)\n    at getModelsMapForPopulate (D:\\0振涛\\项目\\20250810\\first-yf\\api\\node_modules\\mongoose\\lib\\helpers\\populate\\getModelsMapForPopulate.js:208:7)\n    at _populatePath (D:\\0振涛\\项目\\20250810\\first-yf\\api\\node_modules\\mongoose\\lib\\model.js:4458:21)\n    at Function.populate (D:\\0振涛\\项目\\20250810\\first-yf\\api\\node_modules\\mongoose\\lib\\model.js:4425:21)\n    at D:\\0振涛\\项目\\20250810\\first-yf\\api\\routes\\messages.js:179:54\n    at process.processTicksAndRejections (node:internal/process/task_queues:105:5)","timestamp":"2025-08-12 11:25:20"}
{"level":"info","message":"获取系统消息 - 请求参数: page=1, limit=20, userId=688839f718563bb24b7497f9","timestamp":"2025-08-12 11:25:20"}
{"level":"error","message":"获取系统消息失败: Schema hasn't been registered for model \"User\".\nUse mongoose.model(name, schema)","stack":"MissingSchemaError: Schema hasn't been registered for model \"User\".\nUse mongoose.model(name, schema)\n    at NativeConnection.model (D:\\0振涛\\项目\\20250810\\first-yf\\api\\node_modules\\mongoose\\lib\\connection.js:1493:13)\n    at _getModelFromConn (D:\\0振涛\\项目\\20250810\\first-yf\\api\\node_modules\\mongoose\\lib\\helpers\\populate\\getModelsMapForPopulate.js:579:15)\n    at addModelNamesToMap (D:\\0振涛\\项目\\20250810\\first-yf\\api\\node_modules\\mongoose\\lib\\helpers\\populate\\getModelsMapForPopulate.js:507:17)\n    at getModelsMapForPopulate (D:\\0振涛\\项目\\20250810\\first-yf\\api\\node_modules\\mongoose\\lib\\helpers\\populate\\getModelsMapForPopulate.js:208:7)\n    at _populatePath (D:\\0振涛\\项目\\20250810\\first-yf\\api\\node_modules\\mongoose\\lib\\model.js:4458:21)\n    at Function.populate (D:\\0振涛\\项目\\20250810\\first-yf\\api\\node_modules\\mongoose\\lib\\model.js:4425:21)\n    at model.Query._find (D:\\0振涛\\项目\\20250810\\first-yf\\api\\node_modules\\mongoose\\lib\\query.js:2456:20)\n    at process.processTicksAndRejections (node:internal/process/task_queues:105:5)\n    at async model.Query.exec (D:\\0振涛\\项目\\20250810\\first-yf\\api\\node_modules\\mongoose\\lib\\query.js:4627:63)\n    at async D:\\0振涛\\项目\\20250810\\first-yf\\api\\routes\\messages.js:333:32","timestamp":"2025-08-12 11:25:20"}
{"level":"error","message":"获取系统消息失败: Schema hasn't been registered for model \"User\".\nUse mongoose.model(name, schema)","stack":"MissingSchemaError: Schema hasn't been registered for model \"User\".\nUse mongoose.model(name, schema)\n    at NativeConnection.model (D:\\0振涛\\项目\\20250810\\first-yf\\api\\node_modules\\mongoose\\lib\\connection.js:1493:13)\n    at _getModelFromConn (D:\\0振涛\\项目\\20250810\\first-yf\\api\\node_modules\\mongoose\\lib\\helpers\\populate\\getModelsMapForPopulate.js:579:15)\n    at addModelNamesToMap (D:\\0振涛\\项目\\20250810\\first-yf\\api\\node_modules\\mongoose\\lib\\helpers\\populate\\getModelsMapForPopulate.js:507:17)\n    at getModelsMapForPopulate (D:\\0振涛\\项目\\20250810\\first-yf\\api\\node_modules\\mongoose\\lib\\helpers\\populate\\getModelsMapForPopulate.js:208:7)\n    at _populatePath (D:\\0振涛\\项目\\20250810\\first-yf\\api\\node_modules\\mongoose\\lib\\model.js:4458:21)\n    at Function.populate (D:\\0振涛\\项目\\20250810\\first-yf\\api\\node_modules\\mongoose\\lib\\model.js:4425:21)\n    at model.Query._find (D:\\0振涛\\项目\\20250810\\first-yf\\api\\node_modules\\mongoose\\lib\\query.js:2456:20)\n    at process.processTicksAndRejections (node:internal/process/task_queues:105:5)\n    at async model.Query.exec (D:\\0振涛\\项目\\20250810\\first-yf\\api\\node_modules\\mongoose\\lib\\query.js:4627:63)\n    at async D:\\0振涛\\项目\\20250810\\first-yf\\api\\routes\\messages.js:333:32","timestamp":"2025-08-12 11:25:20"}
{"level":"info","message":"用户 csyh (ID: 688839f718563bb24b7497f9) 已连接 Socket.IO","timestamp":"2025-08-12 11:25:20"}
{"level":"info","message":"用户 csyh (ID: 688839f718563bb24b7497f9) 已断开 Socket.IO 连接","timestamp":"2025-08-12 11:25:20"}
{"level":"info","message":"用户 csyh (ID: 688839f718563bb24b7497f9) 已连接 Socket.IO","timestamp":"2025-08-12 11:25:20"}
{"level":"info","message":"用户 csyh (ID: 688839f718563bb24b7497f9) 已断开 Socket.IO 连接","timestamp":"2025-08-12 11:31:49"}
{"level":"info","message":"Socket.IO 服务器已启动","timestamp":"2025-08-12 11:32:51"}
{"level":"info","message":"获取会话列表 - 请求参数: page=1, limit=10, userId=688839f718563bb24b7497f9","timestamp":"2025-08-12 11:33:21"}
{"level":"info","message":"转换后的ObjectId: 688839f718563bb24b7497f9","timestamp":"2025-08-12 11:33:21"}
{"level":"info","message":"获取会话列表 - 请求参数: page=1, limit=10, userId=688839f718563bb24b7497f9","timestamp":"2025-08-12 11:33:21"}
{"level":"info","message":"转换后的ObjectId: 688839f718563bb24b7497f9","timestamp":"2025-08-12 11:33:21"}
{"level":"info","message":"聚合查询结果: 1 个会话","timestamp":"2025-08-12 11:33:21"}
{"level":"info","message":"聚合查询结果: 1 个会话","timestamp":"2025-08-12 11:33:21"}
{"level":"info","message":"获取系统消息 - 请求参数: page=1, limit=20, userId=688839f718563bb24b7497f9","timestamp":"2025-08-12 11:33:21"}
{"level":"info","message":"找到 1 条系统消息，总数: 1","timestamp":"2025-08-12 11:33:22"}
{"level":"info","message":"用户 csyh (ID: 688839f718563bb24b7497f9) 已连接 Socket.IO","timestamp":"2025-08-12 11:33:22"}
{"level":"info","message":"获取系统消息 - 请求参数: page=1, limit=20, userId=688839f718563bb24b7497f9","timestamp":"2025-08-12 11:33:22"}
{"level":"info","message":"找到 1 条系统消息，总数: 1","timestamp":"2025-08-12 11:33:22"}
{"level":"info","message":"用户 csyh (ID: 688839f718563bb24b7497f9) 已断开 Socket.IO 连接","timestamp":"2025-08-12 11:33:22"}
{"level":"info","message":"用户 csyh (ID: 688839f718563bb24b7497f9) 已连接 Socket.IO","timestamp":"2025-08-12 11:33:22"}
{"level":"info","message":"用户 csyh (ID: 688839f718563bb24b7497f9) 已断开 Socket.IO 连接","timestamp":"2025-08-12 11:33:41"}
{"level":"info","message":"用户 csyh (ID: 688839f718563bb24b7497f9) 已连接 Socket.IO","timestamp":"2025-08-12 11:33:41"}
{"level":"info","message":"用户 csyh (ID: 688839f718563bb24b7497f9) 已断开 Socket.IO 连接","timestamp":"2025-08-12 11:34:08"}
{"level":"info","message":"获取会话列表 - 请求参数: page=1, limit=10, userId=688839f718563bb24b7497f9","timestamp":"2025-08-12 11:34:08"}
{"level":"info","message":"转换后的ObjectId: 688839f718563bb24b7497f9","timestamp":"2025-08-12 11:34:08"}
{"level":"info","message":"获取会话列表 - 请求参数: page=1, limit=10, userId=688839f718563bb24b7497f9","timestamp":"2025-08-12 11:34:08"}
{"level":"info","message":"转换后的ObjectId: 688839f718563bb24b7497f9","timestamp":"2025-08-12 11:34:08"}
{"level":"info","message":"聚合查询结果: 1 个会话","timestamp":"2025-08-12 11:34:08"}
{"level":"info","message":"聚合查询结果: 1 个会话","timestamp":"2025-08-12 11:34:08"}
{"level":"info","message":"获取系统消息 - 请求参数: page=1, limit=20, userId=688839f718563bb24b7497f9","timestamp":"2025-08-12 11:34:08"}
{"level":"info","message":"获取系统消息 - 请求参数: page=1, limit=20, userId=688839f718563bb24b7497f9","timestamp":"2025-08-12 11:34:08"}
{"level":"info","message":"找到 1 条系统消息，总数: 1","timestamp":"2025-08-12 11:34:08"}
{"level":"info","message":"用户 csyh (ID: 688839f718563bb24b7497f9) 已连接 Socket.IO","timestamp":"2025-08-12 11:34:08"}
{"level":"info","message":"找到 1 条系统消息，总数: 1","timestamp":"2025-08-12 11:34:08"}
{"level":"info","message":"用户 csyh (ID: 688839f718563bb24b7497f9) 已断开 Socket.IO 连接","timestamp":"2025-08-12 11:34:08"}
{"level":"info","message":"用户 csyh (ID: 688839f718563bb24b7497f9) 已连接 Socket.IO","timestamp":"2025-08-12 11:34:08"}
{"level":"info","message":"用户 csyh (ID: 688839f718563bb24b7497f9) 已断开 Socket.IO 连接","timestamp":"2025-08-12 11:34:11"}
{"level":"info","message":"获取会话列表 - 请求参数: page=1, limit=10, userId=688839f718563bb24b7497f9","timestamp":"2025-08-12 11:35:14"}
{"level":"info","message":"转换后的ObjectId: 688839f718563bb24b7497f9","timestamp":"2025-08-12 11:35:14"}
{"level":"info","message":"获取会话列表 - 请求参数: page=1, limit=10, userId=688839f718563bb24b7497f9","timestamp":"2025-08-12 11:35:14"}
{"level":"info","message":"转换后的ObjectId: 688839f718563bb24b7497f9","timestamp":"2025-08-12 11:35:14"}
{"level":"info","message":"聚合查询结果: 1 个会话","timestamp":"2025-08-12 11:35:14"}
{"level":"info","message":"聚合查询结果: 1 个会话","timestamp":"2025-08-12 11:35:14"}
{"level":"info","message":"获取系统消息 - 请求参数: page=1, limit=20, userId=688839f718563bb24b7497f9","timestamp":"2025-08-12 11:35:14"}
{"level":"info","message":"获取系统消息 - 请求参数: page=1, limit=20, userId=688839f718563bb24b7497f9","timestamp":"2025-08-12 11:35:14"}
{"level":"info","message":"找到 1 条系统消息，总数: 1","timestamp":"2025-08-12 11:35:15"}
{"level":"info","message":"找到 1 条系统消息，总数: 1","timestamp":"2025-08-12 11:35:15"}
{"level":"info","message":"用户 csyh (ID: 688839f718563bb24b7497f9) 已连接 Socket.IO","timestamp":"2025-08-12 11:35:15"}
{"level":"info","message":"用户 csyh (ID: 688839f718563bb24b7497f9) 已断开 Socket.IO 连接","timestamp":"2025-08-12 11:35:17"}
{"level":"info","message":"获取会话列表 - 请求参数: page=1, limit=10, userId=688839f718563bb24b7497f9","timestamp":"2025-08-12 11:35:18"}
{"level":"info","message":"转换后的ObjectId: 688839f718563bb24b7497f9","timestamp":"2025-08-12 11:35:18"}
{"level":"info","message":"获取会话列表 - 请求参数: page=1, limit=10, userId=688839f718563bb24b7497f9","timestamp":"2025-08-12 11:35:18"}
{"level":"info","message":"转换后的ObjectId: 688839f718563bb24b7497f9","timestamp":"2025-08-12 11:35:18"}
{"level":"info","message":"聚合查询结果: 1 个会话","timestamp":"2025-08-12 11:35:18"}
{"level":"info","message":"聚合查询结果: 1 个会话","timestamp":"2025-08-12 11:35:18"}
{"level":"info","message":"获取系统消息 - 请求参数: page=1, limit=20, userId=688839f718563bb24b7497f9","timestamp":"2025-08-12 11:35:18"}
{"level":"info","message":"获取系统消息 - 请求参数: page=1, limit=20, userId=688839f718563bb24b7497f9","timestamp":"2025-08-12 11:35:18"}
{"level":"info","message":"找到 1 条系统消息，总数: 1","timestamp":"2025-08-12 11:35:19"}
{"level":"info","message":"找到 1 条系统消息，总数: 1","timestamp":"2025-08-12 11:35:19"}
{"level":"info","message":"用户 csyh (ID: 688839f718563bb24b7497f9) 已连接 Socket.IO","timestamp":"2025-08-12 11:35:19"}
{"level":"info","message":"用户 csyh (ID: 688839f718563bb24b7497f9) 已断开 Socket.IO 连接","timestamp":"2025-08-12 11:35:30"}
{"level":"info","message":"用户 csyh (ID: 688839f718563bb24b7497f9) 已连接 Socket.IO","timestamp":"2025-08-12 11:35:30"}
{"level":"info","message":"用户 csyh (ID: 688839f718563bb24b7497f9) 已断开 Socket.IO 连接","timestamp":"2025-08-12 11:38:01"}
{"level":"info","message":"用户 csyh (ID: 688839f718563bb24b7497f9) 已连接 Socket.IO","timestamp":"2025-08-12 11:38:01"}
{"level":"info","message":"用户 csyh (ID: 688839f718563bb24b7497f9) 已断开 Socket.IO 连接","timestamp":"2025-08-12 11:38:13"}
{"level":"info","message":"用户 csyh (ID: 688839f718563bb24b7497f9) 已连接 Socket.IO","timestamp":"2025-08-12 11:38:13"}
{"level":"info","message":"用户 csyh (ID: 688839f718563bb24b7497f9) 已断开 Socket.IO 连接","timestamp":"2025-08-12 11:38:15"}
{"level":"info","message":"用户 csyh (ID: 688839f718563bb24b7497f9) 已连接 Socket.IO","timestamp":"2025-08-12 11:38:15"}
{"level":"info","message":"用户 csyh (ID: 688839f718563bb24b7497f9) 已断开 Socket.IO 连接","timestamp":"2025-08-12 11:38:25"}
{"level":"info","message":"用户 csyh (ID: 688839f718563bb24b7497f9) 已连接 Socket.IO","timestamp":"2025-08-12 11:38:25"}
{"level":"info","message":"用户 csyh (ID: 688839f718563bb24b7497f9) 已断开 Socket.IO 连接","timestamp":"2025-08-12 11:38:26"}
{"level":"info","message":"用户 csyh (ID: 688839f718563bb24b7497f9) 已连接 Socket.IO","timestamp":"2025-08-12 11:38:26"}
{"level":"info","message":"用户 csyh (ID: 688839f718563bb24b7497f9) 已断开 Socket.IO 连接","timestamp":"2025-08-12 11:38:37"}
{"level":"info","message":"用户 csyh (ID: 688839f718563bb24b7497f9) 已连接 Socket.IO","timestamp":"2025-08-12 11:38:37"}
{"level":"info","message":"用户 csyh (ID: 688839f718563bb24b7497f9) 已断开 Socket.IO 连接","timestamp":"2025-08-12 11:38:38"}
{"level":"info","message":"用户 csyh (ID: 688839f718563bb24b7497f9) 已连接 Socket.IO","timestamp":"2025-08-12 11:38:38"}
{"level":"info","message":"用户 csyh (ID: 688839f718563bb24b7497f9) 已断开 Socket.IO 连接","timestamp":"2025-08-12 11:38:48"}
{"level":"info","message":"用户 csyh (ID: 688839f718563bb24b7497f9) 已连接 Socket.IO","timestamp":"2025-08-12 11:38:48"}
{"level":"info","message":"用户 csyh (ID: 688839f718563bb24b7497f9) 已断开 Socket.IO 连接","timestamp":"2025-08-12 11:38:50"}
{"level":"info","message":"用户 csyh (ID: 688839f718563bb24b7497f9) 已连接 Socket.IO","timestamp":"2025-08-12 11:38:50"}
{"level":"info","message":"用户 csyh (ID: 688839f718563bb24b7497f9) 已断开 Socket.IO 连接","timestamp":"2025-08-12 11:39:00"}
{"level":"info","message":"用户 csyh (ID: 688839f718563bb24b7497f9) 已连接 Socket.IO","timestamp":"2025-08-12 11:39:00"}
{"level":"info","message":"用户 csyh (ID: 688839f718563bb24b7497f9) 已断开 Socket.IO 连接","timestamp":"2025-08-12 11:39:02"}
{"level":"info","message":"用户 csyh (ID: 688839f718563bb24b7497f9) 已连接 Socket.IO","timestamp":"2025-08-12 11:39:02"}
{"level":"info","message":"用户 csyh (ID: 688839f718563bb24b7497f9) 已断开 Socket.IO 连接","timestamp":"2025-08-12 11:39:17"}
{"level":"info","message":"用户 csyh (ID: 688839f718563bb24b7497f9) 已连接 Socket.IO","timestamp":"2025-08-12 11:39:17"}
{"level":"info","message":"用户 csyh (ID: 688839f718563bb24b7497f9) 已断开 Socket.IO 连接","timestamp":"2025-08-12 11:39:19"}
{"level":"info","message":"用户 csyh (ID: 688839f718563bb24b7497f9) 已连接 Socket.IO","timestamp":"2025-08-12 11:39:19"}
{"level":"info","message":"用户 csyh (ID: 688839f718563bb24b7497f9) 已断开 Socket.IO 连接","timestamp":"2025-08-12 11:39:57"}
{"level":"info","message":"用户 csyh (ID: 688839f718563bb24b7497f9) 已连接 Socket.IO","timestamp":"2025-08-12 11:39:57"}
{"level":"info","message":"用户 csyh (ID: 688839f718563bb24b7497f9) 已断开 Socket.IO 连接","timestamp":"2025-08-12 11:39:59"}
{"level":"info","message":"用户 csyh (ID: 688839f718563bb24b7497f9) 已连接 Socket.IO","timestamp":"2025-08-12 11:39:59"}
{"level":"info","message":"用户 csyh (ID: 688839f718563bb24b7497f9) 已断开 Socket.IO 连接","timestamp":"2025-08-12 11:40:10"}
{"level":"info","message":"用户 csyh (ID: 688839f718563bb24b7497f9) 已连接 Socket.IO","timestamp":"2025-08-12 11:40:10"}
{"level":"info","message":"用户 csyh (ID: 688839f718563bb24b7497f9) 已断开 Socket.IO 连接","timestamp":"2025-08-12 11:40:20"}
{"level":"info","message":"用户 csyh (ID: 688839f718563bb24b7497f9) 已连接 Socket.IO","timestamp":"2025-08-12 11:40:20"}
{"level":"info","message":"用户 csyh (ID: 688839f718563bb24b7497f9) 已断开 Socket.IO 连接","timestamp":"2025-08-12 11:40:22"}
{"level":"info","message":"用户 csyh (ID: 688839f718563bb24b7497f9) 已连接 Socket.IO","timestamp":"2025-08-12 11:40:22"}
{"level":"info","message":"用户 csyh (ID: 688839f718563bb24b7497f9) 已断开 Socket.IO 连接","timestamp":"2025-08-12 11:40:33"}
{"level":"info","message":"用户 csyh (ID: 688839f718563bb24b7497f9) 已连接 Socket.IO","timestamp":"2025-08-12 11:40:34"}
{"level":"info","message":"用户 csyh (ID: 688839f718563bb24b7497f9) 已断开 Socket.IO 连接","timestamp":"2025-08-12 11:40:45"}
{"level":"info","message":"用户 csyh (ID: 688839f718563bb24b7497f9) 已连接 Socket.IO","timestamp":"2025-08-12 11:40:45"}
{"level":"info","message":"用户 csyh (ID: 688839f718563bb24b7497f9) 已断开 Socket.IO 连接","timestamp":"2025-08-12 11:41:03"}
{"level":"info","message":"用户 csyh (ID: 688839f718563bb24b7497f9) 已连接 Socket.IO","timestamp":"2025-08-12 11:41:03"}
{"level":"info","message":"用户 csyh (ID: 688839f718563bb24b7497f9) 已断开 Socket.IO 连接","timestamp":"2025-08-12 11:41:06"}
{"level":"info","message":"用户 csyh (ID: 688839f718563bb24b7497f9) 已连接 Socket.IO","timestamp":"2025-08-12 11:41:07"}
{"level":"info","message":"用户 csyh (ID: 688839f718563bb24b7497f9) 已断开 Socket.IO 连接","timestamp":"2025-08-12 11:41:09"}
{"level":"info","message":"获取会话列表 - 请求参数: page=1, limit=10, userId=688839f718563bb24b7497f9","timestamp":"2025-08-12 11:41:09"}
{"level":"info","message":"转换后的ObjectId: 688839f718563bb24b7497f9","timestamp":"2025-08-12 11:41:09"}
{"level":"info","message":"获取会话列表 - 请求参数: page=1, limit=10, userId=688839f718563bb24b7497f9","timestamp":"2025-08-12 11:41:09"}
{"level":"info","message":"转换后的ObjectId: 688839f718563bb24b7497f9","timestamp":"2025-08-12 11:41:09"}
{"level":"info","message":"聚合查询结果: 1 个会话","timestamp":"2025-08-12 11:41:09"}
{"level":"info","message":"聚合查询结果: 1 个会话","timestamp":"2025-08-12 11:41:09"}
{"level":"info","message":"获取系统消息 - 请求参数: page=1, limit=20, userId=688839f718563bb24b7497f9","timestamp":"2025-08-12 11:41:09"}
{"level":"info","message":"获取系统消息 - 请求参数: page=1, limit=20, userId=688839f718563bb24b7497f9","timestamp":"2025-08-12 11:41:09"}
{"level":"info","message":"找到 1 条系统消息，总数: 1","timestamp":"2025-08-12 11:41:09"}
{"level":"info","message":"用户 csyh (ID: 688839f718563bb24b7497f9) 已连接 Socket.IO","timestamp":"2025-08-12 11:41:10"}
{"level":"info","message":"找到 1 条系统消息，总数: 1","timestamp":"2025-08-12 11:41:10"}
{"level":"info","message":"用户 csyh (ID: 688839f718563bb24b7497f9) 已断开 Socket.IO 连接","timestamp":"2025-08-12 11:41:10"}
{"level":"info","message":"用户 csyh (ID: 688839f718563bb24b7497f9) 已连接 Socket.IO","timestamp":"2025-08-12 11:41:10"}
{"level":"info","message":"用户 csyh (ID: 688839f718563bb24b7497f9) 已断开 Socket.IO 连接","timestamp":"2025-08-12 11:41:13"}
{"level":"info","message":"用户 csyh (ID: 688839f718563bb24b7497f9) 已连接 Socket.IO","timestamp":"2025-08-12 11:41:13"}
{"level":"info","message":"Socket.IO 服务器已启动","timestamp":"2025-08-12 11:42:44"}
{"level":"info","message":"用户 csyh (ID: 688839f718563bb24b7497f9) 已连接 Socket.IO","timestamp":"2025-08-12 11:42:44"}
{"level":"info","message":"用户 csyh (ID: 688839f718563bb24b7497f9) 已连接 Socket.IO","timestamp":"2025-08-12 11:42:46"}
{"level":"info","message":"用户 csyh (ID: 688839f718563bb24b7497f9) 已断开 Socket.IO 连接","timestamp":"2025-08-12 11:42:48"}
{"level":"info","message":"获取会话列表 - 请求参数: page=1, limit=10, userId=688839f718563bb24b7497f9","timestamp":"2025-08-12 11:42:48"}
{"level":"info","message":"转换后的ObjectId: 688839f718563bb24b7497f9","timestamp":"2025-08-12 11:42:48"}
{"level":"info","message":"获取会话列表 - 请求参数: page=1, limit=10, userId=688839f718563bb24b7497f9","timestamp":"2025-08-12 11:42:48"}
{"level":"info","message":"转换后的ObjectId: 688839f718563bb24b7497f9","timestamp":"2025-08-12 11:42:48"}
{"level":"info","message":"聚合查询结果: 1 个会话","timestamp":"2025-08-12 11:42:48"}
{"level":"info","message":"聚合查询结果: 1 个会话","timestamp":"2025-08-12 11:42:48"}
{"level":"info","message":"获取系统消息 - 请求参数: page=1, limit=20, userId=688839f718563bb24b7497f9","timestamp":"2025-08-12 11:42:49"}
{"level":"info","message":"找到 1 条系统消息，总数: 1","timestamp":"2025-08-12 11:42:49"}
{"level":"info","message":"用户 csyh (ID: 688839f718563bb24b7497f9) 已连接 Socket.IO","timestamp":"2025-08-12 11:42:49"}
{"level":"info","message":"获取系统消息 - 请求参数: page=1, limit=20, userId=688839f718563bb24b7497f9","timestamp":"2025-08-12 11:42:50"}
{"level":"info","message":"找到 1 条系统消息，总数: 1","timestamp":"2025-08-12 11:42:51"}
{"level":"info","message":"用户 csyh (ID: 688839f718563bb24b7497f9) 已断开 Socket.IO 连接","timestamp":"2025-08-12 11:42:51"}
{"level":"info","message":"用户 csyh (ID: 688839f718563bb24b7497f9) 已连接 Socket.IO","timestamp":"2025-08-12 11:42:51"}
{"level":"info","message":"用户 csyh (ID: 688839f718563bb24b7497f9) 已断开 Socket.IO 连接","timestamp":"2025-08-12 11:42:51"}
{"level":"info","message":"用户 csyh (ID: 688839f718563bb24b7497f9) 已断开 Socket.IO 连接","timestamp":"2025-08-12 11:42:51"}
{"level":"info","message":"获取会话列表 - 请求参数: page=1, limit=10, userId=688839f718563bb24b7497f9","timestamp":"2025-08-12 11:42:52"}
{"level":"info","message":"转换后的ObjectId: 688839f718563bb24b7497f9","timestamp":"2025-08-12 11:42:52"}
{"level":"info","message":"获取会话列表 - 请求参数: page=1, limit=10, userId=688839f718563bb24b7497f9","timestamp":"2025-08-12 11:42:52"}
{"level":"info","message":"转换后的ObjectId: 688839f718563bb24b7497f9","timestamp":"2025-08-12 11:42:52"}
{"level":"info","message":"聚合查询结果: 1 个会话","timestamp":"2025-08-12 11:42:52"}
{"level":"info","message":"聚合查询结果: 1 个会话","timestamp":"2025-08-12 11:42:52"}
{"level":"info","message":"获取系统消息 - 请求参数: page=1, limit=20, userId=688839f718563bb24b7497f9","timestamp":"2025-08-12 11:42:52"}
{"level":"info","message":"获取系统消息 - 请求参数: page=1, limit=20, userId=688839f718563bb24b7497f9","timestamp":"2025-08-12 11:42:52"}
{"level":"info","message":"找到 1 条系统消息，总数: 1","timestamp":"2025-08-12 11:42:52"}
{"level":"info","message":"找到 1 条系统消息，总数: 1","timestamp":"2025-08-12 11:42:52"}
{"level":"info","message":"用户 csyh (ID: 688839f718563bb24b7497f9) 已连接 Socket.IO","timestamp":"2025-08-12 11:42:53"}
{"level":"info","message":"用户 csyh (ID: 688839f718563bb24b7497f9) 已断开 Socket.IO 连接","timestamp":"2025-08-12 11:42:55"}
{"level":"info","message":"用户 csyh (ID: 688839f718563bb24b7497f9) 已连接 Socket.IO","timestamp":"2025-08-12 11:42:55"}
{"level":"info","message":"用户 csyh (ID: 688839f718563bb24b7497f9) 已断开 Socket.IO 连接","timestamp":"2025-08-12 11:43:09"}
{"level":"info","message":"获取会话列表 - 请求参数: page=1, limit=10, userId=688839f718563bb24b7497f9","timestamp":"2025-08-12 11:43:09"}
{"level":"info","message":"转换后的ObjectId: 688839f718563bb24b7497f9","timestamp":"2025-08-12 11:43:09"}
{"level":"info","message":"获取会话列表 - 请求参数: page=1, limit=10, userId=688839f718563bb24b7497f9","timestamp":"2025-08-12 11:43:09"}
{"level":"info","message":"转换后的ObjectId: 688839f718563bb24b7497f9","timestamp":"2025-08-12 11:43:09"}
{"level":"info","message":"聚合查询结果: 1 个会话","timestamp":"2025-08-12 11:43:09"}
{"level":"info","message":"聚合查询结果: 1 个会话","timestamp":"2025-08-12 11:43:09"}
{"level":"info","message":"获取系统消息 - 请求参数: page=1, limit=20, userId=688839f718563bb24b7497f9","timestamp":"2025-08-12 11:43:09"}
{"level":"info","message":"获取系统消息 - 请求参数: page=1, limit=20, userId=688839f718563bb24b7497f9","timestamp":"2025-08-12 11:43:09"}
{"level":"info","message":"找到 1 条系统消息，总数: 1","timestamp":"2025-08-12 11:43:09"}
{"level":"info","message":"用户 csyh (ID: 688839f718563bb24b7497f9) 已连接 Socket.IO","timestamp":"2025-08-12 11:43:09"}
{"level":"info","message":"找到 1 条系统消息，总数: 1","timestamp":"2025-08-12 11:43:09"}
{"level":"info","message":"用户 csyh (ID: 688839f718563bb24b7497f9) 已断开 Socket.IO 连接","timestamp":"2025-08-12 11:43:09"}
{"level":"info","message":"用户 csyh (ID: 688839f718563bb24b7497f9) 已连接 Socket.IO","timestamp":"2025-08-12 11:43:09"}
{"level":"info","message":"用户 csyh (ID: 688839f718563bb24b7497f9) 已断开 Socket.IO 连接","timestamp":"2025-08-12 11:43:13"}
{"level":"info","message":"用户 csyh (ID: 688839f718563bb24b7497f9) 已连接 Socket.IO","timestamp":"2025-08-12 11:43:13"}
{"level":"info","message":"用户 csyh (ID: 688839f718563bb24b7497f9) 已断开 Socket.IO 连接","timestamp":"2025-08-12 11:44:49"}
{"level":"info","message":"获取会话列表 - 请求参数: page=1, limit=10, userId=688839f718563bb24b7497f9","timestamp":"2025-08-12 11:44:49"}
{"level":"info","message":"转换后的ObjectId: 688839f718563bb24b7497f9","timestamp":"2025-08-12 11:44:49"}
{"level":"info","message":"获取会话列表 - 请求参数: page=1, limit=10, userId=688839f718563bb24b7497f9","timestamp":"2025-08-12 11:44:49"}
{"level":"info","message":"转换后的ObjectId: 688839f718563bb24b7497f9","timestamp":"2025-08-12 11:44:49"}
{"level":"info","message":"聚合查询结果: 1 个会话","timestamp":"2025-08-12 11:44:49"}
{"level":"info","message":"聚合查询结果: 1 个会话","timestamp":"2025-08-12 11:44:49"}
{"level":"info","message":"获取系统消息 - 请求参数: page=1, limit=20, userId=688839f718563bb24b7497f9","timestamp":"2025-08-12 11:44:50"}
{"level":"info","message":"获取系统消息 - 请求参数: page=1, limit=20, userId=688839f718563bb24b7497f9","timestamp":"2025-08-12 11:44:50"}
{"level":"info","message":"找到 1 条系统消息，总数: 1","timestamp":"2025-08-12 11:44:50"}
{"level":"info","message":"找到 1 条系统消息，总数: 1","timestamp":"2025-08-12 11:44:50"}
{"level":"info","message":"用户 csyh (ID: 688839f718563bb24b7497f9) 已连接 Socket.IO","timestamp":"2025-08-12 11:44:50"}
{"level":"info","message":"用户 csyh (ID: 688839f718563bb24b7497f9) 已断开 Socket.IO 连接","timestamp":"2025-08-12 11:44:50"}
{"level":"info","message":"获取会话列表 - 请求参数: page=1, limit=10, userId=688839f718563bb24b7497f9","timestamp":"2025-08-12 11:44:52"}
{"level":"info","message":"转换后的ObjectId: 688839f718563bb24b7497f9","timestamp":"2025-08-12 11:44:52"}
{"level":"info","message":"获取会话列表 - 请求参数: page=1, limit=10, userId=688839f718563bb24b7497f9","timestamp":"2025-08-12 11:44:52"}
{"level":"info","message":"转换后的ObjectId: 688839f718563bb24b7497f9","timestamp":"2025-08-12 11:44:52"}
{"level":"info","message":"聚合查询结果: 1 个会话","timestamp":"2025-08-12 11:44:52"}
{"level":"info","message":"聚合查询结果: 1 个会话","timestamp":"2025-08-12 11:44:52"}
{"level":"info","message":"获取系统消息 - 请求参数: page=1, limit=20, userId=688839f718563bb24b7497f9","timestamp":"2025-08-12 11:44:52"}
{"level":"info","message":"获取系统消息 - 请求参数: page=1, limit=20, userId=688839f718563bb24b7497f9","timestamp":"2025-08-12 11:44:52"}
{"level":"info","message":"找到 1 条系统消息，总数: 1","timestamp":"2025-08-12 11:44:52"}
{"level":"info","message":"找到 1 条系统消息，总数: 1","timestamp":"2025-08-12 11:44:52"}
{"level":"info","message":"用户 csyh (ID: 688839f718563bb24b7497f9) 已连接 Socket.IO","timestamp":"2025-08-12 11:44:52"}
{"level":"info","message":"Socket.IO 服务器已启动","timestamp":"2025-08-12 11:45:03"}
{"level":"info","message":"用户 csyh (ID: 688839f718563bb24b7497f9) 已连接 Socket.IO","timestamp":"2025-08-12 11:45:04"}
{"level":"info","message":"用户 csyh (ID: 688839f718563bb24b7497f9) 已连接 Socket.IO","timestamp":"2025-08-12 11:45:06"}
{"level":"info","message":"用户 csyh (ID: 688839f718563bb24b7497f9) 已断开 Socket.IO 连接","timestamp":"2025-08-12 11:45:14"}
{"level":"info","message":"用户 csyh (ID: 688839f718563bb24b7497f9) 已断开 Socket.IO 连接","timestamp":"2025-08-12 11:45:14"}
{"level":"info","message":"获取会话列表 - 请求参数: page=1, limit=10, userId=688839f718563bb24b7497f9","timestamp":"2025-08-12 11:45:15"}
{"level":"info","message":"转换后的ObjectId: 688839f718563bb24b7497f9","timestamp":"2025-08-12 11:45:15"}
{"level":"info","message":"获取会话列表 - 请求参数: page=1, limit=10, userId=688839f718563bb24b7497f9","timestamp":"2025-08-12 11:45:15"}
{"level":"info","message":"转换后的ObjectId: 688839f718563bb24b7497f9","timestamp":"2025-08-12 11:45:15"}
{"level":"info","message":"聚合查询结果: 1 个会话","timestamp":"2025-08-12 11:45:15"}
{"level":"info","message":"聚合查询结果: 1 个会话","timestamp":"2025-08-12 11:45:15"}
{"level":"info","message":"获取系统消息 - 请求参数: page=1, limit=20, userId=688839f718563bb24b7497f9","timestamp":"2025-08-12 11:45:16"}
{"level":"info","message":"找到 1 条系统消息，总数: 1","timestamp":"2025-08-12 11:45:16"}
{"level":"info","message":"用户 csyh (ID: 688839f718563bb24b7497f9) 已连接 Socket.IO","timestamp":"2025-08-12 11:45:16"}
{"level":"info","message":"获取系统消息 - 请求参数: page=1, limit=20, userId=688839f718563bb24b7497f9","timestamp":"2025-08-12 11:45:16"}
{"level":"info","message":"找到 1 条系统消息，总数: 1","timestamp":"2025-08-12 11:45:17"}
{"level":"info","message":"用户 csyh (ID: 688839f718563bb24b7497f9) 已断开 Socket.IO 连接","timestamp":"2025-08-12 11:45:17"}
{"level":"info","message":"用户 csyh (ID: 688839f718563bb24b7497f9) 已连接 Socket.IO","timestamp":"2025-08-12 11:45:17"}
{"level":"info","message":"用户 csyh (ID: 688839f718563bb24b7497f9) 已断开 Socket.IO 连接","timestamp":"2025-08-12 11:45:19"}
{"level":"info","message":"用户 csyh (ID: 688839f718563bb24b7497f9) 已连接 Socket.IO","timestamp":"2025-08-12 11:45:19"}
{"level":"info","message":"用户 csyh (ID: 688839f718563bb24b7497f9) 结束通话","timestamp":"2025-08-12 11:45:36"}
{"level":"info","message":"用户 csyh (ID: 688839f718563bb24b7497f9) 结束通话","timestamp":"2025-08-12 11:45:39"}
{"level":"info","message":"收到来自用户 csyh (ID: 688839f718563bb24b7497f9) 的私信: ggggg","targetUserId":"688ae2c4dd0be9e6850befab","timestamp":"2025-08-12 11:45:59","type":"text"}
{"level":"error","message":"保存私信到数据库失败: Document.prototype.populate() no longer accepts a callback","stack":"MongooseError: Document.prototype.populate() no longer accepts a callback\n    at model.populate (D:\\0振涛\\项目\\20250810\\first-yf\\api\\node_modules\\mongoose\\lib\\document.js:4584:11)\n    at SocketIOService.handlePrivateMessage (D:\\0振涛\\项目\\20250810\\first-yf\\api\\utils\\socketio.js:188:26)\n    at process.processTicksAndRejections (node:internal/process/task_queues:105:5)","timestamp":"2025-08-12 11:45:59"}
{"level":"info","message":"用户 csyh (ID: 688839f718563bb24b7497f9) 已断开 Socket.IO 连接","timestamp":"2025-08-12 11:46:05"}
{"level":"info","message":"获取会话列表 - 请求参数: page=1, limit=10, userId=688839f718563bb24b7497f9","timestamp":"2025-08-12 11:46:05"}
{"level":"info","message":"转换后的ObjectId: 688839f718563bb24b7497f9","timestamp":"2025-08-12 11:46:05"}
{"level":"info","message":"获取会话列表 - 请求参数: page=1, limit=10, userId=688839f718563bb24b7497f9","timestamp":"2025-08-12 11:46:05"}
{"level":"info","message":"转换后的ObjectId: 688839f718563bb24b7497f9","timestamp":"2025-08-12 11:46:05"}
{"level":"info","message":"聚合查询结果: 1 个会话","timestamp":"2025-08-12 11:46:05"}
{"level":"info","message":"聚合查询结果: 1 个会话","timestamp":"2025-08-12 11:46:05"}
{"level":"info","message":"获取系统消息 - 请求参数: page=1, limit=20, userId=688839f718563bb24b7497f9","timestamp":"2025-08-12 11:46:05"}
{"level":"info","message":"获取系统消息 - 请求参数: page=1, limit=20, userId=688839f718563bb24b7497f9","timestamp":"2025-08-12 11:46:05"}
{"level":"info","message":"找到 1 条系统消息，总数: 1","timestamp":"2025-08-12 11:46:06"}
{"level":"info","message":"找到 1 条系统消息，总数: 1","timestamp":"2025-08-12 11:46:06"}
{"level":"info","message":"用户 csyh (ID: 688839f718563bb24b7497f9) 已连接 Socket.IO","timestamp":"2025-08-12 11:46:06"}
{"level":"info","message":"用户 csyh (ID: 688839f718563bb24b7497f9) 已断开 Socket.IO 连接","timestamp":"2025-08-12 11:46:09"}
{"level":"info","message":"获取会话列表 - 请求参数: page=1, limit=10, userId=688839f718563bb24b7497f9","timestamp":"2025-08-12 11:46:11"}
{"level":"info","message":"转换后的ObjectId: 688839f718563bb24b7497f9","timestamp":"2025-08-12 11:46:11"}
{"level":"info","message":"获取会话列表 - 请求参数: page=1, limit=10, userId=688839f718563bb24b7497f9","timestamp":"2025-08-12 11:46:11"}
{"level":"info","message":"转换后的ObjectId: 688839f718563bb24b7497f9","timestamp":"2025-08-12 11:46:11"}
{"level":"info","message":"聚合查询结果: 1 个会话","timestamp":"2025-08-12 11:46:11"}
{"level":"info","message":"聚合查询结果: 1 个会话","timestamp":"2025-08-12 11:46:11"}
{"level":"info","message":"获取系统消息 - 请求参数: page=1, limit=20, userId=688839f718563bb24b7497f9","timestamp":"2025-08-12 11:46:12"}
{"level":"info","message":"获取系统消息 - 请求参数: page=1, limit=20, userId=688839f718563bb24b7497f9","timestamp":"2025-08-12 11:46:12"}
{"level":"info","message":"找到 1 条系统消息，总数: 1","timestamp":"2025-08-12 11:46:12"}
{"level":"info","message":"找到 1 条系统消息，总数: 1","timestamp":"2025-08-12 11:46:12"}
{"level":"info","message":"用户 csyh (ID: 688839f718563bb24b7497f9) 已连接 Socket.IO","timestamp":"2025-08-12 11:46:12"}
{"level":"info","message":"用户 csyh (ID: 688839f718563bb24b7497f9) 已断开 Socket.IO 连接","timestamp":"2025-08-12 11:46:13"}
{"level":"info","message":"获取会话列表 - 请求参数: page=1, limit=10, userId=688839f718563bb24b7497f9","timestamp":"2025-08-12 11:46:15"}
{"level":"info","message":"转换后的ObjectId: 688839f718563bb24b7497f9","timestamp":"2025-08-12 11:46:15"}
{"level":"info","message":"获取会话列表 - 请求参数: page=1, limit=10, userId=688839f718563bb24b7497f9","timestamp":"2025-08-12 11:46:15"}
{"level":"info","message":"转换后的ObjectId: 688839f718563bb24b7497f9","timestamp":"2025-08-12 11:46:15"}
{"level":"info","message":"聚合查询结果: 1 个会话","timestamp":"2025-08-12 11:46:16"}
{"level":"info","message":"聚合查询结果: 1 个会话","timestamp":"2025-08-12 11:46:16"}
{"level":"info","message":"获取系统消息 - 请求参数: page=1, limit=20, userId=688839f718563bb24b7497f9","timestamp":"2025-08-12 11:46:16"}
{"level":"info","message":"获取系统消息 - 请求参数: page=1, limit=20, userId=688839f718563bb24b7497f9","timestamp":"2025-08-12 11:46:16"}
{"level":"info","message":"找到 1 条系统消息，总数: 1","timestamp":"2025-08-12 11:46:16"}
{"level":"info","message":"找到 1 条系统消息，总数: 1","timestamp":"2025-08-12 11:46:16"}
{"level":"info","message":"用户 csyh (ID: 688839f718563bb24b7497f9) 已连接 Socket.IO","timestamp":"2025-08-12 11:46:16"}
{"level":"info","message":"用户 csyh (ID: 688839f718563bb24b7497f9) 已断开 Socket.IO 连接","timestamp":"2025-08-12 11:46:17"}
{"level":"info","message":"获取会话列表 - 请求参数: page=1, limit=10, userId=688839f718563bb24b7497f9","timestamp":"2025-08-12 11:47:19"}
{"level":"info","message":"转换后的ObjectId: 688839f718563bb24b7497f9","timestamp":"2025-08-12 11:47:19"}
{"level":"info","message":"获取会话列表 - 请求参数: page=1, limit=10, userId=688839f718563bb24b7497f9","timestamp":"2025-08-12 11:47:19"}
{"level":"info","message":"转换后的ObjectId: 688839f718563bb24b7497f9","timestamp":"2025-08-12 11:47:19"}
{"level":"info","message":"聚合查询结果: 1 个会话","timestamp":"2025-08-12 11:47:19"}
{"level":"info","message":"聚合查询结果: 1 个会话","timestamp":"2025-08-12 11:47:19"}
{"level":"info","message":"获取系统消息 - 请求参数: page=1, limit=20, userId=688839f718563bb24b7497f9","timestamp":"2025-08-12 11:47:20"}
{"level":"info","message":"获取系统消息 - 请求参数: page=1, limit=20, userId=688839f718563bb24b7497f9","timestamp":"2025-08-12 11:47:20"}
{"level":"info","message":"找到 1 条系统消息，总数: 1","timestamp":"2025-08-12 11:47:20"}
{"level":"info","message":"找到 1 条系统消息，总数: 1","timestamp":"2025-08-12 11:47:20"}
{"level":"info","message":"用户 csyh (ID: 688839f718563bb24b7497f9) 已连接 Socket.IO","timestamp":"2025-08-12 11:47:20"}
{"level":"info","message":"用户 csyh (ID: 688839f718563bb24b7497f9) 已断开 Socket.IO 连接","timestamp":"2025-08-12 11:47:20"}
{"level":"info","message":"用户 csyh (ID: 688839f718563bb24b7497f9) 已连接 Socket.IO","timestamp":"2025-08-12 11:47:20"}
{"level":"info","message":"用户 csyh (ID: 688839f718563bb24b7497f9) 已断开 Socket.IO 连接","timestamp":"2025-08-12 11:47:36"}
